date,product_id,product_name,category,quantity
2024-01-01,P001,Rice,Staples,46
2024-01-01,P002,Milk,Dairy,32
2024-01-01,P003,Biscuits,Packaged Foods,32
2024-01-01,P004,Cooking Oil,Cooking Essentials,22
2024-01-01,P005,Bread,Bakery,21
2024-01-01,P006,Soft Drinks,Beverages,25
2024-01-01,P007,Sweets,Confectionery,18
2024-01-01,P008,Snacks,Packaged Foods,31
2024-01-02,P001,Rice,Staples,45
2024-01-02,P002,Milk,Dairy,33
2024-01-02,P003,Biscuits,Packaged Foods,32
2024-01-02,P004,Cooking Oil,Cooking Essentials,21
2024-01-02,P005,Bread,Bakery,25
2024-01-02,P006,Soft Drinks,Beverages,31
2024-01-02,P007,Sweets,Confectionery,19
2024-01-02,P008,Snacks,Packaged Foods,30
2024-01-03,P001,Rice,Staples,46
2024-01-03,P002,Milk,Dairy,32
2024-01-03,P003,Biscuits,Packaged Foods,32
2024-01-03,P004,Cooking Oil,Cooking Essentials,20
2024-01-03,P005,Bread,Bakery,25
2024-01-03,P006,Soft Drinks,Beverages,26
2024-01-03,P007,Sweets,Confectionery,20
2024-01-03,P008,Snacks,Packaged Foods,32
2024-01-04,P001,Rice,Staples,43
2024-01-04,P002,Milk,Dairy,34
2024-01-04,P003,Biscuits,Packaged Foods,31
2024-01-04,P004,Cooking Oil,Cooking Essentials,21
2024-01-04,P005,Bread,Bakery,26
2024-01-04,P006,Soft Drinks,Beverages,29
2024-01-04,P007,Sweets,Confectionery,21
2024-01-04,P008,Snacks,Packaged Foods,31
2024-01-05,P001,Rice,Staples,43
2024-01-05,P002,Milk,Dairy,33
2024-01-05,P003,Biscuits,Packaged Foods,31
2024-01-05,P004,Cooking Oil,Cooking Essentials,22
2024-01-05,P005,Bread,Bakery,25
2024-01-05,P006,Soft Drinks,Beverages,26
2024-01-05,P007,Sweets,Confectionery,17
2024-01-05,P008,Snacks,Packaged Foods,34
2024-01-06,P001,Rice,Staples,52
2024-01-06,P002,Milk,Dairy,38
2024-01-06,P003,Biscuits,Packaged Foods,34
2024-01-06,P004,Cooking Oil,Cooking Essentials,22
2024-01-06,P005,Bread,Bakery,29
2024-01-06,P006,Soft Drinks,Beverages,37
2024-01-06,P007,Sweets,Confectionery,24
2024-01-06,P008,Snacks,Packaged Foods,41
2024-01-07,P001,Rice,Staples,52
2024-01-07,P002,Milk,Dairy,37
2024-01-07,P003,Biscuits,Packaged Foods,37
2024-01-07,P004,Cooking Oil,Cooking Essentials,23
2024-01-07,P005,Bread,Bakery,26
2024-01-07,P006,Soft Drinks,Beverages,36
2024-01-07,P007,Sweets,Confectionery,22
2024-01-07,P008,Snacks,Packaged Foods,38
2024-01-08,P001,Rice,Staples,44
2024-01-08,P002,Milk,Dairy,39
2024-01-08,P003,Biscuits,Packaged Foods,28
2024-01-08,P004,Cooking Oil,Cooking Essentials,22
2024-01-08,P005,Bread,Bakery,22
2024-01-08,P006,Soft Drinks,Beverages,27
2024-01-08,P007,Sweets,Confectionery,18
2024-01-08,P008,Snacks,Packaged Foods,34
2024-01-09,P001,Rice,Staples,48
2024-01-09,P002,Milk,Dairy,37
2024-01-09,P003,Biscuits,Packaged Foods,29
2024-01-09,P004,Cooking Oil,Cooking Essentials,19
2024-01-09,P005,Bread,Bakery,27
2024-01-09,P006,Soft Drinks,Beverages,28
2024-01-09,P007,Sweets,Confectionery,16
2024-01-09,P008,Snacks,Packaged Foods,29
2024-01-10,P001,Rice,Staples,42
2024-01-10,P002,Milk,Dairy,36
2024-01-10,P003,Biscuits,Packaged Foods,30
2024-01-10,P004,Cooking Oil,Cooking Essentials,21
2024-01-10,P005,Bread,Bakery,24
2024-01-10,P006,Soft Drinks,Beverages,28
2024-01-10,P007,Sweets,Confectionery,19
2024-01-10,P008,Snacks,Packaged Foods,31
2024-01-11,P001,Rice,Staples,47
2024-01-11,P002,Milk,Dairy,33
2024-01-11,P003,Biscuits,Packaged Foods,29
2024-01-11,P004,Cooking Oil,Cooking Essentials,19
2024-01-11,P005,Bread,Bakery,23
2024-01-11,P006,Soft Drinks,Beverages,29
2024-01-11,P007,Sweets,Confectionery,17
2024-01-11,P008,Snacks,Packaged Foods,32
2024-01-12,P001,Rice,Staples,47
2024-01-12,P002,Milk,Dairy,36
2024-01-12,P003,Biscuits,Packaged Foods,32
2024-01-12,P004,Cooking Oil,Cooking Essentials,20
2024-01-12,P005,Bread,Bakery,24
2024-01-12,P006,Soft Drinks,Beverages,28
2024-01-12,P007,Sweets,Confectionery,16
2024-01-12,P008,Snacks,Packaged Foods,28
2024-01-13,P001,Rice,Staples,45
2024-01-13,P002,Milk,Dairy,34
2024-01-13,P003,Biscuits,Packaged Foods,37
2024-01-13,P004,Cooking Oil,Cooking Essentials,20
2024-01-13,P005,Bread,Bakery,28
2024-01-13,P006,Soft Drinks,Beverages,39
2024-01-13,P007,Sweets,Confectionery,22
2024-01-13,P008,Snacks,Packaged Foods,42
2024-01-14,P001,Rice,Staples,46
2024-01-14,P002,Milk,Dairy,36
2024-01-14,P003,Biscuits,Packaged Foods,34
2024-01-14,P004,Cooking Oil,Cooking Essentials,21
2024-01-14,P005,Bread,Bakery,30
2024-01-14,P006,Soft Drinks,Beverages,33
2024-01-14,P007,Sweets,Confectionery,23
2024-01-14,P008,Snacks,Packaged Foods,41
2024-01-15,P001,Rice,Staples,43
2024-01-15,P002,Milk,Dairy,31
2024-01-15,P003,Biscuits,Packaged Foods,30
2024-01-15,P004,Cooking Oil,Cooking Essentials,19
2024-01-15,P005,Bread,Bakery,25
2024-01-15,P006,Soft Drinks,Beverages,28
2024-01-15,P007,Sweets,Confectionery,20
2024-01-15,P008,Snacks,Packaged Foods,31
2024-01-16,P001,Rice,Staples,41
2024-01-16,P002,Milk,Dairy,36
2024-01-16,P003,Biscuits,Packaged Foods,31
2024-01-16,P004,Cooking Oil,Cooking Essentials,22
2024-01-16,P005,Bread,Bakery,27
2024-01-16,P006,Soft Drinks,Beverages,29
2024-01-16,P007,Sweets,Confectionery,20
2024-01-16,P008,Snacks,Packaged Foods,29
2024-01-17,P001,Rice,Staples,43
2024-01-17,P002,Milk,Dairy,32
2024-01-17,P003,Biscuits,Packaged Foods,29
2024-01-17,P004,Cooking Oil,Cooking Essentials,18
2024-01-17,P005,Bread,Bakery,26
2024-01-17,P006,Soft Drinks,Beverages,28
2024-01-17,P007,Sweets,Confectionery,16
2024-01-17,P008,Snacks,Packaged Foods,29
2024-01-18,P001,Rice,Staples,46
2024-01-18,P002,Milk,Dairy,37
2024-01-18,P003,Biscuits,Packaged Foods,35
2024-01-18,P004,Cooking Oil,Cooking Essentials,25
2024-01-18,P005,Bread,Bakery,26
2024-01-18,P006,Soft Drinks,Beverages,26
2024-01-18,P007,Sweets,Confectionery,15
2024-01-18,P008,Snacks,Packaged Foods,33
2024-01-19,P001,Rice,Staples,42
2024-01-19,P002,Milk,Dairy,34
2024-01-19,P003,Biscuits,Packaged Foods,29
2024-01-19,P004,Cooking Oil,Cooking Essentials,20
2024-01-19,P005,Bread,Bakery,27
2024-01-19,P006,Soft Drinks,Beverages,28
2024-01-19,P007,Sweets,Confectionery,18
2024-01-19,P008,Snacks,Packaged Foods,29
2024-01-20,P001,Rice,Staples,43
2024-01-20,P002,Milk,Dairy,35
2024-01-20,P003,Biscuits,Packaged Foods,36
2024-01-20,P004,Cooking Oil,Cooking Essentials,24
2024-01-20,P005,Bread,Bakery,29
2024-01-20,P006,Soft Drinks,Beverages,39
2024-01-20,P007,Sweets,Confectionery,22
2024-01-20,P008,Snacks,Packaged Foods,37
2024-01-21,P001,Rice,Staples,46
2024-01-21,P002,Milk,Dairy,35
2024-01-21,P003,Biscuits,Packaged Foods,41
2024-01-21,P004,Cooking Oil,Cooking Essentials,20
2024-01-21,P005,Bread,Bakery,30
2024-01-21,P006,Soft Drinks,Beverages,34
2024-01-21,P007,Sweets,Confectionery,24
2024-01-21,P008,Snacks,Packaged Foods,41
2024-01-22,P001,Rice,Staples,44
2024-01-22,P002,Milk,Dairy,35
2024-01-22,P003,Biscuits,Packaged Foods,28
2024-01-22,P004,Cooking Oil,Cooking Essentials,21
2024-01-22,P005,Bread,Bakery,24
2024-01-22,P006,Soft Drinks,Beverages,25
2024-01-22,P007,Sweets,Confectionery,16
2024-01-22,P008,Snacks,Packaged Foods,32
2024-01-23,P001,Rice,Staples,51
2024-01-23,P002,Milk,Dairy,35
2024-01-23,P003,Biscuits,Packaged Foods,30
2024-01-23,P004,Cooking Oil,Cooking Essentials,20
2024-01-23,P005,Bread,Bakery,28
2024-01-23,P006,Soft Drinks,Beverages,28
2024-01-23,P007,Sweets,Confectionery,17
2024-01-23,P008,Snacks,Packaged Foods,35
2024-01-24,P001,Rice,Staples,47
2024-01-24,P002,Milk,Dairy,39
2024-01-24,P003,Biscuits,Packaged Foods,30
2024-01-24,P004,Cooking Oil,Cooking Essentials,18
2024-01-24,P005,Bread,Bakery,22
2024-01-24,P006,Soft Drinks,Beverages,32
2024-01-24,P007,Sweets,Confectionery,20
2024-01-24,P008,Snacks,Packaged Foods,32
2024-01-25,P001,Rice,Staples,44
2024-01-25,P002,Milk,Dairy,39
2024-01-25,P003,Biscuits,Packaged Foods,27
2024-01-25,P004,Cooking Oil,Cooking Essentials,19
2024-01-25,P005,Bread,Bakery,26
2024-01-25,P006,Soft Drinks,Beverages,27
2024-01-25,P007,Sweets,Confectionery,18
2024-01-25,P008,Snacks,Packaged Foods,32
2024-01-26,P001,Rice,Staples,53
2024-01-26,P002,Milk,Dairy,44
2024-01-26,P003,Biscuits,Packaged Foods,35
2024-01-26,P004,Cooking Oil,Cooking Essentials,24
2024-01-26,P005,Bread,Bakery,25
2024-01-26,P006,Soft Drinks,Beverages,32
2024-01-26,P007,Sweets,Confectionery,19
2024-01-26,P008,Snacks,Packaged Foods,34
2024-01-27,P001,Rice,Staples,46
2024-01-27,P002,Milk,Dairy,36
2024-01-27,P003,Biscuits,Packaged Foods,38
2024-01-27,P004,Cooking Oil,Cooking Essentials,19
2024-01-27,P005,Bread,Bakery,29
2024-01-27,P006,Soft Drinks,Beverages,35
2024-01-27,P007,Sweets,Confectionery,22
2024-01-27,P008,Snacks,Packaged Foods,43
2024-01-28,P001,Rice,Staples,51
2024-01-28,P002,Milk,Dairy,40
2024-01-28,P003,Biscuits,Packaged Foods,36
2024-01-28,P004,Cooking Oil,Cooking Essentials,20
2024-01-28,P005,Bread,Bakery,28
2024-01-28,P006,Soft Drinks,Beverages,37
2024-01-28,P007,Sweets,Confectionery,23
2024-01-28,P008,Snacks,Packaged Foods,37
2024-01-29,P001,Rice,Staples,45
2024-01-29,P002,Milk,Dairy,36
2024-01-29,P003,Biscuits,Packaged Foods,36
2024-01-29,P004,Cooking Oil,Cooking Essentials,23
2024-01-29,P005,Bread,Bakery,23
2024-01-29,P006,Soft Drinks,Beverages,27
2024-01-29,P007,Sweets,Confectionery,16
2024-01-29,P008,Snacks,Packaged Foods,30
2024-01-30,P001,Rice,Staples,46
2024-01-30,P002,Milk,Dairy,38
2024-01-30,P003,Biscuits,Packaged Foods,28
2024-01-30,P004,Cooking Oil,Cooking Essentials,19
2024-01-30,P005,Bread,Bakery,21
2024-01-30,P006,Soft Drinks,Beverages,28
2024-01-30,P007,Sweets,Confectionery,16
2024-01-30,P008,Snacks,Packaged Foods,31
2024-01-31,P001,Rice,Staples,42
2024-01-31,P002,Milk,Dairy,35
2024-01-31,P003,Biscuits,Packaged Foods,26
2024-01-31,P004,Cooking Oil,Cooking Essentials,18
2024-01-31,P005,Bread,Bakery,29
2024-01-31,P006,Soft Drinks,Beverages,25
2024-01-31,P007,Sweets,Confectionery,16
2024-01-31,P008,Snacks,Packaged Foods,37
2024-02-01,P001,Rice,Staples,55
2024-02-01,P002,Milk,Dairy,32
2024-02-01,P003,Biscuits,Packaged Foods,29
2024-02-01,P004,Cooking Oil,Cooking Essentials,21
2024-02-01,P005,Bread,Bakery,28
2024-02-01,P006,Soft Drinks,Beverages,26
2024-02-01,P007,Sweets,Confectionery,18
2024-02-01,P008,Snacks,Packaged Foods,34
2024-02-02,P001,Rice,Staples,47
2024-02-02,P002,Milk,Dairy,34
2024-02-02,P003,Biscuits,Packaged Foods,30
2024-02-02,P004,Cooking Oil,Cooking Essentials,18
2024-02-02,P005,Bread,Bakery,25
2024-02-02,P006,Soft Drinks,Beverages,27
2024-02-02,P007,Sweets,Confectionery,18
2024-02-02,P008,Snacks,Packaged Foods,31
2024-02-03,P001,Rice,Staples,51
2024-02-03,P002,Milk,Dairy,40
2024-02-03,P003,Biscuits,Packaged Foods,36
2024-02-03,P004,Cooking Oil,Cooking Essentials,22
2024-02-03,P005,Bread,Bakery,29
2024-02-03,P006,Soft Drinks,Beverages,36
2024-02-03,P007,Sweets,Confectionery,21
2024-02-03,P008,Snacks,Packaged Foods,41
2024-02-04,P001,Rice,Staples,49
2024-02-04,P002,Milk,Dairy,43
2024-02-04,P003,Biscuits,Packaged Foods,40
2024-02-04,P004,Cooking Oil,Cooking Essentials,22
2024-02-04,P005,Bread,Bakery,27
2024-02-04,P006,Soft Drinks,Beverages,34
2024-02-04,P007,Sweets,Confectionery,24
2024-02-04,P008,Snacks,Packaged Foods,41
2024-02-05,P001,Rice,Staples,47
2024-02-05,P002,Milk,Dairy,30
2024-02-05,P003,Biscuits,Packaged Foods,32
2024-02-05,P004,Cooking Oil,Cooking Essentials,21
2024-02-05,P005,Bread,Bakery,23
2024-02-05,P006,Soft Drinks,Beverages,27
2024-02-05,P007,Sweets,Confectionery,18
2024-02-05,P008,Snacks,Packaged Foods,32
2024-02-06,P001,Rice,Staples,44
2024-02-06,P002,Milk,Dairy,35
2024-02-06,P003,Biscuits,Packaged Foods,29
2024-02-06,P004,Cooking Oil,Cooking Essentials,20
2024-02-06,P005,Bread,Bakery,28
2024-02-06,P006,Soft Drinks,Beverages,22
2024-02-06,P007,Sweets,Confectionery,18
2024-02-06,P008,Snacks,Packaged Foods,32
2024-02-07,P001,Rice,Staples,46
2024-02-07,P002,Milk,Dairy,34
2024-02-07,P003,Biscuits,Packaged Foods,26
2024-02-07,P004,Cooking Oil,Cooking Essentials,21
2024-02-07,P005,Bread,Bakery,28
2024-02-07,P006,Soft Drinks,Beverages,25
2024-02-07,P007,Sweets,Confectionery,19
2024-02-07,P008,Snacks,Packaged Foods,31
2024-02-08,P001,Rice,Staples,45
2024-02-08,P002,Milk,Dairy,32
2024-02-08,P003,Biscuits,Packaged Foods,29
2024-02-08,P004,Cooking Oil,Cooking Essentials,22
2024-02-08,P005,Bread,Bakery,26
2024-02-08,P006,Soft Drinks,Beverages,32
2024-02-08,P007,Sweets,Confectionery,20
2024-02-08,P008,Snacks,Packaged Foods,33
2024-02-09,P001,Rice,Staples,51
2024-02-09,P002,Milk,Dairy,36
2024-02-09,P003,Biscuits,Packaged Foods,32
2024-02-09,P004,Cooking Oil,Cooking Essentials,20
2024-02-09,P005,Bread,Bakery,25
2024-02-09,P006,Soft Drinks,Beverages,26
2024-02-09,P007,Sweets,Confectionery,19
2024-02-09,P008,Snacks,Packaged Foods,29
2024-02-10,P001,Rice,Staples,52
2024-02-10,P002,Milk,Dairy,36
2024-02-10,P003,Biscuits,Packaged Foods,39
2024-02-10,P004,Cooking Oil,Cooking Essentials,23
2024-02-10,P005,Bread,Bakery,32
2024-02-10,P006,Soft Drinks,Beverages,38
2024-02-10,P007,Sweets,Confectionery,20
2024-02-10,P008,Snacks,Packaged Foods,40
2024-02-11,P001,Rice,Staples,45
2024-02-11,P002,Milk,Dairy,35
2024-02-11,P003,Biscuits,Packaged Foods,40
2024-02-11,P004,Cooking Oil,Cooking Essentials,23
2024-02-11,P005,Bread,Bakery,27
2024-02-11,P006,Soft Drinks,Beverages,34
2024-02-11,P007,Sweets,Confectionery,23
2024-02-11,P008,Snacks,Packaged Foods,37
2024-02-12,P001,Rice,Staples,43
2024-02-12,P002,Milk,Dairy,36
2024-02-12,P003,Biscuits,Packaged Foods,33
2024-02-12,P004,Cooking Oil,Cooking Essentials,21
2024-02-12,P005,Bread,Bakery,20
2024-02-12,P006,Soft Drinks,Beverages,29
2024-02-12,P007,Sweets,Confectionery,18
2024-02-12,P008,Snacks,Packaged Foods,33
2024-02-13,P001,Rice,Staples,51
2024-02-13,P002,Milk,Dairy,29
2024-02-13,P003,Biscuits,Packaged Foods,29
2024-02-13,P004,Cooking Oil,Cooking Essentials,21
2024-02-13,P005,Bread,Bakery,22
2024-02-13,P006,Soft Drinks,Beverages,31
2024-02-13,P007,Sweets,Confectionery,19
2024-02-13,P008,Snacks,Packaged Foods,34
2024-02-14,P001,Rice,Staples,43
2024-02-14,P002,Milk,Dairy,37
2024-02-14,P003,Biscuits,Packaged Foods,33
2024-02-14,P004,Cooking Oil,Cooking Essentials,20
2024-02-14,P005,Bread,Bakery,25
2024-02-14,P006,Soft Drinks,Beverages,29
2024-02-14,P007,Sweets,Confectionery,17
2024-02-14,P008,Snacks,Packaged Foods,32
2024-02-15,P001,Rice,Staples,44
2024-02-15,P002,Milk,Dairy,36
2024-02-15,P003,Biscuits,Packaged Foods,32
2024-02-15,P004,Cooking Oil,Cooking Essentials,18
2024-02-15,P005,Bread,Bakery,25
2024-02-15,P006,Soft Drinks,Beverages,31
2024-02-15,P007,Sweets,Confectionery,17
2024-02-15,P008,Snacks,Packaged Foods,30
2024-02-16,P001,Rice,Staples,46
2024-02-16,P002,Milk,Dairy,37
2024-02-16,P003,Biscuits,Packaged Foods,30
2024-02-16,P004,Cooking Oil,Cooking Essentials,22
2024-02-16,P005,Bread,Bakery,27
2024-02-16,P006,Soft Drinks,Beverages,30
2024-02-16,P007,Sweets,Confectionery,19
2024-02-16,P008,Snacks,Packaged Foods,38
2024-02-17,P001,Rice,Staples,49
2024-02-17,P002,Milk,Dairy,31
2024-02-17,P003,Biscuits,Packaged Foods,40
2024-02-17,P004,Cooking Oil,Cooking Essentials,21
2024-02-17,P005,Bread,Bakery,29
2024-02-17,P006,Soft Drinks,Beverages,39
2024-02-17,P007,Sweets,Confectionery,20
2024-02-17,P008,Snacks,Packaged Foods,37
2024-02-18,P001,Rice,Staples,44
2024-02-18,P002,Milk,Dairy,35
2024-02-18,P003,Biscuits,Packaged Foods,37
2024-02-18,P004,Cooking Oil,Cooking Essentials,22
2024-02-18,P005,Bread,Bakery,29
2024-02-18,P006,Soft Drinks,Beverages,33
2024-02-18,P007,Sweets,Confectionery,19
2024-02-18,P008,Snacks,Packaged Foods,40
2024-02-19,P001,Rice,Staples,43
2024-02-19,P002,Milk,Dairy,36
2024-02-19,P003,Biscuits,Packaged Foods,32
2024-02-19,P004,Cooking Oil,Cooking Essentials,20
2024-02-19,P005,Bread,Bakery,27
2024-02-19,P006,Soft Drinks,Beverages,29
2024-02-19,P007,Sweets,Confectionery,19
2024-02-19,P008,Snacks,Packaged Foods,30
2024-02-20,P001,Rice,Staples,44
2024-02-20,P002,Milk,Dairy,36
2024-02-20,P003,Biscuits,Packaged Foods,32
2024-02-20,P004,Cooking Oil,Cooking Essentials,19
2024-02-20,P005,Bread,Bakery,26
2024-02-20,P006,Soft Drinks,Beverages,27
2024-02-20,P007,Sweets,Confectionery,18
2024-02-20,P008,Snacks,Packaged Foods,34
2024-02-21,P001,Rice,Staples,38
2024-02-21,P002,Milk,Dairy,31
2024-02-21,P003,Biscuits,Packaged Foods,26
2024-02-21,P004,Cooking Oil,Cooking Essentials,16
2024-02-21,P005,Bread,Bakery,24
2024-02-21,P006,Soft Drinks,Beverages,30
2024-02-21,P007,Sweets,Confectionery,18
2024-02-21,P008,Snacks,Packaged Foods,33
2024-02-22,P001,Rice,Staples,49
2024-02-22,P002,Milk,Dairy,39
2024-02-22,P003,Biscuits,Packaged Foods,30
2024-02-22,P004,Cooking Oil,Cooking Essentials,22
2024-02-22,P005,Bread,Bakery,25
2024-02-22,P006,Soft Drinks,Beverages,26
2024-02-22,P007,Sweets,Confectionery,17
2024-02-22,P008,Snacks,Packaged Foods,28
2024-02-23,P001,Rice,Staples,42
2024-02-23,P002,Milk,Dairy,34
2024-02-23,P003,Biscuits,Packaged Foods,32
2024-02-23,P004,Cooking Oil,Cooking Essentials,23
2024-02-23,P005,Bread,Bakery,22
2024-02-23,P006,Soft Drinks,Beverages,29
2024-02-23,P007,Sweets,Confectionery,17
2024-02-23,P008,Snacks,Packaged Foods,33
2024-02-24,P001,Rice,Staples,49
2024-02-24,P002,Milk,Dairy,32
2024-02-24,P003,Biscuits,Packaged Foods,38
2024-02-24,P004,Cooking Oil,Cooking Essentials,21
2024-02-24,P005,Bread,Bakery,28
2024-02-24,P006,Soft Drinks,Beverages,34
2024-02-24,P007,Sweets,Confectionery,22
2024-02-24,P008,Snacks,Packaged Foods,41
2024-02-25,P001,Rice,Staples,49
2024-02-25,P002,Milk,Dairy,38
2024-02-25,P003,Biscuits,Packaged Foods,37
2024-02-25,P004,Cooking Oil,Cooking Essentials,24
2024-02-25,P005,Bread,Bakery,28
2024-02-25,P006,Soft Drinks,Beverages,33
2024-02-25,P007,Sweets,Confectionery,24
2024-02-25,P008,Snacks,Packaged Foods,39
2024-02-26,P001,Rice,Staples,49
2024-02-26,P002,Milk,Dairy,36
2024-02-26,P003,Biscuits,Packaged Foods,30
2024-02-26,P004,Cooking Oil,Cooking Essentials,21
2024-02-26,P005,Bread,Bakery,29
2024-02-26,P006,Soft Drinks,Beverages,33
2024-02-26,P007,Sweets,Confectionery,18
2024-02-26,P008,Snacks,Packaged Foods,32
2024-02-27,P001,Rice,Staples,49
2024-02-27,P002,Milk,Dairy,33
2024-02-27,P003,Biscuits,Packaged Foods,31
2024-02-27,P004,Cooking Oil,Cooking Essentials,20
2024-02-27,P005,Bread,Bakery,26
2024-02-27,P006,Soft Drinks,Beverages,26
2024-02-27,P007,Sweets,Confectionery,16
2024-02-27,P008,Snacks,Packaged Foods,27
2024-02-28,P001,Rice,Staples,41
2024-02-28,P002,Milk,Dairy,34
2024-02-28,P003,Biscuits,Packaged Foods,29
2024-02-28,P004,Cooking Oil,Cooking Essentials,23
2024-02-28,P005,Bread,Bakery,27
2024-02-28,P006,Soft Drinks,Beverages,26
2024-02-28,P007,Sweets,Confectionery,19
2024-02-28,P008,Snacks,Packaged Foods,31
2024-02-29,P001,Rice,Staples,45
2024-02-29,P002,Milk,Dairy,36
2024-02-29,P003,Biscuits,Packaged Foods,32
2024-02-29,P004,Cooking Oil,Cooking Essentials,20
2024-02-29,P005,Bread,Bakery,28
2024-02-29,P006,Soft Drinks,Beverages,27
2024-02-29,P007,Sweets,Confectionery,19
2024-02-29,P008,Snacks,Packaged Foods,40
2024-03-01,P001,Rice,Staples,48
2024-03-01,P002,Milk,Dairy,40
2024-03-01,P003,Biscuits,Packaged Foods,31
2024-03-01,P004,Cooking Oil,Cooking Essentials,22
2024-03-01,P005,Bread,Bakery,26
2024-03-01,P006,Soft Drinks,Beverages,30
2024-03-01,P007,Sweets,Confectionery,19
2024-03-01,P008,Snacks,Packaged Foods,36
2024-03-02,P001,Rice,Staples,49
2024-03-02,P002,Milk,Dairy,41
2024-03-02,P003,Biscuits,Packaged Foods,41
2024-03-02,P004,Cooking Oil,Cooking Essentials,23
2024-03-02,P005,Bread,Bakery,30
2024-03-02,P006,Soft Drinks,Beverages,43
2024-03-02,P007,Sweets,Confectionery,25
2024-03-02,P008,Snacks,Packaged Foods,48
2024-03-03,P001,Rice,Staples,47
2024-03-03,P002,Milk,Dairy,39
2024-03-03,P003,Biscuits,Packaged Foods,34
2024-03-03,P004,Cooking Oil,Cooking Essentials,21
2024-03-03,P005,Bread,Bakery,34
2024-03-03,P006,Soft Drinks,Beverages,46
2024-03-03,P007,Sweets,Confectionery,26
2024-03-03,P008,Snacks,Packaged Foods,44
2024-03-04,P001,Rice,Staples,50
2024-03-04,P002,Milk,Dairy,46
2024-03-04,P003,Biscuits,Packaged Foods,46
2024-03-04,P004,Cooking Oil,Cooking Essentials,28
2024-03-04,P005,Bread,Bakery,33
2024-03-04,P006,Soft Drinks,Beverages,45
2024-03-04,P007,Sweets,Confectionery,26
2024-03-04,P008,Snacks,Packaged Foods,49
2024-03-05,P001,Rice,Staples,45
2024-03-05,P002,Milk,Dairy,35
2024-03-05,P003,Biscuits,Packaged Foods,32
2024-03-05,P004,Cooking Oil,Cooking Essentials,21
2024-03-05,P005,Bread,Bakery,26
2024-03-05,P006,Soft Drinks,Beverages,26
2024-03-05,P007,Sweets,Confectionery,19
2024-03-05,P008,Snacks,Packaged Foods,36
2024-03-06,P001,Rice,Staples,42
2024-03-06,P002,Milk,Dairy,33
2024-03-06,P003,Biscuits,Packaged Foods,33
2024-03-06,P004,Cooking Oil,Cooking Essentials,20
2024-03-06,P005,Bread,Bakery,28
2024-03-06,P006,Soft Drinks,Beverages,27
2024-03-06,P007,Sweets,Confectionery,20
2024-03-06,P008,Snacks,Packaged Foods,32
2024-03-07,P001,Rice,Staples,46
2024-03-07,P002,Milk,Dairy,39
2024-03-07,P003,Biscuits,Packaged Foods,29
2024-03-07,P004,Cooking Oil,Cooking Essentials,18
2024-03-07,P005,Bread,Bakery,24
2024-03-07,P006,Soft Drinks,Beverages,29
2024-03-07,P007,Sweets,Confectionery,16
2024-03-07,P008,Snacks,Packaged Foods,34
2024-03-08,P001,Rice,Staples,43
2024-03-08,P002,Milk,Dairy,38
2024-03-08,P003,Biscuits,Packaged Foods,24
2024-03-08,P004,Cooking Oil,Cooking Essentials,19
2024-03-08,P005,Bread,Bakery,22
2024-03-08,P006,Soft Drinks,Beverages,26
2024-03-08,P007,Sweets,Confectionery,18
2024-03-08,P008,Snacks,Packaged Foods,32
2024-03-09,P001,Rice,Staples,49
2024-03-09,P002,Milk,Dairy,36
2024-03-09,P003,Biscuits,Packaged Foods,36
2024-03-09,P004,Cooking Oil,Cooking Essentials,20
2024-03-09,P005,Bread,Bakery,30
2024-03-09,P006,Soft Drinks,Beverages,38
2024-03-09,P007,Sweets,Confectionery,23
2024-03-09,P008,Snacks,Packaged Foods,41
2024-03-10,P001,Rice,Staples,51
2024-03-10,P002,Milk,Dairy,42
2024-03-10,P003,Biscuits,Packaged Foods,36
2024-03-10,P004,Cooking Oil,Cooking Essentials,21
2024-03-10,P005,Bread,Bakery,27
2024-03-10,P006,Soft Drinks,Beverages,34
2024-03-10,P007,Sweets,Confectionery,21
2024-03-10,P008,Snacks,Packaged Foods,38
2024-03-11,P001,Rice,Staples,45
2024-03-11,P002,Milk,Dairy,36
2024-03-11,P003,Biscuits,Packaged Foods,30
2024-03-11,P004,Cooking Oil,Cooking Essentials,19
2024-03-11,P005,Bread,Bakery,27
2024-03-11,P006,Soft Drinks,Beverages,30
2024-03-11,P007,Sweets,Confectionery,18
2024-03-11,P008,Snacks,Packaged Foods,30
2024-03-12,P001,Rice,Staples,47
2024-03-12,P002,Milk,Dairy,36
2024-03-12,P003,Biscuits,Packaged Foods,27
2024-03-12,P004,Cooking Oil,Cooking Essentials,20
2024-03-12,P005,Bread,Bakery,26
2024-03-12,P006,Soft Drinks,Beverages,26
2024-03-12,P007,Sweets,Confectionery,18
2024-03-12,P008,Snacks,Packaged Foods,28
2024-03-13,P001,Rice,Staples,50
2024-03-13,P002,Milk,Dairy,38
2024-03-13,P003,Biscuits,Packaged Foods,29
2024-03-13,P004,Cooking Oil,Cooking Essentials,21
2024-03-13,P005,Bread,Bakery,20
2024-03-13,P006,Soft Drinks,Beverages,25
2024-03-13,P007,Sweets,Confectionery,18
2024-03-13,P008,Snacks,Packaged Foods,29
2024-03-14,P001,Rice,Staples,48
2024-03-14,P002,Milk,Dairy,41
2024-03-14,P003,Biscuits,Packaged Foods,27
2024-03-14,P004,Cooking Oil,Cooking Essentials,19
2024-03-14,P005,Bread,Bakery,25
2024-03-14,P006,Soft Drinks,Beverages,32
2024-03-14,P007,Sweets,Confectionery,16
2024-03-14,P008,Snacks,Packaged Foods,33
2024-03-15,P001,Rice,Staples,52
2024-03-15,P002,Milk,Dairy,30
2024-03-15,P003,Biscuits,Packaged Foods,27
2024-03-15,P004,Cooking Oil,Cooking Essentials,19
2024-03-15,P005,Bread,Bakery,24
2024-03-15,P006,Soft Drinks,Beverages,30
2024-03-15,P007,Sweets,Confectionery,18
2024-03-15,P008,Snacks,Packaged Foods,27
2024-03-16,P001,Rice,Staples,51
2024-03-16,P002,Milk,Dairy,35
2024-03-16,P003,Biscuits,Packaged Foods,39
2024-03-16,P004,Cooking Oil,Cooking Essentials,21
2024-03-16,P005,Bread,Bakery,27
2024-03-16,P006,Soft Drinks,Beverages,38
2024-03-16,P007,Sweets,Confectionery,24
2024-03-16,P008,Snacks,Packaged Foods,41
2024-03-17,P001,Rice,Staples,43
2024-03-17,P002,Milk,Dairy,38
2024-03-17,P003,Biscuits,Packaged Foods,34
2024-03-17,P004,Cooking Oil,Cooking Essentials,22
2024-03-17,P005,Bread,Bakery,26
2024-03-17,P006,Soft Drinks,Beverages,37
2024-03-17,P007,Sweets,Confectionery,21
2024-03-17,P008,Snacks,Packaged Foods,37
2024-03-18,P001,Rice,Staples,48
2024-03-18,P002,Milk,Dairy,36
2024-03-18,P003,Biscuits,Packaged Foods,29
2024-03-18,P004,Cooking Oil,Cooking Essentials,22
2024-03-18,P005,Bread,Bakery,24
2024-03-18,P006,Soft Drinks,Beverages,28
2024-03-18,P007,Sweets,Confectionery,18
2024-03-18,P008,Snacks,Packaged Foods,30
2024-03-19,P001,Rice,Staples,47
2024-03-19,P002,Milk,Dairy,34
2024-03-19,P003,Biscuits,Packaged Foods,29
2024-03-19,P004,Cooking Oil,Cooking Essentials,22
2024-03-19,P005,Bread,Bakery,23
2024-03-19,P006,Soft Drinks,Beverages,23
2024-03-19,P007,Sweets,Confectionery,20
2024-03-19,P008,Snacks,Packaged Foods,39
2024-03-20,P001,Rice,Staples,44
2024-03-20,P002,Milk,Dairy,30
2024-03-20,P003,Biscuits,Packaged Foods,29
2024-03-20,P004,Cooking Oil,Cooking Essentials,20
2024-03-20,P005,Bread,Bakery,25
2024-03-20,P006,Soft Drinks,Beverages,26
2024-03-20,P007,Sweets,Confectionery,19
2024-03-20,P008,Snacks,Packaged Foods,33
2024-03-21,P001,Rice,Staples,40
2024-03-21,P002,Milk,Dairy,37
2024-03-21,P003,Biscuits,Packaged Foods,35
2024-03-21,P004,Cooking Oil,Cooking Essentials,20
2024-03-21,P005,Bread,Bakery,24
2024-03-21,P006,Soft Drinks,Beverages,28
2024-03-21,P007,Sweets,Confectionery,19
2024-03-21,P008,Snacks,Packaged Foods,28
2024-03-22,P001,Rice,Staples,46
2024-03-22,P002,Milk,Dairy,34
2024-03-22,P003,Biscuits,Packaged Foods,34
2024-03-22,P004,Cooking Oil,Cooking Essentials,20
2024-03-22,P005,Bread,Bakery,28
2024-03-22,P006,Soft Drinks,Beverages,26
2024-03-22,P007,Sweets,Confectionery,19
2024-03-22,P008,Snacks,Packaged Foods,33
2024-03-23,P001,Rice,Staples,46
2024-03-23,P002,Milk,Dairy,37
2024-03-23,P003,Biscuits,Packaged Foods,39
2024-03-23,P004,Cooking Oil,Cooking Essentials,21
2024-03-23,P005,Bread,Bakery,25
2024-03-23,P006,Soft Drinks,Beverages,36
2024-03-23,P007,Sweets,Confectionery,21
2024-03-23,P008,Snacks,Packaged Foods,39
2024-03-24,P001,Rice,Staples,49
2024-03-24,P002,Milk,Dairy,32
2024-03-24,P003,Biscuits,Packaged Foods,32
2024-03-24,P004,Cooking Oil,Cooking Essentials,22
2024-03-24,P005,Bread,Bakery,28
2024-03-24,P006,Soft Drinks,Beverages,31
2024-03-24,P007,Sweets,Confectionery,24
2024-03-24,P008,Snacks,Packaged Foods,41
2024-03-25,P001,Rice,Staples,42
2024-03-25,P002,Milk,Dairy,31
2024-03-25,P003,Biscuits,Packaged Foods,32
2024-03-25,P004,Cooking Oil,Cooking Essentials,21
2024-03-25,P005,Bread,Bakery,30
2024-03-25,P006,Soft Drinks,Beverages,29
2024-03-25,P007,Sweets,Confectionery,19
2024-03-25,P008,Snacks,Packaged Foods,32
2024-03-26,P001,Rice,Staples,48
2024-03-26,P002,Milk,Dairy,37
2024-03-26,P003,Biscuits,Packaged Foods,33
2024-03-26,P004,Cooking Oil,Cooking Essentials,19
2024-03-26,P005,Bread,Bakery,24
2024-03-26,P006,Soft Drinks,Beverages,27
2024-03-26,P007,Sweets,Confectionery,19
2024-03-26,P008,Snacks,Packaged Foods,36
2024-03-27,P001,Rice,Staples,43
2024-03-27,P002,Milk,Dairy,34
2024-03-27,P003,Biscuits,Packaged Foods,31
2024-03-27,P004,Cooking Oil,Cooking Essentials,20
2024-03-27,P005,Bread,Bakery,27
2024-03-27,P006,Soft Drinks,Beverages,23
2024-03-27,P007,Sweets,Confectionery,17
2024-03-27,P008,Snacks,Packaged Foods,30
2024-03-28,P001,Rice,Staples,37
2024-03-28,P002,Milk,Dairy,32
2024-03-28,P003,Biscuits,Packaged Foods,28
2024-03-28,P004,Cooking Oil,Cooking Essentials,20
2024-03-28,P005,Bread,Bakery,27
2024-03-28,P006,Soft Drinks,Beverages,27
2024-03-28,P007,Sweets,Confectionery,17
2024-03-28,P008,Snacks,Packaged Foods,32
2024-03-29,P001,Rice,Staples,49
2024-03-29,P002,Milk,Dairy,32
2024-03-29,P003,Biscuits,Packaged Foods,28
2024-03-29,P004,Cooking Oil,Cooking Essentials,21
2024-03-29,P005,Bread,Bakery,25
2024-03-29,P006,Soft Drinks,Beverages,29
2024-03-29,P007,Sweets,Confectionery,18
2024-03-29,P008,Snacks,Packaged Foods,34
2024-03-30,P001,Rice,Staples,46
2024-03-30,P002,Milk,Dairy,37
2024-03-30,P003,Biscuits,Packaged Foods,35
2024-03-30,P004,Cooking Oil,Cooking Essentials,20
2024-03-30,P005,Bread,Bakery,26
2024-03-30,P006,Soft Drinks,Beverages,38
2024-03-30,P007,Sweets,Confectionery,22
2024-03-30,P008,Snacks,Packaged Foods,37
2024-03-31,P001,Rice,Staples,49
2024-03-31,P002,Milk,Dairy,40
2024-03-31,P003,Biscuits,Packaged Foods,31
2024-03-31,P004,Cooking Oil,Cooking Essentials,19
2024-03-31,P005,Bread,Bakery,27
2024-03-31,P006,Soft Drinks,Beverages,40
2024-03-31,P007,Sweets,Confectionery,23
2024-03-31,P008,Snacks,Packaged Foods,42
2024-04-01,P001,Rice,Staples,41
2024-04-01,P002,Milk,Dairy,32
2024-04-01,P003,Biscuits,Packaged Foods,31
2024-04-01,P004,Cooking Oil,Cooking Essentials,20
2024-04-01,P005,Bread,Bakery,26
2024-04-01,P006,Soft Drinks,Beverages,28
2024-04-01,P007,Sweets,Confectionery,18
2024-04-01,P008,Snacks,Packaged Foods,32
2024-04-02,P001,Rice,Staples,48
2024-04-02,P002,Milk,Dairy,37
2024-04-02,P003,Biscuits,Packaged Foods,26
2024-04-02,P004,Cooking Oil,Cooking Essentials,16
2024-04-02,P005,Bread,Bakery,27
2024-04-02,P006,Soft Drinks,Beverages,31
2024-04-02,P007,Sweets,Confectionery,17
2024-04-02,P008,Snacks,Packaged Foods,27
2024-04-03,P001,Rice,Staples,45
2024-04-03,P002,Milk,Dairy,38
2024-04-03,P003,Biscuits,Packaged Foods,34
2024-04-03,P004,Cooking Oil,Cooking Essentials,21
2024-04-03,P005,Bread,Bakery,24
2024-04-03,P006,Soft Drinks,Beverages,26
2024-04-03,P007,Sweets,Confectionery,18
2024-04-03,P008,Snacks,Packaged Foods,31
2024-04-04,P001,Rice,Staples,41
2024-04-04,P002,Milk,Dairy,41
2024-04-04,P003,Biscuits,Packaged Foods,34
2024-04-04,P004,Cooking Oil,Cooking Essentials,22
2024-04-04,P005,Bread,Bakery,23
2024-04-04,P006,Soft Drinks,Beverages,30
2024-04-04,P007,Sweets,Confectionery,19
2024-04-04,P008,Snacks,Packaged Foods,33
2024-04-05,P001,Rice,Staples,49
2024-04-05,P002,Milk,Dairy,37
2024-04-05,P003,Biscuits,Packaged Foods,32
2024-04-05,P004,Cooking Oil,Cooking Essentials,21
2024-04-05,P005,Bread,Bakery,26
2024-04-05,P006,Soft Drinks,Beverages,24
2024-04-05,P007,Sweets,Confectionery,18
2024-04-05,P008,Snacks,Packaged Foods,31
2024-04-06,P001,Rice,Staples,45
2024-04-06,P002,Milk,Dairy,41
2024-04-06,P003,Biscuits,Packaged Foods,40
2024-04-06,P004,Cooking Oil,Cooking Essentials,24
2024-04-06,P005,Bread,Bakery,29
2024-04-06,P006,Soft Drinks,Beverages,39
2024-04-06,P007,Sweets,Confectionery,23
2024-04-06,P008,Snacks,Packaged Foods,41
2024-04-07,P001,Rice,Staples,46
2024-04-07,P002,Milk,Dairy,38
2024-04-07,P003,Biscuits,Packaged Foods,36
2024-04-07,P004,Cooking Oil,Cooking Essentials,20
2024-04-07,P005,Bread,Bakery,29
2024-04-07,P006,Soft Drinks,Beverages,36
2024-04-07,P007,Sweets,Confectionery,25
2024-04-07,P008,Snacks,Packaged Foods,42
2024-04-08,P001,Rice,Staples,45
2024-04-08,P002,Milk,Dairy,36
2024-04-08,P003,Biscuits,Packaged Foods,30
2024-04-08,P004,Cooking Oil,Cooking Essentials,20
2024-04-08,P005,Bread,Bakery,23
2024-04-08,P006,Soft Drinks,Beverages,28
2024-04-08,P007,Sweets,Confectionery,17
2024-04-08,P008,Snacks,Packaged Foods,29
2024-04-09,P001,Rice,Staples,47
2024-04-09,P002,Milk,Dairy,36
2024-04-09,P003,Biscuits,Packaged Foods,26
2024-04-09,P004,Cooking Oil,Cooking Essentials,20
2024-04-09,P005,Bread,Bakery,27
2024-04-09,P006,Soft Drinks,Beverages,30
2024-04-09,P007,Sweets,Confectionery,19
2024-04-09,P008,Snacks,Packaged Foods,32
2024-04-10,P001,Rice,Staples,42
2024-04-10,P002,Milk,Dairy,32
2024-04-10,P003,Biscuits,Packaged Foods,31
2024-04-10,P004,Cooking Oil,Cooking Essentials,21
2024-04-10,P005,Bread,Bakery,28
2024-04-10,P006,Soft Drinks,Beverages,30
2024-04-10,P007,Sweets,Confectionery,18
2024-04-10,P008,Snacks,Packaged Foods,29
2024-04-11,P001,Rice,Staples,44
2024-04-11,P002,Milk,Dairy,36
2024-04-11,P003,Biscuits,Packaged Foods,30
2024-04-11,P004,Cooking Oil,Cooking Essentials,19
2024-04-11,P005,Bread,Bakery,26
2024-04-11,P006,Soft Drinks,Beverages,27
2024-04-11,P007,Sweets,Confectionery,17
2024-04-11,P008,Snacks,Packaged Foods,33
2024-04-12,P001,Rice,Staples,44
2024-04-12,P002,Milk,Dairy,36
2024-04-12,P003,Biscuits,Packaged Foods,31
2024-04-12,P004,Cooking Oil,Cooking Essentials,18
2024-04-12,P005,Bread,Bakery,24
2024-04-12,P006,Soft Drinks,Beverages,31
2024-04-12,P007,Sweets,Confectionery,16
2024-04-12,P008,Snacks,Packaged Foods,27
2024-04-13,P001,Rice,Staples,43
2024-04-13,P002,Milk,Dairy,37
2024-04-13,P003,Biscuits,Packaged Foods,36
2024-04-13,P004,Cooking Oil,Cooking Essentials,21
2024-04-13,P005,Bread,Bakery,31
2024-04-13,P006,Soft Drinks,Beverages,30
2024-04-13,P007,Sweets,Confectionery,23
2024-04-13,P008,Snacks,Packaged Foods,44
2024-04-14,P001,Rice,Staples,45
2024-04-14,P002,Milk,Dairy,36
2024-04-14,P003,Biscuits,Packaged Foods,34
2024-04-14,P004,Cooking Oil,Cooking Essentials,20
2024-04-14,P005,Bread,Bakery,28
2024-04-14,P006,Soft Drinks,Beverages,40
2024-04-14,P007,Sweets,Confectionery,25
2024-04-14,P008,Snacks,Packaged Foods,39
2024-04-15,P001,Rice,Staples,52
2024-04-15,P002,Milk,Dairy,35
2024-04-15,P003,Biscuits,Packaged Foods,34
2024-04-15,P004,Cooking Oil,Cooking Essentials,20
2024-04-15,P005,Bread,Bakery,25
2024-04-15,P006,Soft Drinks,Beverages,29
2024-04-15,P007,Sweets,Confectionery,23
2024-04-15,P008,Snacks,Packaged Foods,34
2024-04-16,P001,Rice,Staples,42
2024-04-16,P002,Milk,Dairy,38
2024-04-16,P003,Biscuits,Packaged Foods,29
2024-04-16,P004,Cooking Oil,Cooking Essentials,19
2024-04-16,P005,Bread,Bakery,27
2024-04-16,P006,Soft Drinks,Beverages,28
2024-04-16,P007,Sweets,Confectionery,18
2024-04-16,P008,Snacks,Packaged Foods,32
2024-04-17,P001,Rice,Staples,46
2024-04-17,P002,Milk,Dairy,36
2024-04-17,P003,Biscuits,Packaged Foods,25
2024-04-17,P004,Cooking Oil,Cooking Essentials,21
2024-04-17,P005,Bread,Bakery,23
2024-04-17,P006,Soft Drinks,Beverages,25
2024-04-17,P007,Sweets,Confectionery,18
2024-04-17,P008,Snacks,Packaged Foods,32
2024-04-18,P001,Rice,Staples,43
2024-04-18,P002,Milk,Dairy,37
2024-04-18,P003,Biscuits,Packaged Foods,27
2024-04-18,P004,Cooking Oil,Cooking Essentials,19
2024-04-18,P005,Bread,Bakery,24
2024-04-18,P006,Soft Drinks,Beverages,28
2024-04-18,P007,Sweets,Confectionery,18
2024-04-18,P008,Snacks,Packaged Foods,29
2024-04-19,P001,Rice,Staples,48
2024-04-19,P002,Milk,Dairy,35
2024-04-19,P003,Biscuits,Packaged Foods,25
2024-04-19,P004,Cooking Oil,Cooking Essentials,17
2024-04-19,P005,Bread,Bakery,25
2024-04-19,P006,Soft Drinks,Beverages,28
2024-04-19,P007,Sweets,Confectionery,18
2024-04-19,P008,Snacks,Packaged Foods,32
2024-04-20,P001,Rice,Staples,50
2024-04-20,P002,Milk,Dairy,39
2024-04-20,P003,Biscuits,Packaged Foods,33
2024-04-20,P004,Cooking Oil,Cooking Essentials,20
2024-04-20,P005,Bread,Bakery,27
2024-04-20,P006,Soft Drinks,Beverages,37
2024-04-20,P007,Sweets,Confectionery,24
2024-04-20,P008,Snacks,Packaged Foods,39
2024-04-21,P001,Rice,Staples,40
2024-04-21,P002,Milk,Dairy,32
2024-04-21,P003,Biscuits,Packaged Foods,34
2024-04-21,P004,Cooking Oil,Cooking Essentials,21
2024-04-21,P005,Bread,Bakery,28
2024-04-21,P006,Soft Drinks,Beverages,36
2024-04-21,P007,Sweets,Confectionery,22
2024-04-21,P008,Snacks,Packaged Foods,43
2024-04-22,P001,Rice,Staples,43
2024-04-22,P002,Milk,Dairy,33
2024-04-22,P003,Biscuits,Packaged Foods,31
2024-04-22,P004,Cooking Oil,Cooking Essentials,18
2024-04-22,P005,Bread,Bakery,26
2024-04-22,P006,Soft Drinks,Beverages,28
2024-04-22,P007,Sweets,Confectionery,18
2024-04-22,P008,Snacks,Packaged Foods,36
2024-04-23,P001,Rice,Staples,43
2024-04-23,P002,Milk,Dairy,41
2024-04-23,P003,Biscuits,Packaged Foods,29
2024-04-23,P004,Cooking Oil,Cooking Essentials,18
2024-04-23,P005,Bread,Bakery,25
2024-04-23,P006,Soft Drinks,Beverages,26
2024-04-23,P007,Sweets,Confectionery,17
2024-04-23,P008,Snacks,Packaged Foods,33
2024-04-24,P001,Rice,Staples,47
2024-04-24,P002,Milk,Dairy,33
2024-04-24,P003,Biscuits,Packaged Foods,32
2024-04-24,P004,Cooking Oil,Cooking Essentials,22
2024-04-24,P005,Bread,Bakery,28
2024-04-24,P006,Soft Drinks,Beverages,29
2024-04-24,P007,Sweets,Confectionery,20
2024-04-24,P008,Snacks,Packaged Foods,27
2024-04-25,P001,Rice,Staples,44
2024-04-25,P002,Milk,Dairy,33
2024-04-25,P003,Biscuits,Packaged Foods,30
2024-04-25,P004,Cooking Oil,Cooking Essentials,19
2024-04-25,P005,Bread,Bakery,25
2024-04-25,P006,Soft Drinks,Beverages,32
2024-04-25,P007,Sweets,Confectionery,18
2024-04-25,P008,Snacks,Packaged Foods,33
2024-04-26,P001,Rice,Staples,44
2024-04-26,P002,Milk,Dairy,35
2024-04-26,P003,Biscuits,Packaged Foods,30
2024-04-26,P004,Cooking Oil,Cooking Essentials,21
2024-04-26,P005,Bread,Bakery,27
2024-04-26,P006,Soft Drinks,Beverages,32
2024-04-26,P007,Sweets,Confectionery,18
2024-04-26,P008,Snacks,Packaged Foods,34
2024-04-27,P001,Rice,Staples,45
2024-04-27,P002,Milk,Dairy,37
2024-04-27,P003,Biscuits,Packaged Foods,38
2024-04-27,P004,Cooking Oil,Cooking Essentials,23
2024-04-27,P005,Bread,Bakery,29
2024-04-27,P006,Soft Drinks,Beverages,38
2024-04-27,P007,Sweets,Confectionery,23
2024-04-27,P008,Snacks,Packaged Foods,43
2024-04-28,P001,Rice,Staples,51
2024-04-28,P002,Milk,Dairy,36
2024-04-28,P003,Biscuits,Packaged Foods,37
2024-04-28,P004,Cooking Oil,Cooking Essentials,17
2024-04-28,P005,Bread,Bakery,30
2024-04-28,P006,Soft Drinks,Beverages,28
2024-04-28,P007,Sweets,Confectionery,20
2024-04-28,P008,Snacks,Packaged Foods,41
2024-04-29,P001,Rice,Staples,47
2024-04-29,P002,Milk,Dairy,32
2024-04-29,P003,Biscuits,Packaged Foods,28
2024-04-29,P004,Cooking Oil,Cooking Essentials,22
2024-04-29,P005,Bread,Bakery,24
2024-04-29,P006,Soft Drinks,Beverages,33
2024-04-29,P007,Sweets,Confectionery,18
2024-04-29,P008,Snacks,Packaged Foods,33
2024-04-30,P001,Rice,Staples,51
2024-04-30,P002,Milk,Dairy,35
2024-04-30,P003,Biscuits,Packaged Foods,28
2024-04-30,P004,Cooking Oil,Cooking Essentials,20
2024-04-30,P005,Bread,Bakery,25
2024-04-30,P006,Soft Drinks,Beverages,25
2024-04-30,P007,Sweets,Confectionery,18
2024-04-30,P008,Snacks,Packaged Foods,30
2024-05-01,P001,Rice,Staples,48
2024-05-01,P002,Milk,Dairy,35
2024-05-01,P003,Biscuits,Packaged Foods,29
2024-05-01,P004,Cooking Oil,Cooking Essentials,20
2024-05-01,P005,Bread,Bakery,25
2024-05-01,P006,Soft Drinks,Beverages,29
2024-05-01,P007,Sweets,Confectionery,17
2024-05-01,P008,Snacks,Packaged Foods,29
2024-05-02,P001,Rice,Staples,49
2024-05-02,P002,Milk,Dairy,34
2024-05-02,P003,Biscuits,Packaged Foods,27
2024-05-02,P004,Cooking Oil,Cooking Essentials,21
2024-05-02,P005,Bread,Bakery,26
2024-05-02,P006,Soft Drinks,Beverages,25
2024-05-02,P007,Sweets,Confectionery,18
2024-05-02,P008,Snacks,Packaged Foods,34
2024-05-03,P001,Rice,Staples,46
2024-05-03,P002,Milk,Dairy,37
2024-05-03,P003,Biscuits,Packaged Foods,27
2024-05-03,P004,Cooking Oil,Cooking Essentials,21
2024-05-03,P005,Bread,Bakery,24
2024-05-03,P006,Soft Drinks,Beverages,27
2024-05-03,P007,Sweets,Confectionery,19
2024-05-03,P008,Snacks,Packaged Foods,36
2024-05-04,P001,Rice,Staples,56
2024-05-04,P002,Milk,Dairy,40
2024-05-04,P003,Biscuits,Packaged Foods,36
2024-05-04,P004,Cooking Oil,Cooking Essentials,22
2024-05-04,P005,Bread,Bakery,30
2024-05-04,P006,Soft Drinks,Beverages,37
2024-05-04,P007,Sweets,Confectionery,23
2024-05-04,P008,Snacks,Packaged Foods,42
2024-05-05,P001,Rice,Staples,49
2024-05-05,P002,Milk,Dairy,35
2024-05-05,P003,Biscuits,Packaged Foods,35
2024-05-05,P004,Cooking Oil,Cooking Essentials,23
2024-05-05,P005,Bread,Bakery,29
2024-05-05,P006,Soft Drinks,Beverages,37
2024-05-05,P007,Sweets,Confectionery,23
2024-05-05,P008,Snacks,Packaged Foods,39
2024-05-06,P001,Rice,Staples,48
2024-05-06,P002,Milk,Dairy,36
2024-05-06,P003,Biscuits,Packaged Foods,27
2024-05-06,P004,Cooking Oil,Cooking Essentials,22
2024-05-06,P005,Bread,Bakery,24
2024-05-06,P006,Soft Drinks,Beverages,24
2024-05-06,P007,Sweets,Confectionery,16
2024-05-06,P008,Snacks,Packaged Foods,29
2024-05-07,P001,Rice,Staples,45
2024-05-07,P002,Milk,Dairy,34
2024-05-07,P003,Biscuits,Packaged Foods,29
2024-05-07,P004,Cooking Oil,Cooking Essentials,21
2024-05-07,P005,Bread,Bakery,26
2024-05-07,P006,Soft Drinks,Beverages,29
2024-05-07,P007,Sweets,Confectionery,19
2024-05-07,P008,Snacks,Packaged Foods,34
2024-05-08,P001,Rice,Staples,37
2024-05-08,P002,Milk,Dairy,34
2024-05-08,P003,Biscuits,Packaged Foods,25
2024-05-08,P004,Cooking Oil,Cooking Essentials,20
2024-05-08,P005,Bread,Bakery,25
2024-05-08,P006,Soft Drinks,Beverages,30
2024-05-08,P007,Sweets,Confectionery,20
2024-05-08,P008,Snacks,Packaged Foods,33
2024-05-09,P001,Rice,Staples,43
2024-05-09,P002,Milk,Dairy,36
2024-05-09,P003,Biscuits,Packaged Foods,29
2024-05-09,P004,Cooking Oil,Cooking Essentials,20
2024-05-09,P005,Bread,Bakery,27
2024-05-09,P006,Soft Drinks,Beverages,27
2024-05-09,P007,Sweets,Confectionery,19
2024-05-09,P008,Snacks,Packaged Foods,34
2024-05-10,P001,Rice,Staples,42
2024-05-10,P002,Milk,Dairy,38
2024-05-10,P003,Biscuits,Packaged Foods,32
2024-05-10,P004,Cooking Oil,Cooking Essentials,20
2024-05-10,P005,Bread,Bakery,23
2024-05-10,P006,Soft Drinks,Beverages,26
2024-05-10,P007,Sweets,Confectionery,17
2024-05-10,P008,Snacks,Packaged Foods,33
2024-05-11,P001,Rice,Staples,46
2024-05-11,P002,Milk,Dairy,38
2024-05-11,P003,Biscuits,Packaged Foods,33
2024-05-11,P004,Cooking Oil,Cooking Essentials,21
2024-05-11,P005,Bread,Bakery,29
2024-05-11,P006,Soft Drinks,Beverages,42
2024-05-11,P007,Sweets,Confectionery,21
2024-05-11,P008,Snacks,Packaged Foods,44
2024-05-12,P001,Rice,Staples,50
2024-05-12,P002,Milk,Dairy,38
2024-05-12,P003,Biscuits,Packaged Foods,36
2024-05-12,P004,Cooking Oil,Cooking Essentials,22
2024-05-12,P005,Bread,Bakery,28
2024-05-12,P006,Soft Drinks,Beverages,40
2024-05-12,P007,Sweets,Confectionery,22
2024-05-12,P008,Snacks,Packaged Foods,43
2024-05-13,P001,Rice,Staples,43
2024-05-13,P002,Milk,Dairy,35
2024-05-13,P003,Biscuits,Packaged Foods,27
2024-05-13,P004,Cooking Oil,Cooking Essentials,21
2024-05-13,P005,Bread,Bakery,28
2024-05-13,P006,Soft Drinks,Beverages,28
2024-05-13,P007,Sweets,Confectionery,18
2024-05-13,P008,Snacks,Packaged Foods,29
2024-05-14,P001,Rice,Staples,44
2024-05-14,P002,Milk,Dairy,31
2024-05-14,P003,Biscuits,Packaged Foods,28
2024-05-14,P004,Cooking Oil,Cooking Essentials,20
2024-05-14,P005,Bread,Bakery,28
2024-05-14,P006,Soft Drinks,Beverages,34
2024-05-14,P007,Sweets,Confectionery,17
2024-05-14,P008,Snacks,Packaged Foods,36
2024-05-15,P001,Rice,Staples,46
2024-05-15,P002,Milk,Dairy,35
2024-05-15,P003,Biscuits,Packaged Foods,31
2024-05-15,P004,Cooking Oil,Cooking Essentials,20
2024-05-15,P005,Bread,Bakery,25
2024-05-15,P006,Soft Drinks,Beverages,27
2024-05-15,P007,Sweets,Confectionery,16
2024-05-15,P008,Snacks,Packaged Foods,28
2024-05-16,P001,Rice,Staples,47
2024-05-16,P002,Milk,Dairy,34
2024-05-16,P003,Biscuits,Packaged Foods,29
2024-05-16,P004,Cooking Oil,Cooking Essentials,20
2024-05-16,P005,Bread,Bakery,27
2024-05-16,P006,Soft Drinks,Beverages,28
2024-05-16,P007,Sweets,Confectionery,17
2024-05-16,P008,Snacks,Packaged Foods,35
2024-05-17,P001,Rice,Staples,51
2024-05-17,P002,Milk,Dairy,36
2024-05-17,P003,Biscuits,Packaged Foods,32
2024-05-17,P004,Cooking Oil,Cooking Essentials,22
2024-05-17,P005,Bread,Bakery,27
2024-05-17,P006,Soft Drinks,Beverages,29
2024-05-17,P007,Sweets,Confectionery,19
2024-05-17,P008,Snacks,Packaged Foods,33
2024-05-18,P001,Rice,Staples,46
2024-05-18,P002,Milk,Dairy,39
2024-05-18,P003,Biscuits,Packaged Foods,33
2024-05-18,P004,Cooking Oil,Cooking Essentials,20
2024-05-18,P005,Bread,Bakery,31
2024-05-18,P006,Soft Drinks,Beverages,38
2024-05-18,P007,Sweets,Confectionery,25
2024-05-18,P008,Snacks,Packaged Foods,39
2024-05-19,P001,Rice,Staples,45
2024-05-19,P002,Milk,Dairy,36
2024-05-19,P003,Biscuits,Packaged Foods,36
2024-05-19,P004,Cooking Oil,Cooking Essentials,22
2024-05-19,P005,Bread,Bakery,31
2024-05-19,P006,Soft Drinks,Beverages,36
2024-05-19,P007,Sweets,Confectionery,23
2024-05-19,P008,Snacks,Packaged Foods,37
2024-05-20,P001,Rice,Staples,47
2024-05-20,P002,Milk,Dairy,35
2024-05-20,P003,Biscuits,Packaged Foods,28
2024-05-20,P004,Cooking Oil,Cooking Essentials,20
2024-05-20,P005,Bread,Bakery,25
2024-05-20,P006,Soft Drinks,Beverages,27
2024-05-20,P007,Sweets,Confectionery,21
2024-05-20,P008,Snacks,Packaged Foods,32
2024-05-21,P001,Rice,Staples,44
2024-05-21,P002,Milk,Dairy,29
2024-05-21,P003,Biscuits,Packaged Foods,28
2024-05-21,P004,Cooking Oil,Cooking Essentials,20
2024-05-21,P005,Bread,Bakery,24
2024-05-21,P006,Soft Drinks,Beverages,31
2024-05-21,P007,Sweets,Confectionery,18
2024-05-21,P008,Snacks,Packaged Foods,35
2024-05-22,P001,Rice,Staples,45
2024-05-22,P002,Milk,Dairy,35
2024-05-22,P003,Biscuits,Packaged Foods,30
2024-05-22,P004,Cooking Oil,Cooking Essentials,20
2024-05-22,P005,Bread,Bakery,28
2024-05-22,P006,Soft Drinks,Beverages,23
2024-05-22,P007,Sweets,Confectionery,15
2024-05-22,P008,Snacks,Packaged Foods,31
2024-05-23,P001,Rice,Staples,45
2024-05-23,P002,Milk,Dairy,37
2024-05-23,P003,Biscuits,Packaged Foods,31
2024-05-23,P004,Cooking Oil,Cooking Essentials,19
2024-05-23,P005,Bread,Bakery,27
2024-05-23,P006,Soft Drinks,Beverages,30
2024-05-23,P007,Sweets,Confectionery,18
2024-05-23,P008,Snacks,Packaged Foods,34
2024-05-24,P001,Rice,Staples,46
2024-05-24,P002,Milk,Dairy,33
2024-05-24,P003,Biscuits,Packaged Foods,32
2024-05-24,P004,Cooking Oil,Cooking Essentials,20
2024-05-24,P005,Bread,Bakery,25
2024-05-24,P006,Soft Drinks,Beverages,31
2024-05-24,P007,Sweets,Confectionery,14
2024-05-24,P008,Snacks,Packaged Foods,28
2024-05-25,P001,Rice,Staples,45
2024-05-25,P002,Milk,Dairy,36
2024-05-25,P003,Biscuits,Packaged Foods,35
2024-05-25,P004,Cooking Oil,Cooking Essentials,19
2024-05-25,P005,Bread,Bakery,27
2024-05-25,P006,Soft Drinks,Beverages,34
2024-05-25,P007,Sweets,Confectionery,26
2024-05-25,P008,Snacks,Packaged Foods,45
2024-05-26,P001,Rice,Staples,48
2024-05-26,P002,Milk,Dairy,36
2024-05-26,P003,Biscuits,Packaged Foods,33
2024-05-26,P004,Cooking Oil,Cooking Essentials,19
2024-05-26,P005,Bread,Bakery,29
2024-05-26,P006,Soft Drinks,Beverages,34
2024-05-26,P007,Sweets,Confectionery,22
2024-05-26,P008,Snacks,Packaged Foods,36
2024-05-27,P001,Rice,Staples,42
2024-05-27,P002,Milk,Dairy,35
2024-05-27,P003,Biscuits,Packaged Foods,31
2024-05-27,P004,Cooking Oil,Cooking Essentials,21
2024-05-27,P005,Bread,Bakery,22
2024-05-27,P006,Soft Drinks,Beverages,30
2024-05-27,P007,Sweets,Confectionery,17
2024-05-27,P008,Snacks,Packaged Foods,34
2024-05-28,P001,Rice,Staples,45
2024-05-28,P002,Milk,Dairy,31
2024-05-28,P003,Biscuits,Packaged Foods,29
2024-05-28,P004,Cooking Oil,Cooking Essentials,21
2024-05-28,P005,Bread,Bakery,26
2024-05-28,P006,Soft Drinks,Beverages,28
2024-05-28,P007,Sweets,Confectionery,20
2024-05-28,P008,Snacks,Packaged Foods,35
2024-05-29,P001,Rice,Staples,44
2024-05-29,P002,Milk,Dairy,37
2024-05-29,P003,Biscuits,Packaged Foods,35
2024-05-29,P004,Cooking Oil,Cooking Essentials,23
2024-05-29,P005,Bread,Bakery,23
2024-05-29,P006,Soft Drinks,Beverages,26
2024-05-29,P007,Sweets,Confectionery,20
2024-05-29,P008,Snacks,Packaged Foods,29
2024-05-30,P001,Rice,Staples,40
2024-05-30,P002,Milk,Dairy,34
2024-05-30,P003,Biscuits,Packaged Foods,31
2024-05-30,P004,Cooking Oil,Cooking Essentials,20
2024-05-30,P005,Bread,Bakery,24
2024-05-30,P006,Soft Drinks,Beverages,26
2024-05-30,P007,Sweets,Confectionery,17
2024-05-30,P008,Snacks,Packaged Foods,30
2024-05-31,P001,Rice,Staples,53
2024-05-31,P002,Milk,Dairy,36
2024-05-31,P003,Biscuits,Packaged Foods,32
2024-05-31,P004,Cooking Oil,Cooking Essentials,19
2024-05-31,P005,Bread,Bakery,25
2024-05-31,P006,Soft Drinks,Beverages,26
2024-05-31,P007,Sweets,Confectionery,14
2024-05-31,P008,Snacks,Packaged Foods,28
2024-06-01,P001,Rice,Staples,43
2024-06-01,P002,Milk,Dairy,30
2024-06-01,P003,Biscuits,Packaged Foods,33
2024-06-01,P004,Cooking Oil,Cooking Essentials,24
2024-06-01,P005,Bread,Bakery,29
2024-06-01,P006,Soft Drinks,Beverages,39
2024-06-01,P007,Sweets,Confectionery,23
2024-06-01,P008,Snacks,Packaged Foods,42
2024-06-02,P001,Rice,Staples,46
2024-06-02,P002,Milk,Dairy,38
2024-06-02,P003,Biscuits,Packaged Foods,38
2024-06-02,P004,Cooking Oil,Cooking Essentials,21
2024-06-02,P005,Bread,Bakery,30
2024-06-02,P006,Soft Drinks,Beverages,38
2024-06-02,P007,Sweets,Confectionery,22
2024-06-02,P008,Snacks,Packaged Foods,37
2024-06-03,P001,Rice,Staples,41
2024-06-03,P002,Milk,Dairy,35
2024-06-03,P003,Biscuits,Packaged Foods,31
2024-06-03,P004,Cooking Oil,Cooking Essentials,19
2024-06-03,P005,Bread,Bakery,25
2024-06-03,P006,Soft Drinks,Beverages,29
2024-06-03,P007,Sweets,Confectionery,19
2024-06-03,P008,Snacks,Packaged Foods,36
2024-06-04,P001,Rice,Staples,50
2024-06-04,P002,Milk,Dairy,32
2024-06-04,P003,Biscuits,Packaged Foods,34
2024-06-04,P004,Cooking Oil,Cooking Essentials,19
2024-06-04,P005,Bread,Bakery,27
2024-06-04,P006,Soft Drinks,Beverages,28
2024-06-04,P007,Sweets,Confectionery,17
2024-06-04,P008,Snacks,Packaged Foods,27
2024-06-05,P001,Rice,Staples,44
2024-06-05,P002,Milk,Dairy,31
2024-06-05,P003,Biscuits,Packaged Foods,32
2024-06-05,P004,Cooking Oil,Cooking Essentials,22
2024-06-05,P005,Bread,Bakery,23
2024-06-05,P006,Soft Drinks,Beverages,29
2024-06-05,P007,Sweets,Confectionery,17
2024-06-05,P008,Snacks,Packaged Foods,30
2024-06-06,P001,Rice,Staples,48
2024-06-06,P002,Milk,Dairy,35
2024-06-06,P003,Biscuits,Packaged Foods,34
2024-06-06,P004,Cooking Oil,Cooking Essentials,19
2024-06-06,P005,Bread,Bakery,27
2024-06-06,P006,Soft Drinks,Beverages,28
2024-06-06,P007,Sweets,Confectionery,19
2024-06-06,P008,Snacks,Packaged Foods,31
2024-06-07,P001,Rice,Staples,45
2024-06-07,P002,Milk,Dairy,35
2024-06-07,P003,Biscuits,Packaged Foods,28
2024-06-07,P004,Cooking Oil,Cooking Essentials,21
2024-06-07,P005,Bread,Bakery,26
2024-06-07,P006,Soft Drinks,Beverages,29
2024-06-07,P007,Sweets,Confectionery,20
2024-06-07,P008,Snacks,Packaged Foods,36
2024-06-08,P001,Rice,Staples,48
2024-06-08,P002,Milk,Dairy,38
2024-06-08,P003,Biscuits,Packaged Foods,35
2024-06-08,P004,Cooking Oil,Cooking Essentials,22
2024-06-08,P005,Bread,Bakery,28
2024-06-08,P006,Soft Drinks,Beverages,40
2024-06-08,P007,Sweets,Confectionery,23
2024-06-08,P008,Snacks,Packaged Foods,39
2024-06-09,P001,Rice,Staples,54
2024-06-09,P002,Milk,Dairy,31
2024-06-09,P003,Biscuits,Packaged Foods,31
2024-06-09,P004,Cooking Oil,Cooking Essentials,23
2024-06-09,P005,Bread,Bakery,29
2024-06-09,P006,Soft Drinks,Beverages,37
2024-06-09,P007,Sweets,Confectionery,21
2024-06-09,P008,Snacks,Packaged Foods,40
2024-06-10,P001,Rice,Staples,52
2024-06-10,P002,Milk,Dairy,37
2024-06-10,P003,Biscuits,Packaged Foods,30
2024-06-10,P004,Cooking Oil,Cooking Essentials,19
2024-06-10,P005,Bread,Bakery,24
2024-06-10,P006,Soft Drinks,Beverages,23
2024-06-10,P007,Sweets,Confectionery,18
2024-06-10,P008,Snacks,Packaged Foods,34
2024-06-11,P001,Rice,Staples,39
2024-06-11,P002,Milk,Dairy,33
2024-06-11,P003,Biscuits,Packaged Foods,27
2024-06-11,P004,Cooking Oil,Cooking Essentials,18
2024-06-11,P005,Bread,Bakery,25
2024-06-11,P006,Soft Drinks,Beverages,23
2024-06-11,P007,Sweets,Confectionery,19
2024-06-11,P008,Snacks,Packaged Foods,34
2024-06-12,P001,Rice,Staples,44
2024-06-12,P002,Milk,Dairy,28
2024-06-12,P003,Biscuits,Packaged Foods,28
2024-06-12,P004,Cooking Oil,Cooking Essentials,22
2024-06-12,P005,Bread,Bakery,19
2024-06-12,P006,Soft Drinks,Beverages,27
2024-06-12,P007,Sweets,Confectionery,16
2024-06-12,P008,Snacks,Packaged Foods,34
2024-06-13,P001,Rice,Staples,43
2024-06-13,P002,Milk,Dairy,36
2024-06-13,P003,Biscuits,Packaged Foods,31
2024-06-13,P004,Cooking Oil,Cooking Essentials,23
2024-06-13,P005,Bread,Bakery,25
2024-06-13,P006,Soft Drinks,Beverages,29
2024-06-13,P007,Sweets,Confectionery,16
2024-06-13,P008,Snacks,Packaged Foods,35
2024-06-14,P001,Rice,Staples,42
2024-06-14,P002,Milk,Dairy,33
2024-06-14,P003,Biscuits,Packaged Foods,30
2024-06-14,P004,Cooking Oil,Cooking Essentials,17
2024-06-14,P005,Bread,Bakery,25
2024-06-14,P006,Soft Drinks,Beverages,30
2024-06-14,P007,Sweets,Confectionery,18
2024-06-14,P008,Snacks,Packaged Foods,28
2024-06-15,P001,Rice,Staples,49
2024-06-15,P002,Milk,Dairy,39
2024-06-15,P003,Biscuits,Packaged Foods,31
2024-06-15,P004,Cooking Oil,Cooking Essentials,20
2024-06-15,P005,Bread,Bakery,31
2024-06-15,P006,Soft Drinks,Beverages,37
2024-06-15,P007,Sweets,Confectionery,23
2024-06-15,P008,Snacks,Packaged Foods,45
2024-06-16,P001,Rice,Staples,51
2024-06-16,P002,Milk,Dairy,39
2024-06-16,P003,Biscuits,Packaged Foods,43
2024-06-16,P004,Cooking Oil,Cooking Essentials,21
2024-06-16,P005,Bread,Bakery,27
2024-06-16,P006,Soft Drinks,Beverages,37
2024-06-16,P007,Sweets,Confectionery,23
2024-06-16,P008,Snacks,Packaged Foods,39
2024-06-17,P001,Rice,Staples,41
2024-06-17,P002,Milk,Dairy,41
2024-06-17,P003,Biscuits,Packaged Foods,31
2024-06-17,P004,Cooking Oil,Cooking Essentials,19
2024-06-17,P005,Bread,Bakery,27
2024-06-17,P006,Soft Drinks,Beverages,28
2024-06-17,P007,Sweets,Confectionery,18
2024-06-17,P008,Snacks,Packaged Foods,33
2024-06-18,P001,Rice,Staples,40
2024-06-18,P002,Milk,Dairy,36
2024-06-18,P003,Biscuits,Packaged Foods,35
2024-06-18,P004,Cooking Oil,Cooking Essentials,21
2024-06-18,P005,Bread,Bakery,24
2024-06-18,P006,Soft Drinks,Beverages,27
2024-06-18,P007,Sweets,Confectionery,17
2024-06-18,P008,Snacks,Packaged Foods,31
2024-06-19,P001,Rice,Staples,44
2024-06-19,P002,Milk,Dairy,38
2024-06-19,P003,Biscuits,Packaged Foods,26
2024-06-19,P004,Cooking Oil,Cooking Essentials,21
2024-06-19,P005,Bread,Bakery,24
2024-06-19,P006,Soft Drinks,Beverages,29
2024-06-19,P007,Sweets,Confectionery,16
2024-06-19,P008,Snacks,Packaged Foods,35
2024-06-20,P001,Rice,Staples,49
2024-06-20,P002,Milk,Dairy,38
2024-06-20,P003,Biscuits,Packaged Foods,26
2024-06-20,P004,Cooking Oil,Cooking Essentials,21
2024-06-20,P005,Bread,Bakery,26
2024-06-20,P006,Soft Drinks,Beverages,24
2024-06-20,P007,Sweets,Confectionery,18
2024-06-20,P008,Snacks,Packaged Foods,33
2024-06-21,P001,Rice,Staples,47
2024-06-21,P002,Milk,Dairy,35
2024-06-21,P003,Biscuits,Packaged Foods,31
2024-06-21,P004,Cooking Oil,Cooking Essentials,22
2024-06-21,P005,Bread,Bakery,27
2024-06-21,P006,Soft Drinks,Beverages,22
2024-06-21,P007,Sweets,Confectionery,18
2024-06-21,P008,Snacks,Packaged Foods,32
2024-06-22,P001,Rice,Staples,43
2024-06-22,P002,Milk,Dairy,37
2024-06-22,P003,Biscuits,Packaged Foods,39
2024-06-22,P004,Cooking Oil,Cooking Essentials,20
2024-06-22,P005,Bread,Bakery,29
2024-06-22,P006,Soft Drinks,Beverages,34
2024-06-22,P007,Sweets,Confectionery,22
2024-06-22,P008,Snacks,Packaged Foods,44
2024-06-23,P001,Rice,Staples,48
2024-06-23,P002,Milk,Dairy,38
2024-06-23,P003,Biscuits,Packaged Foods,32
2024-06-23,P004,Cooking Oil,Cooking Essentials,25
2024-06-23,P005,Bread,Bakery,30
2024-06-23,P006,Soft Drinks,Beverages,36
2024-06-23,P007,Sweets,Confectionery,23
2024-06-23,P008,Snacks,Packaged Foods,36
2024-06-24,P001,Rice,Staples,49
2024-06-24,P002,Milk,Dairy,34
2024-06-24,P003,Biscuits,Packaged Foods,30
2024-06-24,P004,Cooking Oil,Cooking Essentials,19
2024-06-24,P005,Bread,Bakery,24
2024-06-24,P006,Soft Drinks,Beverages,30
2024-06-24,P007,Sweets,Confectionery,18
2024-06-24,P008,Snacks,Packaged Foods,34
2024-06-25,P001,Rice,Staples,45
2024-06-25,P002,Milk,Dairy,36
2024-06-25,P003,Biscuits,Packaged Foods,29
2024-06-25,P004,Cooking Oil,Cooking Essentials,24
2024-06-25,P005,Bread,Bakery,22
2024-06-25,P006,Soft Drinks,Beverages,31
2024-06-25,P007,Sweets,Confectionery,20
2024-06-25,P008,Snacks,Packaged Foods,30
2024-06-26,P001,Rice,Staples,53
2024-06-26,P002,Milk,Dairy,38
2024-06-26,P003,Biscuits,Packaged Foods,32
2024-06-26,P004,Cooking Oil,Cooking Essentials,20
2024-06-26,P005,Bread,Bakery,25
2024-06-26,P006,Soft Drinks,Beverages,28
2024-06-26,P007,Sweets,Confectionery,19
2024-06-26,P008,Snacks,Packaged Foods,36
2024-06-27,P001,Rice,Staples,46
2024-06-27,P002,Milk,Dairy,32
2024-06-27,P003,Biscuits,Packaged Foods,32
2024-06-27,P004,Cooking Oil,Cooking Essentials,21
2024-06-27,P005,Bread,Bakery,26
2024-06-27,P006,Soft Drinks,Beverages,30
2024-06-27,P007,Sweets,Confectionery,18
2024-06-27,P008,Snacks,Packaged Foods,30
2024-06-28,P001,Rice,Staples,42
2024-06-28,P002,Milk,Dairy,30
2024-06-28,P003,Biscuits,Packaged Foods,31
2024-06-28,P004,Cooking Oil,Cooking Essentials,20
2024-06-28,P005,Bread,Bakery,24
2024-06-28,P006,Soft Drinks,Beverages,21
2024-06-28,P007,Sweets,Confectionery,16
2024-06-28,P008,Snacks,Packaged Foods,35
2024-06-29,P001,Rice,Staples,47
2024-06-29,P002,Milk,Dairy,38
2024-06-29,P003,Biscuits,Packaged Foods,33
2024-06-29,P004,Cooking Oil,Cooking Essentials,24
2024-06-29,P005,Bread,Bakery,28
2024-06-29,P006,Soft Drinks,Beverages,37
2024-06-29,P007,Sweets,Confectionery,26
2024-06-29,P008,Snacks,Packaged Foods,44
2024-06-30,P001,Rice,Staples,48
2024-06-30,P002,Milk,Dairy,35
2024-06-30,P003,Biscuits,Packaged Foods,35
2024-06-30,P004,Cooking Oil,Cooking Essentials,22
2024-06-30,P005,Bread,Bakery,29
2024-06-30,P006,Soft Drinks,Beverages,36
2024-06-30,P007,Sweets,Confectionery,25
2024-06-30,P008,Snacks,Packaged Foods,40
2024-07-01,P001,Rice,Staples,53
2024-07-01,P002,Milk,Dairy,35
2024-07-01,P003,Biscuits,Packaged Foods,34
2024-07-01,P004,Cooking Oil,Cooking Essentials,21
2024-07-01,P005,Bread,Bakery,27
2024-07-01,P006,Soft Drinks,Beverages,26
2024-07-01,P007,Sweets,Confectionery,17
2024-07-01,P008,Snacks,Packaged Foods,33
2024-07-02,P001,Rice,Staples,49
2024-07-02,P002,Milk,Dairy,35
2024-07-02,P003,Biscuits,Packaged Foods,27
2024-07-02,P004,Cooking Oil,Cooking Essentials,18
2024-07-02,P005,Bread,Bakery,22
2024-07-02,P006,Soft Drinks,Beverages,24
2024-07-02,P007,Sweets,Confectionery,18
2024-07-02,P008,Snacks,Packaged Foods,35
2024-07-03,P001,Rice,Staples,45
2024-07-03,P002,Milk,Dairy,29
2024-07-03,P003,Biscuits,Packaged Foods,30
2024-07-03,P004,Cooking Oil,Cooking Essentials,20
2024-07-03,P005,Bread,Bakery,29
2024-07-03,P006,Soft Drinks,Beverages,25
2024-07-03,P007,Sweets,Confectionery,17
2024-07-03,P008,Snacks,Packaged Foods,36
2024-07-04,P001,Rice,Staples,47
2024-07-04,P002,Milk,Dairy,37
2024-07-04,P003,Biscuits,Packaged Foods,30
2024-07-04,P004,Cooking Oil,Cooking Essentials,21
2024-07-04,P005,Bread,Bakery,27
2024-07-04,P006,Soft Drinks,Beverages,26
2024-07-04,P007,Sweets,Confectionery,19
2024-07-04,P008,Snacks,Packaged Foods,28
2024-07-05,P001,Rice,Staples,46
2024-07-05,P002,Milk,Dairy,36
2024-07-05,P003,Biscuits,Packaged Foods,29
2024-07-05,P004,Cooking Oil,Cooking Essentials,20
2024-07-05,P005,Bread,Bakery,24
2024-07-05,P006,Soft Drinks,Beverages,26
2024-07-05,P007,Sweets,Confectionery,17
2024-07-05,P008,Snacks,Packaged Foods,29
2024-07-06,P001,Rice,Staples,51
2024-07-06,P002,Milk,Dairy,34
2024-07-06,P003,Biscuits,Packaged Foods,38
2024-07-06,P004,Cooking Oil,Cooking Essentials,20
2024-07-06,P005,Bread,Bakery,28
2024-07-06,P006,Soft Drinks,Beverages,35
2024-07-06,P007,Sweets,Confectionery,24
2024-07-06,P008,Snacks,Packaged Foods,41
2024-07-07,P001,Rice,Staples,49
2024-07-07,P002,Milk,Dairy,38
2024-07-07,P003,Biscuits,Packaged Foods,31
2024-07-07,P004,Cooking Oil,Cooking Essentials,22
2024-07-07,P005,Bread,Bakery,33
2024-07-07,P006,Soft Drinks,Beverages,37
2024-07-07,P007,Sweets,Confectionery,23
2024-07-07,P008,Snacks,Packaged Foods,41
2024-07-08,P001,Rice,Staples,48
2024-07-08,P002,Milk,Dairy,29
2024-07-08,P003,Biscuits,Packaged Foods,26
2024-07-08,P004,Cooking Oil,Cooking Essentials,20
2024-07-08,P005,Bread,Bakery,24
2024-07-08,P006,Soft Drinks,Beverages,31
2024-07-08,P007,Sweets,Confectionery,18
2024-07-08,P008,Snacks,Packaged Foods,27
2024-07-09,P001,Rice,Staples,40
2024-07-09,P002,Milk,Dairy,27
2024-07-09,P003,Biscuits,Packaged Foods,29
2024-07-09,P004,Cooking Oil,Cooking Essentials,20
2024-07-09,P005,Bread,Bakery,24
2024-07-09,P006,Soft Drinks,Beverages,30
2024-07-09,P007,Sweets,Confectionery,20
2024-07-09,P008,Snacks,Packaged Foods,32
2024-07-10,P001,Rice,Staples,37
2024-07-10,P002,Milk,Dairy,37
2024-07-10,P003,Biscuits,Packaged Foods,31
2024-07-10,P004,Cooking Oil,Cooking Essentials,20
2024-07-10,P005,Bread,Bakery,27
2024-07-10,P006,Soft Drinks,Beverages,25
2024-07-10,P007,Sweets,Confectionery,21
2024-07-10,P008,Snacks,Packaged Foods,30
2024-07-11,P001,Rice,Staples,48
2024-07-11,P002,Milk,Dairy,30
2024-07-11,P003,Biscuits,Packaged Foods,28
2024-07-11,P004,Cooking Oil,Cooking Essentials,22
2024-07-11,P005,Bread,Bakery,24
2024-07-11,P006,Soft Drinks,Beverages,30
2024-07-11,P007,Sweets,Confectionery,18
2024-07-11,P008,Snacks,Packaged Foods,32
2024-07-12,P001,Rice,Staples,50
2024-07-12,P002,Milk,Dairy,34
2024-07-12,P003,Biscuits,Packaged Foods,26
2024-07-12,P004,Cooking Oil,Cooking Essentials,19
2024-07-12,P005,Bread,Bakery,26
2024-07-12,P006,Soft Drinks,Beverages,29
2024-07-12,P007,Sweets,Confectionery,16
2024-07-12,P008,Snacks,Packaged Foods,30
2024-07-13,P001,Rice,Staples,47
2024-07-13,P002,Milk,Dairy,36
2024-07-13,P003,Biscuits,Packaged Foods,33
2024-07-13,P004,Cooking Oil,Cooking Essentials,21
2024-07-13,P005,Bread,Bakery,27
2024-07-13,P006,Soft Drinks,Beverages,38
2024-07-13,P007,Sweets,Confectionery,24
2024-07-13,P008,Snacks,Packaged Foods,40
2024-07-14,P001,Rice,Staples,48
2024-07-14,P002,Milk,Dairy,37
2024-07-14,P003,Biscuits,Packaged Foods,34
2024-07-14,P004,Cooking Oil,Cooking Essentials,20
2024-07-14,P005,Bread,Bakery,27
2024-07-14,P006,Soft Drinks,Beverages,35
2024-07-14,P007,Sweets,Confectionery,21
2024-07-14,P008,Snacks,Packaged Foods,40
2024-07-15,P001,Rice,Staples,48
2024-07-15,P002,Milk,Dairy,31
2024-07-15,P003,Biscuits,Packaged Foods,30
2024-07-15,P004,Cooking Oil,Cooking Essentials,20
2024-07-15,P005,Bread,Bakery,26
2024-07-15,P006,Soft Drinks,Beverages,28
2024-07-15,P007,Sweets,Confectionery,16
2024-07-15,P008,Snacks,Packaged Foods,29
2024-07-16,P001,Rice,Staples,45
2024-07-16,P002,Milk,Dairy,38
2024-07-16,P003,Biscuits,Packaged Foods,25
2024-07-16,P004,Cooking Oil,Cooking Essentials,21
2024-07-16,P005,Bread,Bakery,27
2024-07-16,P006,Soft Drinks,Beverages,28
2024-07-16,P007,Sweets,Confectionery,19
2024-07-16,P008,Snacks,Packaged Foods,30
2024-07-17,P001,Rice,Staples,45
2024-07-17,P002,Milk,Dairy,30
2024-07-17,P003,Biscuits,Packaged Foods,24
2024-07-17,P004,Cooking Oil,Cooking Essentials,22
2024-07-17,P005,Bread,Bakery,23
2024-07-17,P006,Soft Drinks,Beverages,27
2024-07-17,P007,Sweets,Confectionery,16
2024-07-17,P008,Snacks,Packaged Foods,28
2024-07-18,P001,Rice,Staples,44
2024-07-18,P002,Milk,Dairy,33
2024-07-18,P003,Biscuits,Packaged Foods,31
2024-07-18,P004,Cooking Oil,Cooking Essentials,21
2024-07-18,P005,Bread,Bakery,26
2024-07-18,P006,Soft Drinks,Beverages,29
2024-07-18,P007,Sweets,Confectionery,20
2024-07-18,P008,Snacks,Packaged Foods,29
2024-07-19,P001,Rice,Staples,45
2024-07-19,P002,Milk,Dairy,38
2024-07-19,P003,Biscuits,Packaged Foods,33
2024-07-19,P004,Cooking Oil,Cooking Essentials,18
2024-07-19,P005,Bread,Bakery,24
2024-07-19,P006,Soft Drinks,Beverages,31
2024-07-19,P007,Sweets,Confectionery,19
2024-07-19,P008,Snacks,Packaged Foods,32
2024-07-20,P001,Rice,Staples,49
2024-07-20,P002,Milk,Dairy,36
2024-07-20,P003,Biscuits,Packaged Foods,37
2024-07-20,P004,Cooking Oil,Cooking Essentials,21
2024-07-20,P005,Bread,Bakery,29
2024-07-20,P006,Soft Drinks,Beverages,37
2024-07-20,P007,Sweets,Confectionery,22
2024-07-20,P008,Snacks,Packaged Foods,41
2024-07-21,P001,Rice,Staples,60
2024-07-21,P002,Milk,Dairy,32
2024-07-21,P003,Biscuits,Packaged Foods,37
2024-07-21,P004,Cooking Oil,Cooking Essentials,20
2024-07-21,P005,Bread,Bakery,30
2024-07-21,P006,Soft Drinks,Beverages,37
2024-07-21,P007,Sweets,Confectionery,24
2024-07-21,P008,Snacks,Packaged Foods,43
2024-07-22,P001,Rice,Staples,46
2024-07-22,P002,Milk,Dairy,38
2024-07-22,P003,Biscuits,Packaged Foods,24
2024-07-22,P004,Cooking Oil,Cooking Essentials,23
2024-07-22,P005,Bread,Bakery,26
2024-07-22,P006,Soft Drinks,Beverages,30
2024-07-22,P007,Sweets,Confectionery,16
2024-07-22,P008,Snacks,Packaged Foods,30
2024-07-23,P001,Rice,Staples,46
2024-07-23,P002,Milk,Dairy,35
2024-07-23,P003,Biscuits,Packaged Foods,31
2024-07-23,P004,Cooking Oil,Cooking Essentials,22
2024-07-23,P005,Bread,Bakery,21
2024-07-23,P006,Soft Drinks,Beverages,30
2024-07-23,P007,Sweets,Confectionery,18
2024-07-23,P008,Snacks,Packaged Foods,31
2024-07-24,P001,Rice,Staples,40
2024-07-24,P002,Milk,Dairy,36
2024-07-24,P003,Biscuits,Packaged Foods,24
2024-07-24,P004,Cooking Oil,Cooking Essentials,21
2024-07-24,P005,Bread,Bakery,22
2024-07-24,P006,Soft Drinks,Beverages,28
2024-07-24,P007,Sweets,Confectionery,18
2024-07-24,P008,Snacks,Packaged Foods,35
2024-07-25,P001,Rice,Staples,44
2024-07-25,P002,Milk,Dairy,33
2024-07-25,P003,Biscuits,Packaged Foods,29
2024-07-25,P004,Cooking Oil,Cooking Essentials,22
2024-07-25,P005,Bread,Bakery,26
2024-07-25,P006,Soft Drinks,Beverages,27
2024-07-25,P007,Sweets,Confectionery,18
2024-07-25,P008,Snacks,Packaged Foods,28
2024-07-26,P001,Rice,Staples,46
2024-07-26,P002,Milk,Dairy,30
2024-07-26,P003,Biscuits,Packaged Foods,32
2024-07-26,P004,Cooking Oil,Cooking Essentials,20
2024-07-26,P005,Bread,Bakery,30
2024-07-26,P006,Soft Drinks,Beverages,26
2024-07-26,P007,Sweets,Confectionery,18
2024-07-26,P008,Snacks,Packaged Foods,37
2024-07-27,P001,Rice,Staples,54
2024-07-27,P002,Milk,Dairy,35
2024-07-27,P003,Biscuits,Packaged Foods,37
2024-07-27,P004,Cooking Oil,Cooking Essentials,22
2024-07-27,P005,Bread,Bakery,29
2024-07-27,P006,Soft Drinks,Beverages,35
2024-07-27,P007,Sweets,Confectionery,22
2024-07-27,P008,Snacks,Packaged Foods,36
2024-07-28,P001,Rice,Staples,50
2024-07-28,P002,Milk,Dairy,38
2024-07-28,P003,Biscuits,Packaged Foods,35
2024-07-28,P004,Cooking Oil,Cooking Essentials,19
2024-07-28,P005,Bread,Bakery,31
2024-07-28,P006,Soft Drinks,Beverages,37
2024-07-28,P007,Sweets,Confectionery,21
2024-07-28,P008,Snacks,Packaged Foods,39
2024-07-29,P001,Rice,Staples,40
2024-07-29,P002,Milk,Dairy,32
2024-07-29,P003,Biscuits,Packaged Foods,29
2024-07-29,P004,Cooking Oil,Cooking Essentials,22
2024-07-29,P005,Bread,Bakery,24
2024-07-29,P006,Soft Drinks,Beverages,29
2024-07-29,P007,Sweets,Confectionery,17
2024-07-29,P008,Snacks,Packaged Foods,33
2024-07-30,P001,Rice,Staples,44
2024-07-30,P002,Milk,Dairy,37
2024-07-30,P003,Biscuits,Packaged Foods,29
2024-07-30,P004,Cooking Oil,Cooking Essentials,17
2024-07-30,P005,Bread,Bakery,22
2024-07-30,P006,Soft Drinks,Beverages,27
2024-07-30,P007,Sweets,Confectionery,16
2024-07-30,P008,Snacks,Packaged Foods,33
2024-07-31,P001,Rice,Staples,43
2024-07-31,P002,Milk,Dairy,42
2024-07-31,P003,Biscuits,Packaged Foods,26
2024-07-31,P004,Cooking Oil,Cooking Essentials,20
2024-07-31,P005,Bread,Bakery,23
2024-07-31,P006,Soft Drinks,Beverages,27
2024-07-31,P007,Sweets,Confectionery,18
2024-07-31,P008,Snacks,Packaged Foods,26
2024-08-01,P001,Rice,Staples,46
2024-08-01,P002,Milk,Dairy,40
2024-08-01,P003,Biscuits,Packaged Foods,29
2024-08-01,P004,Cooking Oil,Cooking Essentials,20
2024-08-01,P005,Bread,Bakery,27
2024-08-01,P006,Soft Drinks,Beverages,28
2024-08-01,P007,Sweets,Confectionery,17
2024-08-01,P008,Snacks,Packaged Foods,26
2024-08-02,P001,Rice,Staples,47
2024-08-02,P002,Milk,Dairy,35
2024-08-02,P003,Biscuits,Packaged Foods,28
2024-08-02,P004,Cooking Oil,Cooking Essentials,20
2024-08-02,P005,Bread,Bakery,24
2024-08-02,P006,Soft Drinks,Beverages,27
2024-08-02,P007,Sweets,Confectionery,19
2024-08-02,P008,Snacks,Packaged Foods,29
2024-08-03,P001,Rice,Staples,53
2024-08-03,P002,Milk,Dairy,33
2024-08-03,P003,Biscuits,Packaged Foods,34
2024-08-03,P004,Cooking Oil,Cooking Essentials,25
2024-08-03,P005,Bread,Bakery,31
2024-08-03,P006,Soft Drinks,Beverages,37
2024-08-03,P007,Sweets,Confectionery,21
2024-08-03,P008,Snacks,Packaged Foods,39
2024-08-04,P001,Rice,Staples,50
2024-08-04,P002,Milk,Dairy,37
2024-08-04,P003,Biscuits,Packaged Foods,36
2024-08-04,P004,Cooking Oil,Cooking Essentials,22
2024-08-04,P005,Bread,Bakery,28
2024-08-04,P006,Soft Drinks,Beverages,33
2024-08-04,P007,Sweets,Confectionery,22
2024-08-04,P008,Snacks,Packaged Foods,42
2024-08-05,P001,Rice,Staples,40
2024-08-05,P002,Milk,Dairy,34
2024-08-05,P003,Biscuits,Packaged Foods,28
2024-08-05,P004,Cooking Oil,Cooking Essentials,20
2024-08-05,P005,Bread,Bakery,24
2024-08-05,P006,Soft Drinks,Beverages,31
2024-08-05,P007,Sweets,Confectionery,19
2024-08-05,P008,Snacks,Packaged Foods,29
2024-08-06,P001,Rice,Staples,47
2024-08-06,P002,Milk,Dairy,33
2024-08-06,P003,Biscuits,Packaged Foods,29
2024-08-06,P004,Cooking Oil,Cooking Essentials,21
2024-08-06,P005,Bread,Bakery,24
2024-08-06,P006,Soft Drinks,Beverages,30
2024-08-06,P007,Sweets,Confectionery,17
2024-08-06,P008,Snacks,Packaged Foods,30
2024-08-07,P001,Rice,Staples,43
2024-08-07,P002,Milk,Dairy,33
2024-08-07,P003,Biscuits,Packaged Foods,33
2024-08-07,P004,Cooking Oil,Cooking Essentials,21
2024-08-07,P005,Bread,Bakery,28
2024-08-07,P006,Soft Drinks,Beverages,33
2024-08-07,P007,Sweets,Confectionery,17
2024-08-07,P008,Snacks,Packaged Foods,32
2024-08-08,P001,Rice,Staples,41
2024-08-08,P002,Milk,Dairy,33
2024-08-08,P003,Biscuits,Packaged Foods,28
2024-08-08,P004,Cooking Oil,Cooking Essentials,18
2024-08-08,P005,Bread,Bakery,23
2024-08-08,P006,Soft Drinks,Beverages,28
2024-08-08,P007,Sweets,Confectionery,16
2024-08-08,P008,Snacks,Packaged Foods,34
2024-08-09,P001,Rice,Staples,42
2024-08-09,P002,Milk,Dairy,43
2024-08-09,P003,Biscuits,Packaged Foods,29
2024-08-09,P004,Cooking Oil,Cooking Essentials,20
2024-08-09,P005,Bread,Bakery,22
2024-08-09,P006,Soft Drinks,Beverages,32
2024-08-09,P007,Sweets,Confectionery,20
2024-08-09,P008,Snacks,Packaged Foods,33
2024-08-10,P001,Rice,Staples,45
2024-08-10,P002,Milk,Dairy,37
2024-08-10,P003,Biscuits,Packaged Foods,33
2024-08-10,P004,Cooking Oil,Cooking Essentials,24
2024-08-10,P005,Bread,Bakery,30
2024-08-10,P006,Soft Drinks,Beverages,37
2024-08-10,P007,Sweets,Confectionery,19
2024-08-10,P008,Snacks,Packaged Foods,37
2024-08-11,P001,Rice,Staples,52
2024-08-11,P002,Milk,Dairy,40
2024-08-11,P003,Biscuits,Packaged Foods,39
2024-08-11,P004,Cooking Oil,Cooking Essentials,19
2024-08-11,P005,Bread,Bakery,29
2024-08-11,P006,Soft Drinks,Beverages,39
2024-08-11,P007,Sweets,Confectionery,20
2024-08-11,P008,Snacks,Packaged Foods,40
2024-08-12,P001,Rice,Staples,46
2024-08-12,P002,Milk,Dairy,34
2024-08-12,P003,Biscuits,Packaged Foods,26
2024-08-12,P004,Cooking Oil,Cooking Essentials,19
2024-08-12,P005,Bread,Bakery,24
2024-08-12,P006,Soft Drinks,Beverages,28
2024-08-12,P007,Sweets,Confectionery,17
2024-08-12,P008,Snacks,Packaged Foods,31
2024-08-13,P001,Rice,Staples,45
2024-08-13,P002,Milk,Dairy,36
2024-08-13,P003,Biscuits,Packaged Foods,29
2024-08-13,P004,Cooking Oil,Cooking Essentials,19
2024-08-13,P005,Bread,Bakery,25
2024-08-13,P006,Soft Drinks,Beverages,24
2024-08-13,P007,Sweets,Confectionery,19
2024-08-13,P008,Snacks,Packaged Foods,32
2024-08-14,P001,Rice,Staples,45
2024-08-14,P002,Milk,Dairy,38
2024-08-14,P003,Biscuits,Packaged Foods,25
2024-08-14,P004,Cooking Oil,Cooking Essentials,17
2024-08-14,P005,Bread,Bakery,26
2024-08-14,P006,Soft Drinks,Beverages,28
2024-08-14,P007,Sweets,Confectionery,18
2024-08-14,P008,Snacks,Packaged Foods,31
2024-08-15,P001,Rice,Staples,56
2024-08-15,P002,Milk,Dairy,45
2024-08-15,P003,Biscuits,Packaged Foods,37
2024-08-15,P004,Cooking Oil,Cooking Essentials,24
2024-08-15,P005,Bread,Bakery,26
2024-08-15,P006,Soft Drinks,Beverages,35
2024-08-15,P007,Sweets,Confectionery,23
2024-08-15,P008,Snacks,Packaged Foods,40
2024-08-16,P001,Rice,Staples,42
2024-08-16,P002,Milk,Dairy,37
2024-08-16,P003,Biscuits,Packaged Foods,32
2024-08-16,P004,Cooking Oil,Cooking Essentials,22
2024-08-16,P005,Bread,Bakery,23
2024-08-16,P006,Soft Drinks,Beverages,27
2024-08-16,P007,Sweets,Confectionery,19
2024-08-16,P008,Snacks,Packaged Foods,32
2024-08-17,P001,Rice,Staples,45
2024-08-17,P002,Milk,Dairy,38
2024-08-17,P003,Biscuits,Packaged Foods,37
2024-08-17,P004,Cooking Oil,Cooking Essentials,22
2024-08-17,P005,Bread,Bakery,29
2024-08-17,P006,Soft Drinks,Beverages,36
2024-08-17,P007,Sweets,Confectionery,25
2024-08-17,P008,Snacks,Packaged Foods,38
2024-08-18,P001,Rice,Staples,47
2024-08-18,P002,Milk,Dairy,37
2024-08-18,P003,Biscuits,Packaged Foods,38
2024-08-18,P004,Cooking Oil,Cooking Essentials,19
2024-08-18,P005,Bread,Bakery,26
2024-08-18,P006,Soft Drinks,Beverages,32
2024-08-18,P007,Sweets,Confectionery,23
2024-08-18,P008,Snacks,Packaged Foods,37
2024-08-19,P001,Rice,Staples,44
2024-08-19,P002,Milk,Dairy,37
2024-08-19,P003,Biscuits,Packaged Foods,28
2024-08-19,P004,Cooking Oil,Cooking Essentials,20
2024-08-19,P005,Bread,Bakery,24
2024-08-19,P006,Soft Drinks,Beverages,30
2024-08-19,P007,Sweets,Confectionery,19
2024-08-19,P008,Snacks,Packaged Foods,30
2024-08-20,P001,Rice,Staples,44
2024-08-20,P002,Milk,Dairy,38
2024-08-20,P003,Biscuits,Packaged Foods,31
2024-08-20,P004,Cooking Oil,Cooking Essentials,18
2024-08-20,P005,Bread,Bakery,26
2024-08-20,P006,Soft Drinks,Beverages,26
2024-08-20,P007,Sweets,Confectionery,20
2024-08-20,P008,Snacks,Packaged Foods,35
2024-08-21,P001,Rice,Staples,46
2024-08-21,P002,Milk,Dairy,35
2024-08-21,P003,Biscuits,Packaged Foods,29
2024-08-21,P004,Cooking Oil,Cooking Essentials,21
2024-08-21,P005,Bread,Bakery,24
2024-08-21,P006,Soft Drinks,Beverages,29
2024-08-21,P007,Sweets,Confectionery,19
2024-08-21,P008,Snacks,Packaged Foods,31
2024-08-22,P001,Rice,Staples,43
2024-08-22,P002,Milk,Dairy,32
2024-08-22,P003,Biscuits,Packaged Foods,27
2024-08-22,P004,Cooking Oil,Cooking Essentials,17
2024-08-22,P005,Bread,Bakery,26
2024-08-22,P006,Soft Drinks,Beverages,32
2024-08-22,P007,Sweets,Confectionery,20
2024-08-22,P008,Snacks,Packaged Foods,28
2024-08-23,P001,Rice,Staples,48
2024-08-23,P002,Milk,Dairy,39
2024-08-23,P003,Biscuits,Packaged Foods,29
2024-08-23,P004,Cooking Oil,Cooking Essentials,20
2024-08-23,P005,Bread,Bakery,21
2024-08-23,P006,Soft Drinks,Beverages,29
2024-08-23,P007,Sweets,Confectionery,16
2024-08-23,P008,Snacks,Packaged Foods,33
2024-08-24,P001,Rice,Staples,44
2024-08-24,P002,Milk,Dairy,38
2024-08-24,P003,Biscuits,Packaged Foods,38
2024-08-24,P004,Cooking Oil,Cooking Essentials,20
2024-08-24,P005,Bread,Bakery,26
2024-08-24,P006,Soft Drinks,Beverages,32
2024-08-24,P007,Sweets,Confectionery,22
2024-08-24,P008,Snacks,Packaged Foods,39
2024-08-25,P001,Rice,Staples,44
2024-08-25,P002,Milk,Dairy,38
2024-08-25,P003,Biscuits,Packaged Foods,35
2024-08-25,P004,Cooking Oil,Cooking Essentials,20
2024-08-25,P005,Bread,Bakery,28
2024-08-25,P006,Soft Drinks,Beverages,39
2024-08-25,P007,Sweets,Confectionery,23
2024-08-25,P008,Snacks,Packaged Foods,40
2024-08-26,P001,Rice,Staples,47
2024-08-26,P002,Milk,Dairy,32
2024-08-26,P003,Biscuits,Packaged Foods,30
2024-08-26,P004,Cooking Oil,Cooking Essentials,20
2024-08-26,P005,Bread,Bakery,24
2024-08-26,P006,Soft Drinks,Beverages,29
2024-08-26,P007,Sweets,Confectionery,17
2024-08-26,P008,Snacks,Packaged Foods,33
2024-08-27,P001,Rice,Staples,47
2024-08-27,P002,Milk,Dairy,27
2024-08-27,P003,Biscuits,Packaged Foods,33
2024-08-27,P004,Cooking Oil,Cooking Essentials,15
2024-08-27,P005,Bread,Bakery,24
2024-08-27,P006,Soft Drinks,Beverages,30
2024-08-27,P007,Sweets,Confectionery,18
2024-08-27,P008,Snacks,Packaged Foods,28
2024-08-28,P001,Rice,Staples,41
2024-08-28,P002,Milk,Dairy,38
2024-08-28,P003,Biscuits,Packaged Foods,25
2024-08-28,P004,Cooking Oil,Cooking Essentials,22
2024-08-28,P005,Bread,Bakery,25
2024-08-28,P006,Soft Drinks,Beverages,25
2024-08-28,P007,Sweets,Confectionery,17
2024-08-28,P008,Snacks,Packaged Foods,29
2024-08-29,P001,Rice,Staples,48
2024-08-29,P002,Milk,Dairy,37
2024-08-29,P003,Biscuits,Packaged Foods,26
2024-08-29,P004,Cooking Oil,Cooking Essentials,19
2024-08-29,P005,Bread,Bakery,23
2024-08-29,P006,Soft Drinks,Beverages,31
2024-08-29,P007,Sweets,Confectionery,16
2024-08-29,P008,Snacks,Packaged Foods,36
2024-08-30,P001,Rice,Staples,45
2024-08-30,P002,Milk,Dairy,32
2024-08-30,P003,Biscuits,Packaged Foods,28
2024-08-30,P004,Cooking Oil,Cooking Essentials,19
2024-08-30,P005,Bread,Bakery,22
2024-08-30,P006,Soft Drinks,Beverages,28
2024-08-30,P007,Sweets,Confectionery,16
2024-08-30,P008,Snacks,Packaged Foods,26
2024-08-31,P001,Rice,Staples,48
2024-08-31,P002,Milk,Dairy,32
2024-08-31,P003,Biscuits,Packaged Foods,34
2024-08-31,P004,Cooking Oil,Cooking Essentials,20
2024-08-31,P005,Bread,Bakery,27
2024-08-31,P006,Soft Drinks,Beverages,41
2024-08-31,P007,Sweets,Confectionery,23
2024-08-31,P008,Snacks,Packaged Foods,41
2024-09-01,P001,Rice,Staples,43
2024-09-01,P002,Milk,Dairy,35
2024-09-01,P003,Biscuits,Packaged Foods,37
2024-09-01,P004,Cooking Oil,Cooking Essentials,20
2024-09-01,P005,Bread,Bakery,31
2024-09-01,P006,Soft Drinks,Beverages,34
2024-09-01,P007,Sweets,Confectionery,22
2024-09-01,P008,Snacks,Packaged Foods,38
2024-09-02,P001,Rice,Staples,46
2024-09-02,P002,Milk,Dairy,33
2024-09-02,P003,Biscuits,Packaged Foods,29
2024-09-02,P004,Cooking Oil,Cooking Essentials,20
2024-09-02,P005,Bread,Bakery,24
2024-09-02,P006,Soft Drinks,Beverages,29
2024-09-02,P007,Sweets,Confectionery,18
2024-09-02,P008,Snacks,Packaged Foods,32
2024-09-03,P001,Rice,Staples,43
2024-09-03,P002,Milk,Dairy,37
2024-09-03,P003,Biscuits,Packaged Foods,29
2024-09-03,P004,Cooking Oil,Cooking Essentials,20
2024-09-03,P005,Bread,Bakery,25
2024-09-03,P006,Soft Drinks,Beverages,32
2024-09-03,P007,Sweets,Confectionery,16
2024-09-03,P008,Snacks,Packaged Foods,34
2024-09-04,P001,Rice,Staples,38
2024-09-04,P002,Milk,Dairy,36
2024-09-04,P003,Biscuits,Packaged Foods,34
2024-09-04,P004,Cooking Oil,Cooking Essentials,21
2024-09-04,P005,Bread,Bakery,25
2024-09-04,P006,Soft Drinks,Beverages,27
2024-09-04,P007,Sweets,Confectionery,18
2024-09-04,P008,Snacks,Packaged Foods,31
2024-09-05,P001,Rice,Staples,42
2024-09-05,P002,Milk,Dairy,34
2024-09-05,P003,Biscuits,Packaged Foods,30
2024-09-05,P004,Cooking Oil,Cooking Essentials,19
2024-09-05,P005,Bread,Bakery,23
2024-09-05,P006,Soft Drinks,Beverages,25
2024-09-05,P007,Sweets,Confectionery,19
2024-09-05,P008,Snacks,Packaged Foods,33
2024-09-06,P001,Rice,Staples,46
2024-09-06,P002,Milk,Dairy,38
2024-09-06,P003,Biscuits,Packaged Foods,30
2024-09-06,P004,Cooking Oil,Cooking Essentials,21
2024-09-06,P005,Bread,Bakery,26
2024-09-06,P006,Soft Drinks,Beverages,28
2024-09-06,P007,Sweets,Confectionery,17
2024-09-06,P008,Snacks,Packaged Foods,38
2024-09-07,P001,Rice,Staples,48
2024-09-07,P002,Milk,Dairy,35
2024-09-07,P003,Biscuits,Packaged Foods,37
2024-09-07,P004,Cooking Oil,Cooking Essentials,22
2024-09-07,P005,Bread,Bakery,26
2024-09-07,P006,Soft Drinks,Beverages,39
2024-09-07,P007,Sweets,Confectionery,22
2024-09-07,P008,Snacks,Packaged Foods,37
2024-09-08,P001,Rice,Staples,54
2024-09-08,P002,Milk,Dairy,39
2024-09-08,P003,Biscuits,Packaged Foods,33
2024-09-08,P004,Cooking Oil,Cooking Essentials,24
2024-09-08,P005,Bread,Bakery,30
2024-09-08,P006,Soft Drinks,Beverages,36
2024-09-08,P007,Sweets,Confectionery,25
2024-09-08,P008,Snacks,Packaged Foods,40
2024-09-09,P001,Rice,Staples,45
2024-09-09,P002,Milk,Dairy,33
2024-09-09,P003,Biscuits,Packaged Foods,31
2024-09-09,P004,Cooking Oil,Cooking Essentials,21
2024-09-09,P005,Bread,Bakery,25
2024-09-09,P006,Soft Drinks,Beverages,26
2024-09-09,P007,Sweets,Confectionery,18
2024-09-09,P008,Snacks,Packaged Foods,32
2024-09-10,P001,Rice,Staples,40
2024-09-10,P002,Milk,Dairy,31
2024-09-10,P003,Biscuits,Packaged Foods,31
2024-09-10,P004,Cooking Oil,Cooking Essentials,16
2024-09-10,P005,Bread,Bakery,25
2024-09-10,P006,Soft Drinks,Beverages,27
2024-09-10,P007,Sweets,Confectionery,20
2024-09-10,P008,Snacks,Packaged Foods,31
2024-09-11,P001,Rice,Staples,47
2024-09-11,P002,Milk,Dairy,34
2024-09-11,P003,Biscuits,Packaged Foods,30
2024-09-11,P004,Cooking Oil,Cooking Essentials,21
2024-09-11,P005,Bread,Bakery,24
2024-09-11,P006,Soft Drinks,Beverages,30
2024-09-11,P007,Sweets,Confectionery,17
2024-09-11,P008,Snacks,Packaged Foods,33
2024-09-12,P001,Rice,Staples,48
2024-09-12,P002,Milk,Dairy,37
2024-09-12,P003,Biscuits,Packaged Foods,35
2024-09-12,P004,Cooking Oil,Cooking Essentials,19
2024-09-12,P005,Bread,Bakery,22
2024-09-12,P006,Soft Drinks,Beverages,26
2024-09-12,P007,Sweets,Confectionery,19
2024-09-12,P008,Snacks,Packaged Foods,33
2024-09-13,P001,Rice,Staples,45
2024-09-13,P002,Milk,Dairy,32
2024-09-13,P003,Biscuits,Packaged Foods,32
2024-09-13,P004,Cooking Oil,Cooking Essentials,18
2024-09-13,P005,Bread,Bakery,27
2024-09-13,P006,Soft Drinks,Beverages,34
2024-09-13,P007,Sweets,Confectionery,19
2024-09-13,P008,Snacks,Packaged Foods,33
2024-09-14,P001,Rice,Staples,48
2024-09-14,P002,Milk,Dairy,32
2024-09-14,P003,Biscuits,Packaged Foods,35
2024-09-14,P004,Cooking Oil,Cooking Essentials,20
2024-09-14,P005,Bread,Bakery,26
2024-09-14,P006,Soft Drinks,Beverages,40
2024-09-14,P007,Sweets,Confectionery,23
2024-09-14,P008,Snacks,Packaged Foods,41
2024-09-15,P001,Rice,Staples,48
2024-09-15,P002,Milk,Dairy,36
2024-09-15,P003,Biscuits,Packaged Foods,38
2024-09-15,P004,Cooking Oil,Cooking Essentials,22
2024-09-15,P005,Bread,Bakery,30
2024-09-15,P006,Soft Drinks,Beverages,36
2024-09-15,P007,Sweets,Confectionery,22
2024-09-15,P008,Snacks,Packaged Foods,36
2024-09-16,P001,Rice,Staples,38
2024-09-16,P002,Milk,Dairy,34
2024-09-16,P003,Biscuits,Packaged Foods,30
2024-09-16,P004,Cooking Oil,Cooking Essentials,18
2024-09-16,P005,Bread,Bakery,25
2024-09-16,P006,Soft Drinks,Beverages,28
2024-09-16,P007,Sweets,Confectionery,15
2024-09-16,P008,Snacks,Packaged Foods,30
2024-09-17,P001,Rice,Staples,46
2024-09-17,P002,Milk,Dairy,36
2024-09-17,P003,Biscuits,Packaged Foods,27
2024-09-17,P004,Cooking Oil,Cooking Essentials,20
2024-09-17,P005,Bread,Bakery,27
2024-09-17,P006,Soft Drinks,Beverages,30
2024-09-17,P007,Sweets,Confectionery,18
2024-09-17,P008,Snacks,Packaged Foods,31
2024-09-18,P001,Rice,Staples,43
2024-09-18,P002,Milk,Dairy,36
2024-09-18,P003,Biscuits,Packaged Foods,30
2024-09-18,P004,Cooking Oil,Cooking Essentials,21
2024-09-18,P005,Bread,Bakery,25
2024-09-18,P006,Soft Drinks,Beverages,30
2024-09-18,P007,Sweets,Confectionery,18
2024-09-18,P008,Snacks,Packaged Foods,34
2024-09-19,P001,Rice,Staples,48
2024-09-19,P002,Milk,Dairy,33
2024-09-19,P003,Biscuits,Packaged Foods,26
2024-09-19,P004,Cooking Oil,Cooking Essentials,22
2024-09-19,P005,Bread,Bakery,26
2024-09-19,P006,Soft Drinks,Beverages,24
2024-09-19,P007,Sweets,Confectionery,17
2024-09-19,P008,Snacks,Packaged Foods,34
2024-09-20,P001,Rice,Staples,44
2024-09-20,P002,Milk,Dairy,34
2024-09-20,P003,Biscuits,Packaged Foods,33
2024-09-20,P004,Cooking Oil,Cooking Essentials,18
2024-09-20,P005,Bread,Bakery,23
2024-09-20,P006,Soft Drinks,Beverages,28
2024-09-20,P007,Sweets,Confectionery,19
2024-09-20,P008,Snacks,Packaged Foods,33
2024-09-21,P001,Rice,Staples,53
2024-09-21,P002,Milk,Dairy,37
2024-09-21,P003,Biscuits,Packaged Foods,37
2024-09-21,P004,Cooking Oil,Cooking Essentials,21
2024-09-21,P005,Bread,Bakery,29
2024-09-21,P006,Soft Drinks,Beverages,37
2024-09-21,P007,Sweets,Confectionery,23
2024-09-21,P008,Snacks,Packaged Foods,42
2024-09-22,P001,Rice,Staples,51
2024-09-22,P002,Milk,Dairy,37
2024-09-22,P003,Biscuits,Packaged Foods,34
2024-09-22,P004,Cooking Oil,Cooking Essentials,22
2024-09-22,P005,Bread,Bakery,29
2024-09-22,P006,Soft Drinks,Beverages,37
2024-09-22,P007,Sweets,Confectionery,26
2024-09-22,P008,Snacks,Packaged Foods,39
2024-09-23,P001,Rice,Staples,47
2024-09-23,P002,Milk,Dairy,38
2024-09-23,P003,Biscuits,Packaged Foods,30
2024-09-23,P004,Cooking Oil,Cooking Essentials,24
2024-09-23,P005,Bread,Bakery,24
2024-09-23,P006,Soft Drinks,Beverages,29
2024-09-23,P007,Sweets,Confectionery,17
2024-09-23,P008,Snacks,Packaged Foods,31
2024-09-24,P001,Rice,Staples,46
2024-09-24,P002,Milk,Dairy,37
2024-09-24,P003,Biscuits,Packaged Foods,31
2024-09-24,P004,Cooking Oil,Cooking Essentials,22
2024-09-24,P005,Bread,Bakery,25
2024-09-24,P006,Soft Drinks,Beverages,27
2024-09-24,P007,Sweets,Confectionery,22
2024-09-24,P008,Snacks,Packaged Foods,33
2024-09-25,P001,Rice,Staples,42
2024-09-25,P002,Milk,Dairy,33
2024-09-25,P003,Biscuits,Packaged Foods,28
2024-09-25,P004,Cooking Oil,Cooking Essentials,21
2024-09-25,P005,Bread,Bakery,24
2024-09-25,P006,Soft Drinks,Beverages,28
2024-09-25,P007,Sweets,Confectionery,18
2024-09-25,P008,Snacks,Packaged Foods,34
2024-09-26,P001,Rice,Staples,42
2024-09-26,P002,Milk,Dairy,32
2024-09-26,P003,Biscuits,Packaged Foods,31
2024-09-26,P004,Cooking Oil,Cooking Essentials,21
2024-09-26,P005,Bread,Bakery,26
2024-09-26,P006,Soft Drinks,Beverages,26
2024-09-26,P007,Sweets,Confectionery,19
2024-09-26,P008,Snacks,Packaged Foods,30
2024-09-27,P001,Rice,Staples,43
2024-09-27,P002,Milk,Dairy,32
2024-09-27,P003,Biscuits,Packaged Foods,33
2024-09-27,P004,Cooking Oil,Cooking Essentials,21
2024-09-27,P005,Bread,Bakery,26
2024-09-27,P006,Soft Drinks,Beverages,31
2024-09-27,P007,Sweets,Confectionery,22
2024-09-27,P008,Snacks,Packaged Foods,28
2024-09-28,P001,Rice,Staples,47
2024-09-28,P002,Milk,Dairy,35
2024-09-28,P003,Biscuits,Packaged Foods,34
2024-09-28,P004,Cooking Oil,Cooking Essentials,20
2024-09-28,P005,Bread,Bakery,28
2024-09-28,P006,Soft Drinks,Beverages,34
2024-09-28,P007,Sweets,Confectionery,23
2024-09-28,P008,Snacks,Packaged Foods,40
2024-09-29,P001,Rice,Staples,51
2024-09-29,P002,Milk,Dairy,38
2024-09-29,P003,Biscuits,Packaged Foods,37
2024-09-29,P004,Cooking Oil,Cooking Essentials,21
2024-09-29,P005,Bread,Bakery,33
2024-09-29,P006,Soft Drinks,Beverages,37
2024-09-29,P007,Sweets,Confectionery,20
2024-09-29,P008,Snacks,Packaged Foods,37
2024-09-30,P001,Rice,Staples,39
2024-09-30,P002,Milk,Dairy,35
2024-09-30,P003,Biscuits,Packaged Foods,30
2024-09-30,P004,Cooking Oil,Cooking Essentials,19
2024-09-30,P005,Bread,Bakery,29
2024-09-30,P006,Soft Drinks,Beverages,29
2024-09-30,P007,Sweets,Confectionery,19
2024-09-30,P008,Snacks,Packaged Foods,30
2024-10-01,P001,Rice,Staples,41
2024-10-01,P002,Milk,Dairy,35
2024-10-01,P003,Biscuits,Packaged Foods,30
2024-10-01,P004,Cooking Oil,Cooking Essentials,17
2024-10-01,P005,Bread,Bakery,25
2024-10-01,P006,Soft Drinks,Beverages,28
2024-10-01,P007,Sweets,Confectionery,18
2024-10-01,P008,Snacks,Packaged Foods,30
2024-10-02,P001,Rice,Staples,43
2024-10-02,P002,Milk,Dairy,35
2024-10-02,P003,Biscuits,Packaged Foods,30
2024-10-02,P004,Cooking Oil,Cooking Essentials,21
2024-10-02,P005,Bread,Bakery,27
2024-10-02,P006,Soft Drinks,Beverages,27
2024-10-02,P007,Sweets,Confectionery,17
2024-10-02,P008,Snacks,Packaged Foods,33
2024-10-03,P001,Rice,Staples,47
2024-10-03,P002,Milk,Dairy,34
2024-10-03,P003,Biscuits,Packaged Foods,32
2024-10-03,P004,Cooking Oil,Cooking Essentials,22
2024-10-03,P005,Bread,Bakery,28
2024-10-03,P006,Soft Drinks,Beverages,32
2024-10-03,P007,Sweets,Confectionery,17
2024-10-03,P008,Snacks,Packaged Foods,32
2024-10-04,P001,Rice,Staples,45
2024-10-04,P002,Milk,Dairy,35
2024-10-04,P003,Biscuits,Packaged Foods,28
2024-10-04,P004,Cooking Oil,Cooking Essentials,18
2024-10-04,P005,Bread,Bakery,25
2024-10-04,P006,Soft Drinks,Beverages,26
2024-10-04,P007,Sweets,Confectionery,18
2024-10-04,P008,Snacks,Packaged Foods,30
2024-10-05,P001,Rice,Staples,46
2024-10-05,P002,Milk,Dairy,37
2024-10-05,P003,Biscuits,Packaged Foods,36
2024-10-05,P004,Cooking Oil,Cooking Essentials,23
2024-10-05,P005,Bread,Bakery,33
2024-10-05,P006,Soft Drinks,Beverages,37
2024-10-05,P007,Sweets,Confectionery,23
2024-10-05,P008,Snacks,Packaged Foods,37
2024-10-06,P001,Rice,Staples,45
2024-10-06,P002,Milk,Dairy,41
2024-10-06,P003,Biscuits,Packaged Foods,34
2024-10-06,P004,Cooking Oil,Cooking Essentials,20
2024-10-06,P005,Bread,Bakery,29
2024-10-06,P006,Soft Drinks,Beverages,36
2024-10-06,P007,Sweets,Confectionery,21
2024-10-06,P008,Snacks,Packaged Foods,39
2024-10-07,P001,Rice,Staples,49
2024-10-07,P002,Milk,Dairy,33
2024-10-07,P003,Biscuits,Packaged Foods,27
2024-10-07,P004,Cooking Oil,Cooking Essentials,22
2024-10-07,P005,Bread,Bakery,26
2024-10-07,P006,Soft Drinks,Beverages,27
2024-10-07,P007,Sweets,Confectionery,16
2024-10-07,P008,Snacks,Packaged Foods,30
2024-10-08,P001,Rice,Staples,45
2024-10-08,P002,Milk,Dairy,38
2024-10-08,P003,Biscuits,Packaged Foods,28
2024-10-08,P004,Cooking Oil,Cooking Essentials,20
2024-10-08,P005,Bread,Bakery,26
2024-10-08,P006,Soft Drinks,Beverages,23
2024-10-08,P007,Sweets,Confectionery,19
2024-10-08,P008,Snacks,Packaged Foods,29
2024-10-09,P001,Rice,Staples,46
2024-10-09,P002,Milk,Dairy,36
2024-10-09,P003,Biscuits,Packaged Foods,33
2024-10-09,P004,Cooking Oil,Cooking Essentials,21
2024-10-09,P005,Bread,Bakery,20
2024-10-09,P006,Soft Drinks,Beverages,26
2024-10-09,P007,Sweets,Confectionery,18
2024-10-09,P008,Snacks,Packaged Foods,32
2024-10-10,P001,Rice,Staples,47
2024-10-10,P002,Milk,Dairy,37
2024-10-10,P003,Biscuits,Packaged Foods,31
2024-10-10,P004,Cooking Oil,Cooking Essentials,20
2024-10-10,P005,Bread,Bakery,21
2024-10-10,P006,Soft Drinks,Beverages,27
2024-10-10,P007,Sweets,Confectionery,19
2024-10-10,P008,Snacks,Packaged Foods,29
2024-10-11,P001,Rice,Staples,47
2024-10-11,P002,Milk,Dairy,38
2024-10-11,P003,Biscuits,Packaged Foods,30
2024-10-11,P004,Cooking Oil,Cooking Essentials,15
2024-10-11,P005,Bread,Bakery,22
2024-10-11,P006,Soft Drinks,Beverages,32
2024-10-11,P007,Sweets,Confectionery,17
2024-10-11,P008,Snacks,Packaged Foods,27
2024-10-12,P001,Rice,Staples,54
2024-10-12,P002,Milk,Dairy,37
2024-10-12,P003,Biscuits,Packaged Foods,39
2024-10-12,P004,Cooking Oil,Cooking Essentials,22
2024-10-12,P005,Bread,Bakery,30
2024-10-12,P006,Soft Drinks,Beverages,37
2024-10-12,P007,Sweets,Confectionery,24
2024-10-12,P008,Snacks,Packaged Foods,46
2024-10-13,P001,Rice,Staples,53
2024-10-13,P002,Milk,Dairy,32
2024-10-13,P003,Biscuits,Packaged Foods,37
2024-10-13,P004,Cooking Oil,Cooking Essentials,23
2024-10-13,P005,Bread,Bakery,31
2024-10-13,P006,Soft Drinks,Beverages,35
2024-10-13,P007,Sweets,Confectionery,24
2024-10-13,P008,Snacks,Packaged Foods,42
2024-10-14,P001,Rice,Staples,54
2024-10-14,P002,Milk,Dairy,33
2024-10-14,P003,Biscuits,Packaged Foods,29
2024-10-14,P004,Cooking Oil,Cooking Essentials,20
2024-10-14,P005,Bread,Bakery,24
2024-10-14,P006,Soft Drinks,Beverages,26
2024-10-14,P007,Sweets,Confectionery,14
2024-10-14,P008,Snacks,Packaged Foods,31
2024-10-15,P001,Rice,Staples,46
2024-10-15,P002,Milk,Dairy,34
2024-10-15,P003,Biscuits,Packaged Foods,35
2024-10-15,P004,Cooking Oil,Cooking Essentials,20
2024-10-15,P005,Bread,Bakery,28
2024-10-15,P006,Soft Drinks,Beverages,29
2024-10-15,P007,Sweets,Confectionery,19
2024-10-15,P008,Snacks,Packaged Foods,33
2024-10-16,P001,Rice,Staples,50
2024-10-16,P002,Milk,Dairy,35
2024-10-16,P003,Biscuits,Packaged Foods,31
2024-10-16,P004,Cooking Oil,Cooking Essentials,21
2024-10-16,P005,Bread,Bakery,24
2024-10-16,P006,Soft Drinks,Beverages,29
2024-10-16,P007,Sweets,Confectionery,21
2024-10-16,P008,Snacks,Packaged Foods,31
2024-10-17,P001,Rice,Staples,47
2024-10-17,P002,Milk,Dairy,39
2024-10-17,P003,Biscuits,Packaged Foods,33
2024-10-17,P004,Cooking Oil,Cooking Essentials,20
2024-10-17,P005,Bread,Bakery,20
2024-10-17,P006,Soft Drinks,Beverages,29
2024-10-17,P007,Sweets,Confectionery,15
2024-10-17,P008,Snacks,Packaged Foods,36
2024-10-18,P001,Rice,Staples,46
2024-10-18,P002,Milk,Dairy,38
2024-10-18,P003,Biscuits,Packaged Foods,28
2024-10-18,P004,Cooking Oil,Cooking Essentials,18
2024-10-18,P005,Bread,Bakery,26
2024-10-18,P006,Soft Drinks,Beverages,28
2024-10-18,P007,Sweets,Confectionery,17
2024-10-18,P008,Snacks,Packaged Foods,32
2024-10-19,P001,Rice,Staples,59
2024-10-19,P002,Milk,Dairy,39
2024-10-19,P003,Biscuits,Packaged Foods,39
2024-10-19,P004,Cooking Oil,Cooking Essentials,23
2024-10-19,P005,Bread,Bakery,32
2024-10-19,P006,Soft Drinks,Beverages,36
2024-10-19,P007,Sweets,Confectionery,20
2024-10-19,P008,Snacks,Packaged Foods,40
2024-10-20,P001,Rice,Staples,52
2024-10-20,P002,Milk,Dairy,34
2024-10-20,P003,Biscuits,Packaged Foods,36
2024-10-20,P004,Cooking Oil,Cooking Essentials,20
2024-10-20,P005,Bread,Bakery,32
2024-10-20,P006,Soft Drinks,Beverages,38
2024-10-20,P007,Sweets,Confectionery,23
2024-10-20,P008,Snacks,Packaged Foods,42
2024-10-21,P001,Rice,Staples,45
2024-10-21,P002,Milk,Dairy,36
2024-10-21,P003,Biscuits,Packaged Foods,27
2024-10-21,P004,Cooking Oil,Cooking Essentials,17
2024-10-21,P005,Bread,Bakery,25
2024-10-21,P006,Soft Drinks,Beverages,29
2024-10-21,P007,Sweets,Confectionery,20
2024-10-21,P008,Snacks,Packaged Foods,36
2024-10-22,P001,Rice,Staples,51
2024-10-22,P002,Milk,Dairy,32
2024-10-22,P003,Biscuits,Packaged Foods,29
2024-10-22,P004,Cooking Oil,Cooking Essentials,21
2024-10-22,P005,Bread,Bakery,30
2024-10-22,P006,Soft Drinks,Beverages,31
2024-10-22,P007,Sweets,Confectionery,20
2024-10-22,P008,Snacks,Packaged Foods,31
2024-10-23,P001,Rice,Staples,42
2024-10-23,P002,Milk,Dairy,37
2024-10-23,P003,Biscuits,Packaged Foods,27
2024-10-23,P004,Cooking Oil,Cooking Essentials,20
2024-10-23,P005,Bread,Bakery,25
2024-10-23,P006,Soft Drinks,Beverages,32
2024-10-23,P007,Sweets,Confectionery,17
2024-10-23,P008,Snacks,Packaged Foods,26
2024-10-24,P001,Rice,Staples,47
2024-10-24,P002,Milk,Dairy,33
2024-10-24,P003,Biscuits,Packaged Foods,30
2024-10-24,P004,Cooking Oil,Cooking Essentials,20
2024-10-24,P005,Bread,Bakery,24
2024-10-24,P006,Soft Drinks,Beverages,30
2024-10-24,P007,Sweets,Confectionery,16
2024-10-24,P008,Snacks,Packaged Foods,31
2024-10-25,P001,Rice,Staples,47
2024-10-25,P002,Milk,Dairy,33
2024-10-25,P003,Biscuits,Packaged Foods,26
2024-10-25,P004,Cooking Oil,Cooking Essentials,21
2024-10-25,P005,Bread,Bakery,27
2024-10-25,P006,Soft Drinks,Beverages,28
2024-10-25,P007,Sweets,Confectionery,15
2024-10-25,P008,Snacks,Packaged Foods,34
2024-10-26,P001,Rice,Staples,44
2024-10-26,P002,Milk,Dairy,38
2024-10-26,P003,Biscuits,Packaged Foods,34
2024-10-26,P004,Cooking Oil,Cooking Essentials,20
2024-10-26,P005,Bread,Bakery,28
2024-10-26,P006,Soft Drinks,Beverages,36
2024-10-26,P007,Sweets,Confectionery,22
2024-10-26,P008,Snacks,Packaged Foods,42
2024-10-27,P001,Rice,Staples,48
2024-10-27,P002,Milk,Dairy,39
2024-10-27,P003,Biscuits,Packaged Foods,37
2024-10-27,P004,Cooking Oil,Cooking Essentials,20
2024-10-27,P005,Bread,Bakery,27
2024-10-27,P006,Soft Drinks,Beverages,33
2024-10-27,P007,Sweets,Confectionery,23
2024-10-27,P008,Snacks,Packaged Foods,39
2024-10-28,P001,Rice,Staples,36
2024-10-28,P002,Milk,Dairy,33
2024-10-28,P003,Biscuits,Packaged Foods,28
2024-10-28,P004,Cooking Oil,Cooking Essentials,23
2024-10-28,P005,Bread,Bakery,22
2024-10-28,P006,Soft Drinks,Beverages,25
2024-10-28,P007,Sweets,Confectionery,20
2024-10-28,P008,Snacks,Packaged Foods,35
2024-10-29,P001,Rice,Staples,42
2024-10-29,P002,Milk,Dairy,33
2024-10-29,P003,Biscuits,Packaged Foods,31
2024-10-29,P004,Cooking Oil,Cooking Essentials,16
2024-10-29,P005,Bread,Bakery,21
2024-10-29,P006,Soft Drinks,Beverages,27
2024-10-29,P007,Sweets,Confectionery,20
2024-10-29,P008,Snacks,Packaged Foods,31
2024-10-30,P001,Rice,Staples,45
2024-10-30,P002,Milk,Dairy,38
2024-10-30,P003,Biscuits,Packaged Foods,35
2024-10-30,P004,Cooking Oil,Cooking Essentials,19
2024-10-30,P005,Bread,Bakery,25
2024-10-30,P006,Soft Drinks,Beverages,32
2024-10-30,P007,Sweets,Confectionery,16
2024-10-30,P008,Snacks,Packaged Foods,35
2024-10-31,P001,Rice,Staples,41
2024-10-31,P002,Milk,Dairy,35
2024-10-31,P003,Biscuits,Packaged Foods,29
2024-10-31,P004,Cooking Oil,Cooking Essentials,18
2024-10-31,P005,Bread,Bakery,23
2024-10-31,P006,Soft Drinks,Beverages,29
2024-10-31,P007,Sweets,Confectionery,19
2024-10-31,P008,Snacks,Packaged Foods,32
2024-11-01,P001,Rice,Staples,45
2024-11-01,P002,Milk,Dairy,37
2024-11-01,P003,Biscuits,Packaged Foods,28
2024-11-01,P004,Cooking Oil,Cooking Essentials,21
2024-11-01,P005,Bread,Bakery,27
2024-11-01,P006,Soft Drinks,Beverages,34
2024-11-01,P007,Sweets,Confectionery,17
2024-11-01,P008,Snacks,Packaged Foods,31
2024-11-02,P001,Rice,Staples,52
2024-11-02,P002,Milk,Dairy,39
2024-11-02,P003,Biscuits,Packaged Foods,35
2024-11-02,P004,Cooking Oil,Cooking Essentials,21
2024-11-02,P005,Bread,Bakery,30
2024-11-02,P006,Soft Drinks,Beverages,35
2024-11-02,P007,Sweets,Confectionery,22
2024-11-02,P008,Snacks,Packaged Foods,40
2024-11-03,P001,Rice,Staples,53
2024-11-03,P002,Milk,Dairy,35
2024-11-03,P003,Biscuits,Packaged Foods,32
2024-11-03,P004,Cooking Oil,Cooking Essentials,19
2024-11-03,P005,Bread,Bakery,26
2024-11-03,P006,Soft Drinks,Beverages,33
2024-11-03,P007,Sweets,Confectionery,22
2024-11-03,P008,Snacks,Packaged Foods,37
2024-11-04,P001,Rice,Staples,43
2024-11-04,P002,Milk,Dairy,34
2024-11-04,P003,Biscuits,Packaged Foods,30
2024-11-04,P004,Cooking Oil,Cooking Essentials,23
2024-11-04,P005,Bread,Bakery,27
2024-11-04,P006,Soft Drinks,Beverages,29
2024-11-04,P007,Sweets,Confectionery,18
2024-11-04,P008,Snacks,Packaged Foods,32
2024-11-05,P001,Rice,Staples,48
2024-11-05,P002,Milk,Dairy,38
2024-11-05,P003,Biscuits,Packaged Foods,29
2024-11-05,P004,Cooking Oil,Cooking Essentials,21
2024-11-05,P005,Bread,Bakery,22
2024-11-05,P006,Soft Drinks,Beverages,31
2024-11-05,P007,Sweets,Confectionery,21
2024-11-05,P008,Snacks,Packaged Foods,34
2024-11-06,P001,Rice,Staples,54
2024-11-06,P002,Milk,Dairy,35
2024-11-06,P003,Biscuits,Packaged Foods,32
2024-11-06,P004,Cooking Oil,Cooking Essentials,21
2024-11-06,P005,Bread,Bakery,26
2024-11-06,P006,Soft Drinks,Beverages,32
2024-11-06,P007,Sweets,Confectionery,21
2024-11-06,P008,Snacks,Packaged Foods,39
2024-11-07,P001,Rice,Staples,54
2024-11-07,P002,Milk,Dairy,38
2024-11-07,P003,Biscuits,Packaged Foods,34
2024-11-07,P004,Cooking Oil,Cooking Essentials,20
2024-11-07,P005,Bread,Bakery,29
2024-11-07,P006,Soft Drinks,Beverages,32
2024-11-07,P007,Sweets,Confectionery,23
2024-11-07,P008,Snacks,Packaged Foods,44
2024-11-08,P001,Rice,Staples,72
2024-11-08,P002,Milk,Dairy,50
2024-11-08,P003,Biscuits,Packaged Foods,47
2024-11-08,P004,Cooking Oil,Cooking Essentials,34
2024-11-08,P005,Bread,Bakery,41
2024-11-08,P006,Soft Drinks,Beverages,52
2024-11-08,P007,Sweets,Confectionery,48
2024-11-08,P008,Snacks,Packaged Foods,60
2024-11-09,P001,Rice,Staples,54
2024-11-09,P002,Milk,Dairy,39
2024-11-09,P003,Biscuits,Packaged Foods,40
2024-11-09,P004,Cooking Oil,Cooking Essentials,22
2024-11-09,P005,Bread,Bakery,31
2024-11-09,P006,Soft Drinks,Beverages,36
2024-11-09,P007,Sweets,Confectionery,22
2024-11-09,P008,Snacks,Packaged Foods,44
2024-11-10,P001,Rice,Staples,50
2024-11-10,P002,Milk,Dairy,39
2024-11-10,P003,Biscuits,Packaged Foods,36
2024-11-10,P004,Cooking Oil,Cooking Essentials,21
2024-11-10,P005,Bread,Bakery,29
2024-11-10,P006,Soft Drinks,Beverages,40
2024-11-10,P007,Sweets,Confectionery,23
2024-11-10,P008,Snacks,Packaged Foods,36
2024-11-11,P001,Rice,Staples,44
2024-11-11,P002,Milk,Dairy,40
2024-11-11,P003,Biscuits,Packaged Foods,29
2024-11-11,P004,Cooking Oil,Cooking Essentials,17
2024-11-11,P005,Bread,Bakery,29
2024-11-11,P006,Soft Drinks,Beverages,30
2024-11-11,P007,Sweets,Confectionery,18
2024-11-11,P008,Snacks,Packaged Foods,31
2024-11-12,P001,Rice,Staples,49
2024-11-12,P002,Milk,Dairy,33
2024-11-12,P003,Biscuits,Packaged Foods,33
2024-11-12,P004,Cooking Oil,Cooking Essentials,21
2024-11-12,P005,Bread,Bakery,25
2024-11-12,P006,Soft Drinks,Beverages,28
2024-11-12,P007,Sweets,Confectionery,18
2024-11-12,P008,Snacks,Packaged Foods,35
2024-11-13,P001,Rice,Staples,42
2024-11-13,P002,Milk,Dairy,30
2024-11-13,P003,Biscuits,Packaged Foods,31
2024-11-13,P004,Cooking Oil,Cooking Essentials,21
2024-11-13,P005,Bread,Bakery,26
2024-11-13,P006,Soft Drinks,Beverages,29
2024-11-13,P007,Sweets,Confectionery,18
2024-11-13,P008,Snacks,Packaged Foods,34
2024-11-14,P001,Rice,Staples,45
2024-11-14,P002,Milk,Dairy,34
2024-11-14,P003,Biscuits,Packaged Foods,29
2024-11-14,P004,Cooking Oil,Cooking Essentials,23
2024-11-14,P005,Bread,Bakery,22
2024-11-14,P006,Soft Drinks,Beverages,29
2024-11-14,P007,Sweets,Confectionery,16
2024-11-14,P008,Snacks,Packaged Foods,32
2024-11-15,P001,Rice,Staples,43
2024-11-15,P002,Milk,Dairy,29
2024-11-15,P003,Biscuits,Packaged Foods,31
2024-11-15,P004,Cooking Oil,Cooking Essentials,19
2024-11-15,P005,Bread,Bakery,21
2024-11-15,P006,Soft Drinks,Beverages,30
2024-11-15,P007,Sweets,Confectionery,20
2024-11-15,P008,Snacks,Packaged Foods,36
2024-11-16,P001,Rice,Staples,51
2024-11-16,P002,Milk,Dairy,37
2024-11-16,P003,Biscuits,Packaged Foods,39
2024-11-16,P004,Cooking Oil,Cooking Essentials,24
2024-11-16,P005,Bread,Bakery,31
2024-11-16,P006,Soft Drinks,Beverages,34
2024-11-16,P007,Sweets,Confectionery,23
2024-11-16,P008,Snacks,Packaged Foods,41
2024-11-17,P001,Rice,Staples,43
2024-11-17,P002,Milk,Dairy,38
2024-11-17,P003,Biscuits,Packaged Foods,41
2024-11-17,P004,Cooking Oil,Cooking Essentials,23
2024-11-17,P005,Bread,Bakery,32
2024-11-17,P006,Soft Drinks,Beverages,37
2024-11-17,P007,Sweets,Confectionery,22
2024-11-17,P008,Snacks,Packaged Foods,41
2024-11-18,P001,Rice,Staples,42
2024-11-18,P002,Milk,Dairy,32
2024-11-18,P003,Biscuits,Packaged Foods,33
2024-11-18,P004,Cooking Oil,Cooking Essentials,22
2024-11-18,P005,Bread,Bakery,23
2024-11-18,P006,Soft Drinks,Beverages,30
2024-11-18,P007,Sweets,Confectionery,18
2024-11-18,P008,Snacks,Packaged Foods,33
2024-11-19,P001,Rice,Staples,47
2024-11-19,P002,Milk,Dairy,38
2024-11-19,P003,Biscuits,Packaged Foods,30
2024-11-19,P004,Cooking Oil,Cooking Essentials,22
2024-11-19,P005,Bread,Bakery,26
2024-11-19,P006,Soft Drinks,Beverages,29
2024-11-19,P007,Sweets,Confectionery,17
2024-11-19,P008,Snacks,Packaged Foods,38
2024-11-20,P001,Rice,Staples,47
2024-11-20,P002,Milk,Dairy,37
2024-11-20,P003,Biscuits,Packaged Foods,26
2024-11-20,P004,Cooking Oil,Cooking Essentials,19
2024-11-20,P005,Bread,Bakery,27
2024-11-20,P006,Soft Drinks,Beverages,29
2024-11-20,P007,Sweets,Confectionery,15
2024-11-20,P008,Snacks,Packaged Foods,35
2024-11-21,P001,Rice,Staples,43
2024-11-21,P002,Milk,Dairy,39
2024-11-21,P003,Biscuits,Packaged Foods,30
2024-11-21,P004,Cooking Oil,Cooking Essentials,20
2024-11-21,P005,Bread,Bakery,27
2024-11-21,P006,Soft Drinks,Beverages,26
2024-11-21,P007,Sweets,Confectionery,17
2024-11-21,P008,Snacks,Packaged Foods,31
2024-11-22,P001,Rice,Staples,48
2024-11-22,P002,Milk,Dairy,31
2024-11-22,P003,Biscuits,Packaged Foods,26
2024-11-22,P004,Cooking Oil,Cooking Essentials,21
2024-11-22,P005,Bread,Bakery,24
2024-11-22,P006,Soft Drinks,Beverages,27
2024-11-22,P007,Sweets,Confectionery,15
2024-11-22,P008,Snacks,Packaged Foods,30
2024-11-23,P001,Rice,Staples,49
2024-11-23,P002,Milk,Dairy,39
2024-11-23,P003,Biscuits,Packaged Foods,34
2024-11-23,P004,Cooking Oil,Cooking Essentials,24
2024-11-23,P005,Bread,Bakery,27
2024-11-23,P006,Soft Drinks,Beverages,35
2024-11-23,P007,Sweets,Confectionery,25
2024-11-23,P008,Snacks,Packaged Foods,41
2024-11-24,P001,Rice,Staples,48
2024-11-24,P002,Milk,Dairy,36
2024-11-24,P003,Biscuits,Packaged Foods,39
2024-11-24,P004,Cooking Oil,Cooking Essentials,24
2024-11-24,P005,Bread,Bakery,27
2024-11-24,P006,Soft Drinks,Beverages,36
2024-11-24,P007,Sweets,Confectionery,23
2024-11-24,P008,Snacks,Packaged Foods,37
2024-11-25,P001,Rice,Staples,45
2024-11-25,P002,Milk,Dairy,35
2024-11-25,P003,Biscuits,Packaged Foods,33
2024-11-25,P004,Cooking Oil,Cooking Essentials,22
2024-11-25,P005,Bread,Bakery,24
2024-11-25,P006,Soft Drinks,Beverages,28
2024-11-25,P007,Sweets,Confectionery,19
2024-11-25,P008,Snacks,Packaged Foods,31
2024-11-26,P001,Rice,Staples,47
2024-11-26,P002,Milk,Dairy,35
2024-11-26,P003,Biscuits,Packaged Foods,28
2024-11-26,P004,Cooking Oil,Cooking Essentials,18
2024-11-26,P005,Bread,Bakery,28
2024-11-26,P006,Soft Drinks,Beverages,28
2024-11-26,P007,Sweets,Confectionery,20
2024-11-26,P008,Snacks,Packaged Foods,31
2024-11-27,P001,Rice,Staples,46
2024-11-27,P002,Milk,Dairy,42
2024-11-27,P003,Biscuits,Packaged Foods,27
2024-11-27,P004,Cooking Oil,Cooking Essentials,17
2024-11-27,P005,Bread,Bakery,28
2024-11-27,P006,Soft Drinks,Beverages,26
2024-11-27,P007,Sweets,Confectionery,18
2024-11-27,P008,Snacks,Packaged Foods,31
2024-11-28,P001,Rice,Staples,46
2024-11-28,P002,Milk,Dairy,32
2024-11-28,P003,Biscuits,Packaged Foods,30
2024-11-28,P004,Cooking Oil,Cooking Essentials,21
2024-11-28,P005,Bread,Bakery,23
2024-11-28,P006,Soft Drinks,Beverages,26
2024-11-28,P007,Sweets,Confectionery,17
2024-11-28,P008,Snacks,Packaged Foods,28
2024-11-29,P001,Rice,Staples,43
2024-11-29,P002,Milk,Dairy,35
2024-11-29,P003,Biscuits,Packaged Foods,29
2024-11-29,P004,Cooking Oil,Cooking Essentials,20
2024-11-29,P005,Bread,Bakery,25
2024-11-29,P006,Soft Drinks,Beverages,27
2024-11-29,P007,Sweets,Confectionery,19
2024-11-29,P008,Snacks,Packaged Foods,36
2024-11-30,P001,Rice,Staples,48
2024-11-30,P002,Milk,Dairy,38
2024-11-30,P003,Biscuits,Packaged Foods,35
2024-11-30,P004,Cooking Oil,Cooking Essentials,22
2024-11-30,P005,Bread,Bakery,32
2024-11-30,P006,Soft Drinks,Beverages,38
2024-11-30,P007,Sweets,Confectionery,20
2024-11-30,P008,Snacks,Packaged Foods,41
2024-12-01,P001,Rice,Staples,54
2024-12-01,P002,Milk,Dairy,36
2024-12-01,P003,Biscuits,Packaged Foods,38
2024-12-01,P004,Cooking Oil,Cooking Essentials,20
2024-12-01,P005,Bread,Bakery,26
2024-12-01,P006,Soft Drinks,Beverages,37
2024-12-01,P007,Sweets,Confectionery,20
2024-12-01,P008,Snacks,Packaged Foods,39
2024-12-02,P001,Rice,Staples,50
2024-12-02,P002,Milk,Dairy,30
2024-12-02,P003,Biscuits,Packaged Foods,27
2024-12-02,P004,Cooking Oil,Cooking Essentials,18
2024-12-02,P005,Bread,Bakery,25
2024-12-02,P006,Soft Drinks,Beverages,27
2024-12-02,P007,Sweets,Confectionery,20
2024-12-02,P008,Snacks,Packaged Foods,34
2024-12-03,P001,Rice,Staples,47
2024-12-03,P002,Milk,Dairy,35
2024-12-03,P003,Biscuits,Packaged Foods,31
2024-12-03,P004,Cooking Oil,Cooking Essentials,19
2024-12-03,P005,Bread,Bakery,27
2024-12-03,P006,Soft Drinks,Beverages,26
2024-12-03,P007,Sweets,Confectionery,19
2024-12-03,P008,Snacks,Packaged Foods,35
2024-12-04,P001,Rice,Staples,46
2024-12-04,P002,Milk,Dairy,35
2024-12-04,P003,Biscuits,Packaged Foods,31
2024-12-04,P004,Cooking Oil,Cooking Essentials,15
2024-12-04,P005,Bread,Bakery,26
2024-12-04,P006,Soft Drinks,Beverages,28
2024-12-04,P007,Sweets,Confectionery,18
2024-12-04,P008,Snacks,Packaged Foods,34
2024-12-05,P001,Rice,Staples,45
2024-12-05,P002,Milk,Dairy,32
2024-12-05,P003,Biscuits,Packaged Foods,30
2024-12-05,P004,Cooking Oil,Cooking Essentials,20
2024-12-05,P005,Bread,Bakery,25
2024-12-05,P006,Soft Drinks,Beverages,28
2024-12-05,P007,Sweets,Confectionery,19
2024-12-05,P008,Snacks,Packaged Foods,29
2024-12-06,P001,Rice,Staples,46
2024-12-06,P002,Milk,Dairy,39
2024-12-06,P003,Biscuits,Packaged Foods,26
2024-12-06,P004,Cooking Oil,Cooking Essentials,20
2024-12-06,P005,Bread,Bakery,24
2024-12-06,P006,Soft Drinks,Beverages,27
2024-12-06,P007,Sweets,Confectionery,17
2024-12-06,P008,Snacks,Packaged Foods,32
2024-12-07,P001,Rice,Staples,56
2024-12-07,P002,Milk,Dairy,33
2024-12-07,P003,Biscuits,Packaged Foods,33
2024-12-07,P004,Cooking Oil,Cooking Essentials,20
2024-12-07,P005,Bread,Bakery,32
2024-12-07,P006,Soft Drinks,Beverages,35
2024-12-07,P007,Sweets,Confectionery,22
2024-12-07,P008,Snacks,Packaged Foods,39
2024-12-08,P001,Rice,Staples,46
2024-12-08,P002,Milk,Dairy,36
2024-12-08,P003,Biscuits,Packaged Foods,42
2024-12-08,P004,Cooking Oil,Cooking Essentials,24
2024-12-08,P005,Bread,Bakery,27
2024-12-08,P006,Soft Drinks,Beverages,38
2024-12-08,P007,Sweets,Confectionery,21
2024-12-08,P008,Snacks,Packaged Foods,35
2024-12-09,P001,Rice,Staples,49
2024-12-09,P002,Milk,Dairy,38
2024-12-09,P003,Biscuits,Packaged Foods,33
2024-12-09,P004,Cooking Oil,Cooking Essentials,19
2024-12-09,P005,Bread,Bakery,25
2024-12-09,P006,Soft Drinks,Beverages,30
2024-12-09,P007,Sweets,Confectionery,19
2024-12-09,P008,Snacks,Packaged Foods,31
2024-12-10,P001,Rice,Staples,39
2024-12-10,P002,Milk,Dairy,35
2024-12-10,P003,Biscuits,Packaged Foods,33
2024-12-10,P004,Cooking Oil,Cooking Essentials,18
2024-12-10,P005,Bread,Bakery,26
2024-12-10,P006,Soft Drinks,Beverages,29
2024-12-10,P007,Sweets,Confectionery,19
2024-12-10,P008,Snacks,Packaged Foods,34
2024-12-11,P001,Rice,Staples,42
2024-12-11,P002,Milk,Dairy,30
2024-12-11,P003,Biscuits,Packaged Foods,29
2024-12-11,P004,Cooking Oil,Cooking Essentials,21
2024-12-11,P005,Bread,Bakery,24
2024-12-11,P006,Soft Drinks,Beverages,26
2024-12-11,P007,Sweets,Confectionery,15
2024-12-11,P008,Snacks,Packaged Foods,36
2024-12-12,P001,Rice,Staples,48
2024-12-12,P002,Milk,Dairy,37
2024-12-12,P003,Biscuits,Packaged Foods,32
2024-12-12,P004,Cooking Oil,Cooking Essentials,21
2024-12-12,P005,Bread,Bakery,25
2024-12-12,P006,Soft Drinks,Beverages,28
2024-12-12,P007,Sweets,Confectionery,17
2024-12-12,P008,Snacks,Packaged Foods,39
2024-12-13,P001,Rice,Staples,47
2024-12-13,P002,Milk,Dairy,34
2024-12-13,P003,Biscuits,Packaged Foods,31
2024-12-13,P004,Cooking Oil,Cooking Essentials,18
2024-12-13,P005,Bread,Bakery,28
2024-12-13,P006,Soft Drinks,Beverages,27
2024-12-13,P007,Sweets,Confectionery,19
2024-12-13,P008,Snacks,Packaged Foods,35
2024-12-14,P001,Rice,Staples,51
2024-12-14,P002,Milk,Dairy,37
2024-12-14,P003,Biscuits,Packaged Foods,36
2024-12-14,P004,Cooking Oil,Cooking Essentials,22
2024-12-14,P005,Bread,Bakery,28
2024-12-14,P006,Soft Drinks,Beverages,35
2024-12-14,P007,Sweets,Confectionery,25
2024-12-14,P008,Snacks,Packaged Foods,40
2024-12-15,P001,Rice,Staples,47
2024-12-15,P002,Milk,Dairy,35
2024-12-15,P003,Biscuits,Packaged Foods,39
2024-12-15,P004,Cooking Oil,Cooking Essentials,23
2024-12-15,P005,Bread,Bakery,30
2024-12-15,P006,Soft Drinks,Beverages,36
2024-12-15,P007,Sweets,Confectionery,23
2024-12-15,P008,Snacks,Packaged Foods,38
2024-12-16,P001,Rice,Staples,44
2024-12-16,P002,Milk,Dairy,38
2024-12-16,P003,Biscuits,Packaged Foods,32
2024-12-16,P004,Cooking Oil,Cooking Essentials,18
2024-12-16,P005,Bread,Bakery,23
2024-12-16,P006,Soft Drinks,Beverages,28
2024-12-16,P007,Sweets,Confectionery,20
2024-12-16,P008,Snacks,Packaged Foods,27
2024-12-17,P001,Rice,Staples,46
2024-12-17,P002,Milk,Dairy,31
2024-12-17,P003,Biscuits,Packaged Foods,28
2024-12-17,P004,Cooking Oil,Cooking Essentials,19
2024-12-17,P005,Bread,Bakery,24
2024-12-17,P006,Soft Drinks,Beverages,27
2024-12-17,P007,Sweets,Confectionery,18
2024-12-17,P008,Snacks,Packaged Foods,31
2024-12-18,P001,Rice,Staples,40
2024-12-18,P002,Milk,Dairy,37
2024-12-18,P003,Biscuits,Packaged Foods,32
2024-12-18,P004,Cooking Oil,Cooking Essentials,21
2024-12-18,P005,Bread,Bakery,22
2024-12-18,P006,Soft Drinks,Beverages,29
2024-12-18,P007,Sweets,Confectionery,19
2024-12-18,P008,Snacks,Packaged Foods,29
2024-12-19,P001,Rice,Staples,45
2024-12-19,P002,Milk,Dairy,35
2024-12-19,P003,Biscuits,Packaged Foods,34
2024-12-19,P004,Cooking Oil,Cooking Essentials,23
2024-12-19,P005,Bread,Bakery,22
2024-12-19,P006,Soft Drinks,Beverages,34
2024-12-19,P007,Sweets,Confectionery,17
2024-12-19,P008,Snacks,Packaged Foods,35
2024-12-20,P001,Rice,Staples,48
2024-12-20,P002,Milk,Dairy,32
2024-12-20,P003,Biscuits,Packaged Foods,31
2024-12-20,P004,Cooking Oil,Cooking Essentials,20
2024-12-20,P005,Bread,Bakery,26
2024-12-20,P006,Soft Drinks,Beverages,29
2024-12-20,P007,Sweets,Confectionery,20
2024-12-20,P008,Snacks,Packaged Foods,32
2024-12-21,P001,Rice,Staples,50
2024-12-21,P002,Milk,Dairy,41
2024-12-21,P003,Biscuits,Packaged Foods,38
2024-12-21,P004,Cooking Oil,Cooking Essentials,23
2024-12-21,P005,Bread,Bakery,28
2024-12-21,P006,Soft Drinks,Beverages,36
2024-12-21,P007,Sweets,Confectionery,23
2024-12-21,P008,Snacks,Packaged Foods,40
2024-12-22,P001,Rice,Staples,54
2024-12-22,P002,Milk,Dairy,41
2024-12-22,P003,Biscuits,Packaged Foods,37
2024-12-22,P004,Cooking Oil,Cooking Essentials,25
2024-12-22,P005,Bread,Bakery,33
2024-12-22,P006,Soft Drinks,Beverages,41
2024-12-22,P007,Sweets,Confectionery,24
2024-12-22,P008,Snacks,Packaged Foods,48
2024-12-23,P001,Rice,Staples,47
2024-12-23,P002,Milk,Dairy,37
2024-12-23,P003,Biscuits,Packaged Foods,31
2024-12-23,P004,Cooking Oil,Cooking Essentials,20
2024-12-23,P005,Bread,Bakery,24
2024-12-23,P006,Soft Drinks,Beverages,34
2024-12-23,P007,Sweets,Confectionery,20
2024-12-23,P008,Snacks,Packaged Foods,45
2024-12-24,P001,Rice,Staples,45
2024-12-24,P002,Milk,Dairy,34
2024-12-24,P003,Biscuits,Packaged Foods,34
2024-12-24,P004,Cooking Oil,Cooking Essentials,24
2024-12-24,P005,Bread,Bakery,27
2024-12-24,P006,Soft Drinks,Beverages,35
2024-12-24,P007,Sweets,Confectionery,19
2024-12-24,P008,Snacks,Packaged Foods,37
2024-12-25,P001,Rice,Staples,55
2024-12-25,P002,Milk,Dairy,40
2024-12-25,P003,Biscuits,Packaged Foods,39
2024-12-25,P004,Cooking Oil,Cooking Essentials,22
2024-12-25,P005,Bread,Bakery,30
2024-12-25,P006,Soft Drinks,Beverages,41
2024-12-25,P007,Sweets,Confectionery,26
2024-12-25,P008,Snacks,Packaged Foods,49
2024-12-26,P001,Rice,Staples,46
2024-12-26,P002,Milk,Dairy,38
2024-12-26,P003,Biscuits,Packaged Foods,32
2024-12-26,P004,Cooking Oil,Cooking Essentials,22
2024-12-26,P005,Bread,Bakery,25
2024-12-26,P006,Soft Drinks,Beverages,29
2024-12-26,P007,Sweets,Confectionery,19
2024-12-26,P008,Snacks,Packaged Foods,32
2024-12-27,P001,Rice,Staples,44
2024-12-27,P002,Milk,Dairy,34
2024-12-27,P003,Biscuits,Packaged Foods,28
2024-12-27,P004,Cooking Oil,Cooking Essentials,21
2024-12-27,P005,Bread,Bakery,25
2024-12-27,P006,Soft Drinks,Beverages,27
2024-12-27,P007,Sweets,Confectionery,17
2024-12-27,P008,Snacks,Packaged Foods,29
2024-12-28,P001,Rice,Staples,53
2024-12-28,P002,Milk,Dairy,37
2024-12-28,P003,Biscuits,Packaged Foods,34
2024-12-28,P004,Cooking Oil,Cooking Essentials,23
2024-12-28,P005,Bread,Bakery,28
2024-12-28,P006,Soft Drinks,Beverages,33
2024-12-28,P007,Sweets,Confectionery,24
2024-12-28,P008,Snacks,Packaged Foods,39
2024-12-29,P001,Rice,Staples,48
2024-12-29,P002,Milk,Dairy,37
2024-12-29,P003,Biscuits,Packaged Foods,39
2024-12-29,P004,Cooking Oil,Cooking Essentials,22
2024-12-29,P005,Bread,Bakery,26
2024-12-29,P006,Soft Drinks,Beverages,38
2024-12-29,P007,Sweets,Confectionery,22
2024-12-29,P008,Snacks,Packaged Foods,45
2024-12-30,P001,Rice,Staples,45
2024-12-30,P002,Milk,Dairy,29
2024-12-30,P003,Biscuits,Packaged Foods,31
2024-12-30,P004,Cooking Oil,Cooking Essentials,23
2024-12-30,P005,Bread,Bakery,28
2024-12-30,P006,Soft Drinks,Beverages,32
2024-12-30,P007,Sweets,Confectionery,17
2024-12-30,P008,Snacks,Packaged Foods,34
2024-12-31,P001,Rice,Staples,42
2024-12-31,P002,Milk,Dairy,36
2024-12-31,P003,Biscuits,Packaged Foods,27
2024-12-31,P004,Cooking Oil,Cooking Essentials,19
2024-12-31,P005,Bread,Bakery,24
2024-12-31,P006,Soft Drinks,Beverages,30
2024-12-31,P007,Sweets,Confectionery,19
2024-12-31,P008,Snacks,Packaged Foods,33
2025-01-01,P001,Rice,Staples,40
2025-01-01,P002,Milk,Dairy,34
2025-01-01,P003,Biscuits,Packaged Foods,28
2025-01-01,P004,Cooking Oil,Cooking Essentials,21
2025-01-01,P005,Bread,Bakery,27
2025-01-01,P006,Soft Drinks,Beverages,30
2025-01-01,P007,Sweets,Confectionery,17
2025-01-01,P008,Snacks,Packaged Foods,25
2025-01-02,P001,Rice,Staples,39
2025-01-02,P002,Milk,Dairy,39
2025-01-02,P003,Biscuits,Packaged Foods,29
2025-01-02,P004,Cooking Oil,Cooking Essentials,19
2025-01-02,P005,Bread,Bakery,28
2025-01-02,P006,Soft Drinks,Beverages,31
2025-01-02,P007,Sweets,Confectionery,18
2025-01-02,P008,Snacks,Packaged Foods,31
2025-01-03,P001,Rice,Staples,45
2025-01-03,P002,Milk,Dairy,36
2025-01-03,P003,Biscuits,Packaged Foods,34
2025-01-03,P004,Cooking Oil,Cooking Essentials,21
2025-01-03,P005,Bread,Bakery,26
2025-01-03,P006,Soft Drinks,Beverages,31
2025-01-03,P007,Sweets,Confectionery,16
2025-01-03,P008,Snacks,Packaged Foods,34
2025-01-04,P001,Rice,Staples,48
2025-01-04,P002,Milk,Dairy,30
2025-01-04,P003,Biscuits,Packaged Foods,31
2025-01-04,P004,Cooking Oil,Cooking Essentials,20
2025-01-04,P005,Bread,Bakery,30
2025-01-04,P006,Soft Drinks,Beverages,37
2025-01-04,P007,Sweets,Confectionery,23
2025-01-04,P008,Snacks,Packaged Foods,45
2025-01-05,P001,Rice,Staples,45
2025-01-05,P002,Milk,Dairy,37
2025-01-05,P003,Biscuits,Packaged Foods,37
2025-01-05,P004,Cooking Oil,Cooking Essentials,20
2025-01-05,P005,Bread,Bakery,29
2025-01-05,P006,Soft Drinks,Beverages,33
2025-01-05,P007,Sweets,Confectionery,25
2025-01-05,P008,Snacks,Packaged Foods,38
2025-01-06,P001,Rice,Staples,52
2025-01-06,P002,Milk,Dairy,35
2025-01-06,P003,Biscuits,Packaged Foods,32
2025-01-06,P004,Cooking Oil,Cooking Essentials,20
2025-01-06,P005,Bread,Bakery,25
2025-01-06,P006,Soft Drinks,Beverages,27
2025-01-06,P007,Sweets,Confectionery,18
2025-01-06,P008,Snacks,Packaged Foods,33
2025-01-07,P001,Rice,Staples,42
2025-01-07,P002,Milk,Dairy,35
2025-01-07,P003,Biscuits,Packaged Foods,29
2025-01-07,P004,Cooking Oil,Cooking Essentials,24
2025-01-07,P005,Bread,Bakery,25
2025-01-07,P006,Soft Drinks,Beverages,31
2025-01-07,P007,Sweets,Confectionery,18
2025-01-07,P008,Snacks,Packaged Foods,33
2025-01-08,P001,Rice,Staples,40
2025-01-08,P002,Milk,Dairy,34
2025-01-08,P003,Biscuits,Packaged Foods,31
2025-01-08,P004,Cooking Oil,Cooking Essentials,23
2025-01-08,P005,Bread,Bakery,25
2025-01-08,P006,Soft Drinks,Beverages,31
2025-01-08,P007,Sweets,Confectionery,19
2025-01-08,P008,Snacks,Packaged Foods,36
2025-01-09,P001,Rice,Staples,45
2025-01-09,P002,Milk,Dairy,42
2025-01-09,P003,Biscuits,Packaged Foods,29
2025-01-09,P004,Cooking Oil,Cooking Essentials,19
2025-01-09,P005,Bread,Bakery,23
2025-01-09,P006,Soft Drinks,Beverages,33
2025-01-09,P007,Sweets,Confectionery,19
2025-01-09,P008,Snacks,Packaged Foods,31
2025-01-10,P001,Rice,Staples,49
2025-01-10,P002,Milk,Dairy,37
2025-01-10,P003,Biscuits,Packaged Foods,35
2025-01-10,P004,Cooking Oil,Cooking Essentials,18
2025-01-10,P005,Bread,Bakery,24
2025-01-10,P006,Soft Drinks,Beverages,27
2025-01-10,P007,Sweets,Confectionery,15
2025-01-10,P008,Snacks,Packaged Foods,35
2025-01-11,P001,Rice,Staples,49
2025-01-11,P002,Milk,Dairy,39
2025-01-11,P003,Biscuits,Packaged Foods,42
2025-01-11,P004,Cooking Oil,Cooking Essentials,21
2025-01-11,P005,Bread,Bakery,28
2025-01-11,P006,Soft Drinks,Beverages,37
2025-01-11,P007,Sweets,Confectionery,24
2025-01-11,P008,Snacks,Packaged Foods,39
2025-01-12,P001,Rice,Staples,47
2025-01-12,P002,Milk,Dairy,40
2025-01-12,P003,Biscuits,Packaged Foods,37
2025-01-12,P004,Cooking Oil,Cooking Essentials,18
2025-01-12,P005,Bread,Bakery,26
2025-01-12,P006,Soft Drinks,Beverages,40
2025-01-12,P007,Sweets,Confectionery,23
2025-01-12,P008,Snacks,Packaged Foods,38
2025-01-13,P001,Rice,Staples,44
2025-01-13,P002,Milk,Dairy,35
2025-01-13,P003,Biscuits,Packaged Foods,32
2025-01-13,P004,Cooking Oil,Cooking Essentials,18
2025-01-13,P005,Bread,Bakery,23
2025-01-13,P006,Soft Drinks,Beverages,29
2025-01-13,P007,Sweets,Confectionery,18
2025-01-13,P008,Snacks,Packaged Foods,33
2025-01-14,P001,Rice,Staples,41
2025-01-14,P002,Milk,Dairy,36
2025-01-14,P003,Biscuits,Packaged Foods,33
2025-01-14,P004,Cooking Oil,Cooking Essentials,21
2025-01-14,P005,Bread,Bakery,25
2025-01-14,P006,Soft Drinks,Beverages,28
2025-01-14,P007,Sweets,Confectionery,17
2025-01-14,P008,Snacks,Packaged Foods,32
2025-01-15,P001,Rice,Staples,50
2025-01-15,P002,Milk,Dairy,35
2025-01-15,P003,Biscuits,Packaged Foods,28
2025-01-15,P004,Cooking Oil,Cooking Essentials,19
2025-01-15,P005,Bread,Bakery,25
2025-01-15,P006,Soft Drinks,Beverages,27
2025-01-15,P007,Sweets,Confectionery,19
2025-01-15,P008,Snacks,Packaged Foods,33
2025-01-16,P001,Rice,Staples,48
2025-01-16,P002,Milk,Dairy,39
2025-01-16,P003,Biscuits,Packaged Foods,32
2025-01-16,P004,Cooking Oil,Cooking Essentials,19
2025-01-16,P005,Bread,Bakery,23
2025-01-16,P006,Soft Drinks,Beverages,28
2025-01-16,P007,Sweets,Confectionery,17
2025-01-16,P008,Snacks,Packaged Foods,29
2025-01-17,P001,Rice,Staples,43
2025-01-17,P002,Milk,Dairy,34
2025-01-17,P003,Biscuits,Packaged Foods,28
2025-01-17,P004,Cooking Oil,Cooking Essentials,19
2025-01-17,P005,Bread,Bakery,27
2025-01-17,P006,Soft Drinks,Beverages,28
2025-01-17,P007,Sweets,Confectionery,22
2025-01-17,P008,Snacks,Packaged Foods,32
2025-01-18,P001,Rice,Staples,48
2025-01-18,P002,Milk,Dairy,37
2025-01-18,P003,Biscuits,Packaged Foods,37
2025-01-18,P004,Cooking Oil,Cooking Essentials,22
2025-01-18,P005,Bread,Bakery,33
2025-01-18,P006,Soft Drinks,Beverages,35
2025-01-18,P007,Sweets,Confectionery,24
2025-01-18,P008,Snacks,Packaged Foods,41
2025-01-19,P001,Rice,Staples,44
2025-01-19,P002,Milk,Dairy,39
2025-01-19,P003,Biscuits,Packaged Foods,39
2025-01-19,P004,Cooking Oil,Cooking Essentials,20
2025-01-19,P005,Bread,Bakery,29
2025-01-19,P006,Soft Drinks,Beverages,33
2025-01-19,P007,Sweets,Confectionery,21
2025-01-19,P008,Snacks,Packaged Foods,43
2025-01-20,P001,Rice,Staples,43
2025-01-20,P002,Milk,Dairy,32
2025-01-20,P003,Biscuits,Packaged Foods,31
2025-01-20,P004,Cooking Oil,Cooking Essentials,19
2025-01-20,P005,Bread,Bakery,24
2025-01-20,P006,Soft Drinks,Beverages,30
2025-01-20,P007,Sweets,Confectionery,16
2025-01-20,P008,Snacks,Packaged Foods,30
2025-01-21,P001,Rice,Staples,46
2025-01-21,P002,Milk,Dairy,38
2025-01-21,P003,Biscuits,Packaged Foods,33
2025-01-21,P004,Cooking Oil,Cooking Essentials,19
2025-01-21,P005,Bread,Bakery,27
2025-01-21,P006,Soft Drinks,Beverages,26
2025-01-21,P007,Sweets,Confectionery,21
2025-01-21,P008,Snacks,Packaged Foods,29
2025-01-22,P001,Rice,Staples,50
2025-01-22,P002,Milk,Dairy,33
2025-01-22,P003,Biscuits,Packaged Foods,35
2025-01-22,P004,Cooking Oil,Cooking Essentials,21
2025-01-22,P005,Bread,Bakery,23
2025-01-22,P006,Soft Drinks,Beverages,27
2025-01-22,P007,Sweets,Confectionery,19
2025-01-22,P008,Snacks,Packaged Foods,35
2025-01-23,P001,Rice,Staples,45
2025-01-23,P002,Milk,Dairy,35
2025-01-23,P003,Biscuits,Packaged Foods,32
2025-01-23,P004,Cooking Oil,Cooking Essentials,20
2025-01-23,P005,Bread,Bakery,22
2025-01-23,P006,Soft Drinks,Beverages,26
2025-01-23,P007,Sweets,Confectionery,18
2025-01-23,P008,Snacks,Packaged Foods,35
2025-01-24,P001,Rice,Staples,51
2025-01-24,P002,Milk,Dairy,37
2025-01-24,P003,Biscuits,Packaged Foods,31
2025-01-24,P004,Cooking Oil,Cooking Essentials,21
2025-01-24,P005,Bread,Bakery,24
2025-01-24,P006,Soft Drinks,Beverages,28
2025-01-24,P007,Sweets,Confectionery,17
2025-01-24,P008,Snacks,Packaged Foods,29
2025-01-25,P001,Rice,Staples,51
2025-01-25,P002,Milk,Dairy,37
2025-01-25,P003,Biscuits,Packaged Foods,38
2025-01-25,P004,Cooking Oil,Cooking Essentials,22
2025-01-25,P005,Bread,Bakery,29
2025-01-25,P006,Soft Drinks,Beverages,38
2025-01-25,P007,Sweets,Confectionery,22
2025-01-25,P008,Snacks,Packaged Foods,41
2025-01-26,P001,Rice,Staples,54
2025-01-26,P002,Milk,Dairy,43
2025-01-26,P003,Biscuits,Packaged Foods,43
2025-01-26,P004,Cooking Oil,Cooking Essentials,24
2025-01-26,P005,Bread,Bakery,33
2025-01-26,P006,Soft Drinks,Beverages,40
2025-01-26,P007,Sweets,Confectionery,25
2025-01-26,P008,Snacks,Packaged Foods,43
2025-01-27,P001,Rice,Staples,50
2025-01-27,P002,Milk,Dairy,38
2025-01-27,P003,Biscuits,Packaged Foods,31
2025-01-27,P004,Cooking Oil,Cooking Essentials,23
2025-01-27,P005,Bread,Bakery,25
2025-01-27,P006,Soft Drinks,Beverages,35
2025-01-27,P007,Sweets,Confectionery,18
2025-01-27,P008,Snacks,Packaged Foods,33
2025-01-28,P001,Rice,Staples,44
2025-01-28,P002,Milk,Dairy,36
2025-01-28,P003,Biscuits,Packaged Foods,32
2025-01-28,P004,Cooking Oil,Cooking Essentials,20
2025-01-28,P005,Bread,Bakery,29
2025-01-28,P006,Soft Drinks,Beverages,29
2025-01-28,P007,Sweets,Confectionery,18
2025-01-28,P008,Snacks,Packaged Foods,30
2025-01-29,P001,Rice,Staples,47
2025-01-29,P002,Milk,Dairy,35
2025-01-29,P003,Biscuits,Packaged Foods,29
2025-01-29,P004,Cooking Oil,Cooking Essentials,19
2025-01-29,P005,Bread,Bakery,30
2025-01-29,P006,Soft Drinks,Beverages,27
2025-01-29,P007,Sweets,Confectionery,16
2025-01-29,P008,Snacks,Packaged Foods,30
2025-01-30,P001,Rice,Staples,45
2025-01-30,P002,Milk,Dairy,37
2025-01-30,P003,Biscuits,Packaged Foods,31
2025-01-30,P004,Cooking Oil,Cooking Essentials,21
2025-01-30,P005,Bread,Bakery,24
2025-01-30,P006,Soft Drinks,Beverages,29
2025-01-30,P007,Sweets,Confectionery,17
2025-01-30,P008,Snacks,Packaged Foods,30
2025-01-31,P001,Rice,Staples,42
2025-01-31,P002,Milk,Dairy,32
2025-01-31,P003,Biscuits,Packaged Foods,33
2025-01-31,P004,Cooking Oil,Cooking Essentials,21
2025-01-31,P005,Bread,Bakery,27
2025-01-31,P006,Soft Drinks,Beverages,28
2025-01-31,P007,Sweets,Confectionery,19
2025-01-31,P008,Snacks,Packaged Foods,27
2025-02-01,P001,Rice,Staples,53
2025-02-01,P002,Milk,Dairy,37
2025-02-01,P003,Biscuits,Packaged Foods,38
2025-02-01,P004,Cooking Oil,Cooking Essentials,22
2025-02-01,P005,Bread,Bakery,27
2025-02-01,P006,Soft Drinks,Beverages,33
2025-02-01,P007,Sweets,Confectionery,21
2025-02-01,P008,Snacks,Packaged Foods,41
2025-02-02,P001,Rice,Staples,52
2025-02-02,P002,Milk,Dairy,33
2025-02-02,P003,Biscuits,Packaged Foods,34
2025-02-02,P004,Cooking Oil,Cooking Essentials,20
2025-02-02,P005,Bread,Bakery,28
2025-02-02,P006,Soft Drinks,Beverages,33
2025-02-02,P007,Sweets,Confectionery,20
2025-02-02,P008,Snacks,Packaged Foods,38
2025-02-03,P001,Rice,Staples,45
2025-02-03,P002,Milk,Dairy,32
2025-02-03,P003,Biscuits,Packaged Foods,30
2025-02-03,P004,Cooking Oil,Cooking Essentials,22
2025-02-03,P005,Bread,Bakery,22
2025-02-03,P006,Soft Drinks,Beverages,28
2025-02-03,P007,Sweets,Confectionery,19
2025-02-03,P008,Snacks,Packaged Foods,31
2025-02-04,P001,Rice,Staples,43
2025-02-04,P002,Milk,Dairy,38
2025-02-04,P003,Biscuits,Packaged Foods,29
2025-02-04,P004,Cooking Oil,Cooking Essentials,22
2025-02-04,P005,Bread,Bakery,26
2025-02-04,P006,Soft Drinks,Beverages,27
2025-02-04,P007,Sweets,Confectionery,19
2025-02-04,P008,Snacks,Packaged Foods,33
2025-02-05,P001,Rice,Staples,49
2025-02-05,P002,Milk,Dairy,33
2025-02-05,P003,Biscuits,Packaged Foods,30
2025-02-05,P004,Cooking Oil,Cooking Essentials,20
2025-02-05,P005,Bread,Bakery,26
2025-02-05,P006,Soft Drinks,Beverages,26
2025-02-05,P007,Sweets,Confectionery,19
2025-02-05,P008,Snacks,Packaged Foods,33
2025-02-06,P001,Rice,Staples,40
2025-02-06,P002,Milk,Dairy,38
2025-02-06,P003,Biscuits,Packaged Foods,35
2025-02-06,P004,Cooking Oil,Cooking Essentials,22
2025-02-06,P005,Bread,Bakery,28
2025-02-06,P006,Soft Drinks,Beverages,28
2025-02-06,P007,Sweets,Confectionery,16
2025-02-06,P008,Snacks,Packaged Foods,27
2025-02-07,P001,Rice,Staples,46
2025-02-07,P002,Milk,Dairy,33
2025-02-07,P003,Biscuits,Packaged Foods,28
2025-02-07,P004,Cooking Oil,Cooking Essentials,20
2025-02-07,P005,Bread,Bakery,26
2025-02-07,P006,Soft Drinks,Beverages,25
2025-02-07,P007,Sweets,Confectionery,17
2025-02-07,P008,Snacks,Packaged Foods,36
2025-02-08,P001,Rice,Staples,46
2025-02-08,P002,Milk,Dairy,39
2025-02-08,P003,Biscuits,Packaged Foods,35
2025-02-08,P004,Cooking Oil,Cooking Essentials,22
2025-02-08,P005,Bread,Bakery,31
2025-02-08,P006,Soft Drinks,Beverages,38
2025-02-08,P007,Sweets,Confectionery,24
2025-02-08,P008,Snacks,Packaged Foods,37
2025-02-09,P001,Rice,Staples,54
2025-02-09,P002,Milk,Dairy,34
2025-02-09,P003,Biscuits,Packaged Foods,37
2025-02-09,P004,Cooking Oil,Cooking Essentials,22
2025-02-09,P005,Bread,Bakery,30
2025-02-09,P006,Soft Drinks,Beverages,37
2025-02-09,P007,Sweets,Confectionery,21
2025-02-09,P008,Snacks,Packaged Foods,37
2025-02-10,P001,Rice,Staples,48
2025-02-10,P002,Milk,Dairy,36
2025-02-10,P003,Biscuits,Packaged Foods,33
2025-02-10,P004,Cooking Oil,Cooking Essentials,20
2025-02-10,P005,Bread,Bakery,22
2025-02-10,P006,Soft Drinks,Beverages,30
2025-02-10,P007,Sweets,Confectionery,17
2025-02-10,P008,Snacks,Packaged Foods,33
2025-02-11,P001,Rice,Staples,43
2025-02-11,P002,Milk,Dairy,40
2025-02-11,P003,Biscuits,Packaged Foods,28
2025-02-11,P004,Cooking Oil,Cooking Essentials,19
2025-02-11,P005,Bread,Bakery,25
2025-02-11,P006,Soft Drinks,Beverages,26
2025-02-11,P007,Sweets,Confectionery,18
2025-02-11,P008,Snacks,Packaged Foods,36
2025-02-12,P001,Rice,Staples,43
2025-02-12,P002,Milk,Dairy,36
2025-02-12,P003,Biscuits,Packaged Foods,23
2025-02-12,P004,Cooking Oil,Cooking Essentials,20
2025-02-12,P005,Bread,Bakery,24
2025-02-12,P006,Soft Drinks,Beverages,26
2025-02-12,P007,Sweets,Confectionery,20
2025-02-12,P008,Snacks,Packaged Foods,31
2025-02-13,P001,Rice,Staples,44
2025-02-13,P002,Milk,Dairy,34
2025-02-13,P003,Biscuits,Packaged Foods,25
2025-02-13,P004,Cooking Oil,Cooking Essentials,18
2025-02-13,P005,Bread,Bakery,27
2025-02-13,P006,Soft Drinks,Beverages,23
2025-02-13,P007,Sweets,Confectionery,17
2025-02-13,P008,Snacks,Packaged Foods,31
2025-02-14,P001,Rice,Staples,51
2025-02-14,P002,Milk,Dairy,37
2025-02-14,P003,Biscuits,Packaged Foods,29
2025-02-14,P004,Cooking Oil,Cooking Essentials,22
2025-02-14,P005,Bread,Bakery,24
2025-02-14,P006,Soft Drinks,Beverages,30
2025-02-14,P007,Sweets,Confectionery,16
2025-02-14,P008,Snacks,Packaged Foods,35
2025-02-15,P001,Rice,Staples,48
2025-02-15,P002,Milk,Dairy,34
2025-02-15,P003,Biscuits,Packaged Foods,35
2025-02-15,P004,Cooking Oil,Cooking Essentials,22
2025-02-15,P005,Bread,Bakery,28
2025-02-15,P006,Soft Drinks,Beverages,38
2025-02-15,P007,Sweets,Confectionery,22
2025-02-15,P008,Snacks,Packaged Foods,42
2025-02-16,P001,Rice,Staples,51
2025-02-16,P002,Milk,Dairy,37
2025-02-16,P003,Biscuits,Packaged Foods,35
2025-02-16,P004,Cooking Oil,Cooking Essentials,22
2025-02-16,P005,Bread,Bakery,30
2025-02-16,P006,Soft Drinks,Beverages,41
2025-02-16,P007,Sweets,Confectionery,24
2025-02-16,P008,Snacks,Packaged Foods,42
2025-02-17,P001,Rice,Staples,56
2025-02-17,P002,Milk,Dairy,36
2025-02-17,P003,Biscuits,Packaged Foods,31
2025-02-17,P004,Cooking Oil,Cooking Essentials,21
2025-02-17,P005,Bread,Bakery,23
2025-02-17,P006,Soft Drinks,Beverages,27
2025-02-17,P007,Sweets,Confectionery,17
2025-02-17,P008,Snacks,Packaged Foods,34
2025-02-18,P001,Rice,Staples,44
2025-02-18,P002,Milk,Dairy,35
2025-02-18,P003,Biscuits,Packaged Foods,33
2025-02-18,P004,Cooking Oil,Cooking Essentials,21
2025-02-18,P005,Bread,Bakery,25
2025-02-18,P006,Soft Drinks,Beverages,26
2025-02-18,P007,Sweets,Confectionery,20
2025-02-18,P008,Snacks,Packaged Foods,34
2025-02-19,P001,Rice,Staples,39
2025-02-19,P002,Milk,Dairy,34
2025-02-19,P003,Biscuits,Packaged Foods,30
2025-02-19,P004,Cooking Oil,Cooking Essentials,21
2025-02-19,P005,Bread,Bakery,27
2025-02-19,P006,Soft Drinks,Beverages,29
2025-02-19,P007,Sweets,Confectionery,19
2025-02-19,P008,Snacks,Packaged Foods,32
2025-02-20,P001,Rice,Staples,43
2025-02-20,P002,Milk,Dairy,34
2025-02-20,P003,Biscuits,Packaged Foods,30
2025-02-20,P004,Cooking Oil,Cooking Essentials,20
2025-02-20,P005,Bread,Bakery,21
2025-02-20,P006,Soft Drinks,Beverages,27
2025-02-20,P007,Sweets,Confectionery,18
2025-02-20,P008,Snacks,Packaged Foods,31
2025-02-21,P001,Rice,Staples,44
2025-02-21,P002,Milk,Dairy,36
2025-02-21,P003,Biscuits,Packaged Foods,27
2025-02-21,P004,Cooking Oil,Cooking Essentials,17
2025-02-21,P005,Bread,Bakery,24
2025-02-21,P006,Soft Drinks,Beverages,30
2025-02-21,P007,Sweets,Confectionery,20
2025-02-21,P008,Snacks,Packaged Foods,34
2025-02-22,P001,Rice,Staples,44
2025-02-22,P002,Milk,Dairy,36
2025-02-22,P003,Biscuits,Packaged Foods,37
2025-02-22,P004,Cooking Oil,Cooking Essentials,22
2025-02-22,P005,Bread,Bakery,30
2025-02-22,P006,Soft Drinks,Beverages,34
2025-02-22,P007,Sweets,Confectionery,23
2025-02-22,P008,Snacks,Packaged Foods,41
2025-02-23,P001,Rice,Staples,52
2025-02-23,P002,Milk,Dairy,34
2025-02-23,P003,Biscuits,Packaged Foods,35
2025-02-23,P004,Cooking Oil,Cooking Essentials,17
2025-02-23,P005,Bread,Bakery,28
2025-02-23,P006,Soft Drinks,Beverages,35
2025-02-23,P007,Sweets,Confectionery,21
2025-02-23,P008,Snacks,Packaged Foods,40
2025-02-24,P001,Rice,Staples,45
2025-02-24,P002,Milk,Dairy,29
2025-02-24,P003,Biscuits,Packaged Foods,31
2025-02-24,P004,Cooking Oil,Cooking Essentials,19
2025-02-24,P005,Bread,Bakery,26
2025-02-24,P006,Soft Drinks,Beverages,25
2025-02-24,P007,Sweets,Confectionery,18
2025-02-24,P008,Snacks,Packaged Foods,31
2025-02-25,P001,Rice,Staples,46
2025-02-25,P002,Milk,Dairy,35
2025-02-25,P003,Biscuits,Packaged Foods,29
2025-02-25,P004,Cooking Oil,Cooking Essentials,18
2025-02-25,P005,Bread,Bakery,22
2025-02-25,P006,Soft Drinks,Beverages,27
2025-02-25,P007,Sweets,Confectionery,18
2025-02-25,P008,Snacks,Packaged Foods,30
2025-02-26,P001,Rice,Staples,47
2025-02-26,P002,Milk,Dairy,34
2025-02-26,P003,Biscuits,Packaged Foods,28
2025-02-26,P004,Cooking Oil,Cooking Essentials,20
2025-02-26,P005,Bread,Bakery,25
2025-02-26,P006,Soft Drinks,Beverages,29
2025-02-26,P007,Sweets,Confectionery,21
2025-02-26,P008,Snacks,Packaged Foods,30
2025-02-27,P001,Rice,Staples,45
2025-02-27,P002,Milk,Dairy,36
2025-02-27,P003,Biscuits,Packaged Foods,30
2025-02-27,P004,Cooking Oil,Cooking Essentials,19
2025-02-27,P005,Bread,Bakery,22
2025-02-27,P006,Soft Drinks,Beverages,27
2025-02-27,P007,Sweets,Confectionery,16
2025-02-27,P008,Snacks,Packaged Foods,28
2025-02-28,P001,Rice,Staples,43
2025-02-28,P002,Milk,Dairy,33
2025-02-28,P003,Biscuits,Packaged Foods,32
2025-02-28,P004,Cooking Oil,Cooking Essentials,21
2025-02-28,P005,Bread,Bakery,24
2025-02-28,P006,Soft Drinks,Beverages,29
2025-02-28,P007,Sweets,Confectionery,16
2025-02-28,P008,Snacks,Packaged Foods,32
2025-03-01,P001,Rice,Staples,53
2025-03-01,P002,Milk,Dairy,41
2025-03-01,P003,Biscuits,Packaged Foods,36
2025-03-01,P004,Cooking Oil,Cooking Essentials,24
2025-03-01,P005,Bread,Bakery,27
2025-03-01,P006,Soft Drinks,Beverages,37
2025-03-01,P007,Sweets,Confectionery,26
2025-03-01,P008,Snacks,Packaged Foods,48
2025-03-02,P001,Rice,Staples,54
2025-03-02,P002,Milk,Dairy,39
2025-03-02,P003,Biscuits,Packaged Foods,33
2025-03-02,P004,Cooking Oil,Cooking Essentials,20
2025-03-02,P005,Bread,Bakery,31
2025-03-02,P006,Soft Drinks,Beverages,41
2025-03-02,P007,Sweets,Confectionery,24
2025-03-02,P008,Snacks,Packaged Foods,46
2025-03-03,P001,Rice,Staples,49
2025-03-03,P002,Milk,Dairy,40
2025-03-03,P003,Biscuits,Packaged Foods,33
2025-03-03,P004,Cooking Oil,Cooking Essentials,24
2025-03-03,P005,Bread,Bakery,27
2025-03-03,P006,Soft Drinks,Beverages,33
2025-03-03,P007,Sweets,Confectionery,23
2025-03-03,P008,Snacks,Packaged Foods,36
2025-03-04,P001,Rice,Staples,71
2025-03-04,P002,Milk,Dairy,48
2025-03-04,P003,Biscuits,Packaged Foods,41
2025-03-04,P004,Cooking Oil,Cooking Essentials,28
2025-03-04,P005,Bread,Bakery,38
2025-03-04,P006,Soft Drinks,Beverages,45
2025-03-04,P007,Sweets,Confectionery,26
2025-03-04,P008,Snacks,Packaged Foods,53
2025-03-05,P001,Rice,Staples,44
2025-03-05,P002,Milk,Dairy,35
2025-03-05,P003,Biscuits,Packaged Foods,27
2025-03-05,P004,Cooking Oil,Cooking Essentials,21
2025-03-05,P005,Bread,Bakery,24
2025-03-05,P006,Soft Drinks,Beverages,28
2025-03-05,P007,Sweets,Confectionery,18
2025-03-05,P008,Snacks,Packaged Foods,37
2025-03-06,P001,Rice,Staples,52
2025-03-06,P002,Milk,Dairy,35
2025-03-06,P003,Biscuits,Packaged Foods,30
2025-03-06,P004,Cooking Oil,Cooking Essentials,19
2025-03-06,P005,Bread,Bakery,27
2025-03-06,P006,Soft Drinks,Beverages,27
2025-03-06,P007,Sweets,Confectionery,17
2025-03-06,P008,Snacks,Packaged Foods,35
2025-03-07,P001,Rice,Staples,43
2025-03-07,P002,Milk,Dairy,35
2025-03-07,P003,Biscuits,Packaged Foods,26
2025-03-07,P004,Cooking Oil,Cooking Essentials,21
2025-03-07,P005,Bread,Bakery,29
2025-03-07,P006,Soft Drinks,Beverages,30
2025-03-07,P007,Sweets,Confectionery,20
2025-03-07,P008,Snacks,Packaged Foods,30
2025-03-08,P001,Rice,Staples,50
2025-03-08,P002,Milk,Dairy,34
2025-03-08,P003,Biscuits,Packaged Foods,35
2025-03-08,P004,Cooking Oil,Cooking Essentials,23
2025-03-08,P005,Bread,Bakery,29
2025-03-08,P006,Soft Drinks,Beverages,33
2025-03-08,P007,Sweets,Confectionery,21
2025-03-08,P008,Snacks,Packaged Foods,36
2025-03-09,P001,Rice,Staples,51
2025-03-09,P002,Milk,Dairy,43
2025-03-09,P003,Biscuits,Packaged Foods,39
2025-03-09,P004,Cooking Oil,Cooking Essentials,19
2025-03-09,P005,Bread,Bakery,32
2025-03-09,P006,Soft Drinks,Beverages,38
2025-03-09,P007,Sweets,Confectionery,20
2025-03-09,P008,Snacks,Packaged Foods,39
2025-03-10,P001,Rice,Staples,49
2025-03-10,P002,Milk,Dairy,37
2025-03-10,P003,Biscuits,Packaged Foods,27
2025-03-10,P004,Cooking Oil,Cooking Essentials,21
2025-03-10,P005,Bread,Bakery,21
2025-03-10,P006,Soft Drinks,Beverages,28
2025-03-10,P007,Sweets,Confectionery,20
2025-03-10,P008,Snacks,Packaged Foods,32
2025-03-11,P001,Rice,Staples,43
2025-03-11,P002,Milk,Dairy,37
2025-03-11,P003,Biscuits,Packaged Foods,32
2025-03-11,P004,Cooking Oil,Cooking Essentials,22
2025-03-11,P005,Bread,Bakery,27
2025-03-11,P006,Soft Drinks,Beverages,30
2025-03-11,P007,Sweets,Confectionery,19
2025-03-11,P008,Snacks,Packaged Foods,33
2025-03-12,P001,Rice,Staples,45
2025-03-12,P002,Milk,Dairy,34
2025-03-12,P003,Biscuits,Packaged Foods,27
2025-03-12,P004,Cooking Oil,Cooking Essentials,18
2025-03-12,P005,Bread,Bakery,24
2025-03-12,P006,Soft Drinks,Beverages,29
2025-03-12,P007,Sweets,Confectionery,20
2025-03-12,P008,Snacks,Packaged Foods,32
2025-03-13,P001,Rice,Staples,49
2025-03-13,P002,Milk,Dairy,38
2025-03-13,P003,Biscuits,Packaged Foods,29
2025-03-13,P004,Cooking Oil,Cooking Essentials,21
2025-03-13,P005,Bread,Bakery,25
2025-03-13,P006,Soft Drinks,Beverages,31
2025-03-13,P007,Sweets,Confectionery,19
2025-03-13,P008,Snacks,Packaged Foods,29
2025-03-14,P001,Rice,Staples,46
2025-03-14,P002,Milk,Dairy,40
2025-03-14,P003,Biscuits,Packaged Foods,30
2025-03-14,P004,Cooking Oil,Cooking Essentials,21
2025-03-14,P005,Bread,Bakery,26
2025-03-14,P006,Soft Drinks,Beverages,26
2025-03-14,P007,Sweets,Confectionery,19
2025-03-14,P008,Snacks,Packaged Foods,28
2025-03-15,P001,Rice,Staples,47
2025-03-15,P002,Milk,Dairy,40
2025-03-15,P003,Biscuits,Packaged Foods,37
2025-03-15,P004,Cooking Oil,Cooking Essentials,21
2025-03-15,P005,Bread,Bakery,30
2025-03-15,P006,Soft Drinks,Beverages,36
2025-03-15,P007,Sweets,Confectionery,23
2025-03-15,P008,Snacks,Packaged Foods,42
2025-03-16,P001,Rice,Staples,47
2025-03-16,P002,Milk,Dairy,37
2025-03-16,P003,Biscuits,Packaged Foods,35
2025-03-16,P004,Cooking Oil,Cooking Essentials,19
2025-03-16,P005,Bread,Bakery,27
2025-03-16,P006,Soft Drinks,Beverages,40
2025-03-16,P007,Sweets,Confectionery,23
2025-03-16,P008,Snacks,Packaged Foods,37
2025-03-17,P001,Rice,Staples,39
2025-03-17,P002,Milk,Dairy,35
2025-03-17,P003,Biscuits,Packaged Foods,34
2025-03-17,P004,Cooking Oil,Cooking Essentials,20
2025-03-17,P005,Bread,Bakery,28
2025-03-17,P006,Soft Drinks,Beverages,29
2025-03-17,P007,Sweets,Confectionery,19
2025-03-17,P008,Snacks,Packaged Foods,29
2025-03-18,P001,Rice,Staples,48
2025-03-18,P002,Milk,Dairy,34
2025-03-18,P003,Biscuits,Packaged Foods,32
2025-03-18,P004,Cooking Oil,Cooking Essentials,19
2025-03-18,P005,Bread,Bakery,25
2025-03-18,P006,Soft Drinks,Beverages,29
2025-03-18,P007,Sweets,Confectionery,18
2025-03-18,P008,Snacks,Packaged Foods,33
2025-03-19,P001,Rice,Staples,44
2025-03-19,P002,Milk,Dairy,33
2025-03-19,P003,Biscuits,Packaged Foods,34
2025-03-19,P004,Cooking Oil,Cooking Essentials,22
2025-03-19,P005,Bread,Bakery,23
2025-03-19,P006,Soft Drinks,Beverages,29
2025-03-19,P007,Sweets,Confectionery,17
2025-03-19,P008,Snacks,Packaged Foods,29
2025-03-20,P001,Rice,Staples,49
2025-03-20,P002,Milk,Dairy,30
2025-03-20,P003,Biscuits,Packaged Foods,32
2025-03-20,P004,Cooking Oil,Cooking Essentials,20
2025-03-20,P005,Bread,Bakery,25
2025-03-20,P006,Soft Drinks,Beverages,29
2025-03-20,P007,Sweets,Confectionery,19
2025-03-20,P008,Snacks,Packaged Foods,30
2025-03-21,P001,Rice,Staples,48
2025-03-21,P002,Milk,Dairy,35
2025-03-21,P003,Biscuits,Packaged Foods,27
2025-03-21,P004,Cooking Oil,Cooking Essentials,20
2025-03-21,P005,Bread,Bakery,28
2025-03-21,P006,Soft Drinks,Beverages,32
2025-03-21,P007,Sweets,Confectionery,19
2025-03-21,P008,Snacks,Packaged Foods,29
2025-03-22,P001,Rice,Staples,51
2025-03-22,P002,Milk,Dairy,39
2025-03-22,P003,Biscuits,Packaged Foods,38
2025-03-22,P004,Cooking Oil,Cooking Essentials,23
2025-03-22,P005,Bread,Bakery,29
2025-03-22,P006,Soft Drinks,Beverages,36
2025-03-22,P007,Sweets,Confectionery,22
2025-03-22,P008,Snacks,Packaged Foods,35
2025-03-23,P001,Rice,Staples,51
2025-03-23,P002,Milk,Dairy,37
2025-03-23,P003,Biscuits,Packaged Foods,37
2025-03-23,P004,Cooking Oil,Cooking Essentials,19
2025-03-23,P005,Bread,Bakery,30
2025-03-23,P006,Soft Drinks,Beverages,41
2025-03-23,P007,Sweets,Confectionery,23
2025-03-23,P008,Snacks,Packaged Foods,40
2025-03-24,P001,Rice,Staples,46
2025-03-24,P002,Milk,Dairy,41
2025-03-24,P003,Biscuits,Packaged Foods,28
2025-03-24,P004,Cooking Oil,Cooking Essentials,20
2025-03-24,P005,Bread,Bakery,23
2025-03-24,P006,Soft Drinks,Beverages,27
2025-03-24,P007,Sweets,Confectionery,18
2025-03-24,P008,Snacks,Packaged Foods,35
2025-03-25,P001,Rice,Staples,51
2025-03-25,P002,Milk,Dairy,36
2025-03-25,P003,Biscuits,Packaged Foods,29
2025-03-25,P004,Cooking Oil,Cooking Essentials,24
2025-03-25,P005,Bread,Bakery,24
2025-03-25,P006,Soft Drinks,Beverages,27
2025-03-25,P007,Sweets,Confectionery,15
2025-03-25,P008,Snacks,Packaged Foods,36
2025-03-26,P001,Rice,Staples,48
2025-03-26,P002,Milk,Dairy,42
2025-03-26,P003,Biscuits,Packaged Foods,27
2025-03-26,P004,Cooking Oil,Cooking Essentials,22
2025-03-26,P005,Bread,Bakery,25
2025-03-26,P006,Soft Drinks,Beverages,30
2025-03-26,P007,Sweets,Confectionery,16
2025-03-26,P008,Snacks,Packaged Foods,36
2025-03-27,P001,Rice,Staples,48
2025-03-27,P002,Milk,Dairy,35
2025-03-27,P003,Biscuits,Packaged Foods,32
2025-03-27,P004,Cooking Oil,Cooking Essentials,19
2025-03-27,P005,Bread,Bakery,24
2025-03-27,P006,Soft Drinks,Beverages,27
2025-03-27,P007,Sweets,Confectionery,15
2025-03-27,P008,Snacks,Packaged Foods,34
2025-03-28,P001,Rice,Staples,49
2025-03-28,P002,Milk,Dairy,33
2025-03-28,P003,Biscuits,Packaged Foods,31
2025-03-28,P004,Cooking Oil,Cooking Essentials,20
2025-03-28,P005,Bread,Bakery,26
2025-03-28,P006,Soft Drinks,Beverages,27
2025-03-28,P007,Sweets,Confectionery,17
2025-03-28,P008,Snacks,Packaged Foods,35
2025-03-29,P001,Rice,Staples,49
2025-03-29,P002,Milk,Dairy,42
2025-03-29,P003,Biscuits,Packaged Foods,36
2025-03-29,P004,Cooking Oil,Cooking Essentials,20
2025-03-29,P005,Bread,Bakery,31
2025-03-29,P006,Soft Drinks,Beverages,38
2025-03-29,P007,Sweets,Confectionery,24
2025-03-29,P008,Snacks,Packaged Foods,43
2025-03-30,P001,Rice,Staples,47
2025-03-30,P002,Milk,Dairy,36
2025-03-30,P003,Biscuits,Packaged Foods,36
2025-03-30,P004,Cooking Oil,Cooking Essentials,20
2025-03-30,P005,Bread,Bakery,28
2025-03-30,P006,Soft Drinks,Beverages,39
2025-03-30,P007,Sweets,Confectionery,23
2025-03-30,P008,Snacks,Packaged Foods,37
2025-03-31,P001,Rice,Staples,39
2025-03-31,P002,Milk,Dairy,40
2025-03-31,P003,Biscuits,Packaged Foods,30
2025-03-31,P004,Cooking Oil,Cooking Essentials,19
2025-03-31,P005,Bread,Bakery,24
2025-03-31,P006,Soft Drinks,Beverages,25
2025-03-31,P007,Sweets,Confectionery,20
2025-03-31,P008,Snacks,Packaged Foods,31
2025-04-01,P001,Rice,Staples,50
2025-04-01,P002,Milk,Dairy,35
2025-04-01,P003,Biscuits,Packaged Foods,33
2025-04-01,P004,Cooking Oil,Cooking Essentials,20
2025-04-01,P005,Bread,Bakery,27
2025-04-01,P006,Soft Drinks,Beverages,30
2025-04-01,P007,Sweets,Confectionery,19
2025-04-01,P008,Snacks,Packaged Foods,33
2025-04-02,P001,Rice,Staples,44
2025-04-02,P002,Milk,Dairy,40
2025-04-02,P003,Biscuits,Packaged Foods,28
2025-04-02,P004,Cooking Oil,Cooking Essentials,20
2025-04-02,P005,Bread,Bakery,25
2025-04-02,P006,Soft Drinks,Beverages,29
2025-04-02,P007,Sweets,Confectionery,17
2025-04-02,P008,Snacks,Packaged Foods,33
2025-04-03,P001,Rice,Staples,44
2025-04-03,P002,Milk,Dairy,31
2025-04-03,P003,Biscuits,Packaged Foods,30
2025-04-03,P004,Cooking Oil,Cooking Essentials,18
2025-04-03,P005,Bread,Bakery,22
2025-04-03,P006,Soft Drinks,Beverages,28
2025-04-03,P007,Sweets,Confectionery,19
2025-04-03,P008,Snacks,Packaged Foods,33
2025-04-04,P001,Rice,Staples,47
2025-04-04,P002,Milk,Dairy,30
2025-04-04,P003,Biscuits,Packaged Foods,27
2025-04-04,P004,Cooking Oil,Cooking Essentials,23
2025-04-04,P005,Bread,Bakery,23
2025-04-04,P006,Soft Drinks,Beverages,29
2025-04-04,P007,Sweets,Confectionery,17
2025-04-04,P008,Snacks,Packaged Foods,32
2025-04-05,P001,Rice,Staples,47
2025-04-05,P002,Milk,Dairy,38
2025-04-05,P003,Biscuits,Packaged Foods,36
2025-04-05,P004,Cooking Oil,Cooking Essentials,21
2025-04-05,P005,Bread,Bakery,27
2025-04-05,P006,Soft Drinks,Beverages,37
2025-04-05,P007,Sweets,Confectionery,21
2025-04-05,P008,Snacks,Packaged Foods,41
2025-04-06,P001,Rice,Staples,59
2025-04-06,P002,Milk,Dairy,41
2025-04-06,P003,Biscuits,Packaged Foods,38
2025-04-06,P004,Cooking Oil,Cooking Essentials,21
2025-04-06,P005,Bread,Bakery,25
2025-04-06,P006,Soft Drinks,Beverages,33
2025-04-06,P007,Sweets,Confectionery,24
2025-04-06,P008,Snacks,Packaged Foods,38
2025-04-07,P001,Rice,Staples,42
2025-04-07,P002,Milk,Dairy,35
2025-04-07,P003,Biscuits,Packaged Foods,27
2025-04-07,P004,Cooking Oil,Cooking Essentials,18
2025-04-07,P005,Bread,Bakery,25
2025-04-07,P006,Soft Drinks,Beverages,26
2025-04-07,P007,Sweets,Confectionery,17
2025-04-07,P008,Snacks,Packaged Foods,30
2025-04-08,P001,Rice,Staples,47
2025-04-08,P002,Milk,Dairy,34
2025-04-08,P003,Biscuits,Packaged Foods,30
2025-04-08,P004,Cooking Oil,Cooking Essentials,21
2025-04-08,P005,Bread,Bakery,25
2025-04-08,P006,Soft Drinks,Beverages,27
2025-04-08,P007,Sweets,Confectionery,19
2025-04-08,P008,Snacks,Packaged Foods,34
2025-04-09,P001,Rice,Staples,44
2025-04-09,P002,Milk,Dairy,35
2025-04-09,P003,Biscuits,Packaged Foods,28
2025-04-09,P004,Cooking Oil,Cooking Essentials,19
2025-04-09,P005,Bread,Bakery,27
2025-04-09,P006,Soft Drinks,Beverages,29
2025-04-09,P007,Sweets,Confectionery,19
2025-04-09,P008,Snacks,Packaged Foods,33
2025-04-10,P001,Rice,Staples,45
2025-04-10,P002,Milk,Dairy,37
2025-04-10,P003,Biscuits,Packaged Foods,32
2025-04-10,P004,Cooking Oil,Cooking Essentials,21
2025-04-10,P005,Bread,Bakery,25
2025-04-10,P006,Soft Drinks,Beverages,31
2025-04-10,P007,Sweets,Confectionery,18
2025-04-10,P008,Snacks,Packaged Foods,34
2025-04-11,P001,Rice,Staples,46
2025-04-11,P002,Milk,Dairy,36
2025-04-11,P003,Biscuits,Packaged Foods,28
2025-04-11,P004,Cooking Oil,Cooking Essentials,21
2025-04-11,P005,Bread,Bakery,31
2025-04-11,P006,Soft Drinks,Beverages,27
2025-04-11,P007,Sweets,Confectionery,18
2025-04-11,P008,Snacks,Packaged Foods,31
2025-04-12,P001,Rice,Staples,48
2025-04-12,P002,Milk,Dairy,41
2025-04-12,P003,Biscuits,Packaged Foods,34
2025-04-12,P004,Cooking Oil,Cooking Essentials,21
2025-04-12,P005,Bread,Bakery,26
2025-04-12,P006,Soft Drinks,Beverages,35
2025-04-12,P007,Sweets,Confectionery,20
2025-04-12,P008,Snacks,Packaged Foods,42
2025-04-13,P001,Rice,Staples,60
2025-04-13,P002,Milk,Dairy,36
2025-04-13,P003,Biscuits,Packaged Foods,32
2025-04-13,P004,Cooking Oil,Cooking Essentials,23
2025-04-13,P005,Bread,Bakery,27
2025-04-13,P006,Soft Drinks,Beverages,39
2025-04-13,P007,Sweets,Confectionery,22
2025-04-13,P008,Snacks,Packaged Foods,38
2025-04-14,P001,Rice,Staples,44
2025-04-14,P002,Milk,Dairy,37
2025-04-14,P003,Biscuits,Packaged Foods,29
2025-04-14,P004,Cooking Oil,Cooking Essentials,19
2025-04-14,P005,Bread,Bakery,25
2025-04-14,P006,Soft Drinks,Beverages,25
2025-04-14,P007,Sweets,Confectionery,19
2025-04-14,P008,Snacks,Packaged Foods,27
2025-04-15,P001,Rice,Staples,43
2025-04-15,P002,Milk,Dairy,37
2025-04-15,P003,Biscuits,Packaged Foods,31
2025-04-15,P004,Cooking Oil,Cooking Essentials,21
2025-04-15,P005,Bread,Bakery,25
2025-04-15,P006,Soft Drinks,Beverages,31
2025-04-15,P007,Sweets,Confectionery,19
2025-04-15,P008,Snacks,Packaged Foods,33
2025-04-16,P001,Rice,Staples,48
2025-04-16,P002,Milk,Dairy,37
2025-04-16,P003,Biscuits,Packaged Foods,29
2025-04-16,P004,Cooking Oil,Cooking Essentials,18
2025-04-16,P005,Bread,Bakery,26
2025-04-16,P006,Soft Drinks,Beverages,29
2025-04-16,P007,Sweets,Confectionery,20
2025-04-16,P008,Snacks,Packaged Foods,30
2025-04-17,P001,Rice,Staples,42
2025-04-17,P002,Milk,Dairy,36
2025-04-17,P003,Biscuits,Packaged Foods,30
2025-04-17,P004,Cooking Oil,Cooking Essentials,17
2025-04-17,P005,Bread,Bakery,26
2025-04-17,P006,Soft Drinks,Beverages,24
2025-04-17,P007,Sweets,Confectionery,17
2025-04-17,P008,Snacks,Packaged Foods,35
2025-04-18,P001,Rice,Staples,52
2025-04-18,P002,Milk,Dairy,32
2025-04-18,P003,Biscuits,Packaged Foods,29
2025-04-18,P004,Cooking Oil,Cooking Essentials,20
2025-04-18,P005,Bread,Bakery,29
2025-04-18,P006,Soft Drinks,Beverages,27
2025-04-18,P007,Sweets,Confectionery,17
2025-04-18,P008,Snacks,Packaged Foods,36
2025-04-19,P001,Rice,Staples,48
2025-04-19,P002,Milk,Dairy,39
2025-04-19,P003,Biscuits,Packaged Foods,32
2025-04-19,P004,Cooking Oil,Cooking Essentials,21
2025-04-19,P005,Bread,Bakery,25
2025-04-19,P006,Soft Drinks,Beverages,34
2025-04-19,P007,Sweets,Confectionery,24
2025-04-19,P008,Snacks,Packaged Foods,40
2025-04-20,P001,Rice,Staples,48
2025-04-20,P002,Milk,Dairy,35
2025-04-20,P003,Biscuits,Packaged Foods,35
2025-04-20,P004,Cooking Oil,Cooking Essentials,22
2025-04-20,P005,Bread,Bakery,31
2025-04-20,P006,Soft Drinks,Beverages,31
2025-04-20,P007,Sweets,Confectionery,21
2025-04-20,P008,Snacks,Packaged Foods,40
2025-04-21,P001,Rice,Staples,45
2025-04-21,P002,Milk,Dairy,36
2025-04-21,P003,Biscuits,Packaged Foods,31
2025-04-21,P004,Cooking Oil,Cooking Essentials,20
2025-04-21,P005,Bread,Bakery,24
2025-04-21,P006,Soft Drinks,Beverages,27
2025-04-21,P007,Sweets,Confectionery,20
2025-04-21,P008,Snacks,Packaged Foods,30
2025-04-22,P001,Rice,Staples,45
2025-04-22,P002,Milk,Dairy,36
2025-04-22,P003,Biscuits,Packaged Foods,34
2025-04-22,P004,Cooking Oil,Cooking Essentials,20
2025-04-22,P005,Bread,Bakery,27
2025-04-22,P006,Soft Drinks,Beverages,31
2025-04-22,P007,Sweets,Confectionery,18
2025-04-22,P008,Snacks,Packaged Foods,31
2025-04-23,P001,Rice,Staples,44
2025-04-23,P002,Milk,Dairy,34
2025-04-23,P003,Biscuits,Packaged Foods,32
2025-04-23,P004,Cooking Oil,Cooking Essentials,20
2025-04-23,P005,Bread,Bakery,25
2025-04-23,P006,Soft Drinks,Beverages,25
2025-04-23,P007,Sweets,Confectionery,17
2025-04-23,P008,Snacks,Packaged Foods,37
2025-04-24,P001,Rice,Staples,44
2025-04-24,P002,Milk,Dairy,33
2025-04-24,P003,Biscuits,Packaged Foods,33
2025-04-24,P004,Cooking Oil,Cooking Essentials,20
2025-04-24,P005,Bread,Bakery,26
2025-04-24,P006,Soft Drinks,Beverages,28
2025-04-24,P007,Sweets,Confectionery,18
2025-04-24,P008,Snacks,Packaged Foods,32
2025-04-25,P001,Rice,Staples,40
2025-04-25,P002,Milk,Dairy,35
2025-04-25,P003,Biscuits,Packaged Foods,31
2025-04-25,P004,Cooking Oil,Cooking Essentials,23
2025-04-25,P005,Bread,Bakery,25
2025-04-25,P006,Soft Drinks,Beverages,23
2025-04-25,P007,Sweets,Confectionery,18
2025-04-25,P008,Snacks,Packaged Foods,39
2025-04-26,P001,Rice,Staples,53
2025-04-26,P002,Milk,Dairy,34
2025-04-26,P003,Biscuits,Packaged Foods,37
2025-04-26,P004,Cooking Oil,Cooking Essentials,20
2025-04-26,P005,Bread,Bakery,26
2025-04-26,P006,Soft Drinks,Beverages,36
2025-04-26,P007,Sweets,Confectionery,23
2025-04-26,P008,Snacks,Packaged Foods,35
2025-04-27,P001,Rice,Staples,45
2025-04-27,P002,Milk,Dairy,37
2025-04-27,P003,Biscuits,Packaged Foods,35
2025-04-27,P004,Cooking Oil,Cooking Essentials,22
2025-04-27,P005,Bread,Bakery,26
2025-04-27,P006,Soft Drinks,Beverages,38
2025-04-27,P007,Sweets,Confectionery,21
2025-04-27,P008,Snacks,Packaged Foods,44
2025-04-28,P001,Rice,Staples,39
2025-04-28,P002,Milk,Dairy,32
2025-04-28,P003,Biscuits,Packaged Foods,31
2025-04-28,P004,Cooking Oil,Cooking Essentials,23
2025-04-28,P005,Bread,Bakery,26
2025-04-28,P006,Soft Drinks,Beverages,29
2025-04-28,P007,Sweets,Confectionery,18
2025-04-28,P008,Snacks,Packaged Foods,29
2025-04-29,P001,Rice,Staples,43
2025-04-29,P002,Milk,Dairy,32
2025-04-29,P003,Biscuits,Packaged Foods,27
2025-04-29,P004,Cooking Oil,Cooking Essentials,21
2025-04-29,P005,Bread,Bakery,23
2025-04-29,P006,Soft Drinks,Beverages,29
2025-04-29,P007,Sweets,Confectionery,16
2025-04-29,P008,Snacks,Packaged Foods,33
2025-04-30,P001,Rice,Staples,43
2025-04-30,P002,Milk,Dairy,39
2025-04-30,P003,Biscuits,Packaged Foods,31
2025-04-30,P004,Cooking Oil,Cooking Essentials,22
2025-04-30,P005,Bread,Bakery,23
2025-04-30,P006,Soft Drinks,Beverages,28
2025-04-30,P007,Sweets,Confectionery,17
2025-04-30,P008,Snacks,Packaged Foods,31
2025-05-01,P001,Rice,Staples,44
2025-05-01,P002,Milk,Dairy,33
2025-05-01,P003,Biscuits,Packaged Foods,27
2025-05-01,P004,Cooking Oil,Cooking Essentials,18
2025-05-01,P005,Bread,Bakery,20
2025-05-01,P006,Soft Drinks,Beverages,26
2025-05-01,P007,Sweets,Confectionery,19
2025-05-01,P008,Snacks,Packaged Foods,28
2025-05-02,P001,Rice,Staples,40
2025-05-02,P002,Milk,Dairy,40
2025-05-02,P003,Biscuits,Packaged Foods,28
2025-05-02,P004,Cooking Oil,Cooking Essentials,21
2025-05-02,P005,Bread,Bakery,26
2025-05-02,P006,Soft Drinks,Beverages,29
2025-05-02,P007,Sweets,Confectionery,16
2025-05-02,P008,Snacks,Packaged Foods,31
2025-05-03,P001,Rice,Staples,44
2025-05-03,P002,Milk,Dairy,44
2025-05-03,P003,Biscuits,Packaged Foods,32
2025-05-03,P004,Cooking Oil,Cooking Essentials,20
2025-05-03,P005,Bread,Bakery,27
2025-05-03,P006,Soft Drinks,Beverages,33
2025-05-03,P007,Sweets,Confectionery,24
2025-05-03,P008,Snacks,Packaged Foods,46
2025-05-04,P001,Rice,Staples,48
2025-05-04,P002,Milk,Dairy,33
2025-05-04,P003,Biscuits,Packaged Foods,31
2025-05-04,P004,Cooking Oil,Cooking Essentials,21
2025-05-04,P005,Bread,Bakery,28
2025-05-04,P006,Soft Drinks,Beverages,35
2025-05-04,P007,Sweets,Confectionery,23
2025-05-04,P008,Snacks,Packaged Foods,41
2025-05-05,P001,Rice,Staples,46
2025-05-05,P002,Milk,Dairy,34
2025-05-05,P003,Biscuits,Packaged Foods,27
2025-05-05,P004,Cooking Oil,Cooking Essentials,21
2025-05-05,P005,Bread,Bakery,25
2025-05-05,P006,Soft Drinks,Beverages,30
2025-05-05,P007,Sweets,Confectionery,19
2025-05-05,P008,Snacks,Packaged Foods,28
2025-05-06,P001,Rice,Staples,40
2025-05-06,P002,Milk,Dairy,33
2025-05-06,P003,Biscuits,Packaged Foods,27
2025-05-06,P004,Cooking Oil,Cooking Essentials,21
2025-05-06,P005,Bread,Bakery,26
2025-05-06,P006,Soft Drinks,Beverages,30
2025-05-06,P007,Sweets,Confectionery,19
2025-05-06,P008,Snacks,Packaged Foods,33
2025-05-07,P001,Rice,Staples,49
2025-05-07,P002,Milk,Dairy,36
2025-05-07,P003,Biscuits,Packaged Foods,30
2025-05-07,P004,Cooking Oil,Cooking Essentials,22
2025-05-07,P005,Bread,Bakery,25
2025-05-07,P006,Soft Drinks,Beverages,27
2025-05-07,P007,Sweets,Confectionery,17
2025-05-07,P008,Snacks,Packaged Foods,34
2025-05-08,P001,Rice,Staples,49
2025-05-08,P002,Milk,Dairy,35
2025-05-08,P003,Biscuits,Packaged Foods,33
2025-05-08,P004,Cooking Oil,Cooking Essentials,17
2025-05-08,P005,Bread,Bakery,25
2025-05-08,P006,Soft Drinks,Beverages,28
2025-05-08,P007,Sweets,Confectionery,17
2025-05-08,P008,Snacks,Packaged Foods,38
2025-05-09,P001,Rice,Staples,45
2025-05-09,P002,Milk,Dairy,34
2025-05-09,P003,Biscuits,Packaged Foods,30
2025-05-09,P004,Cooking Oil,Cooking Essentials,17
2025-05-09,P005,Bread,Bakery,23
2025-05-09,P006,Soft Drinks,Beverages,30
2025-05-09,P007,Sweets,Confectionery,17
2025-05-09,P008,Snacks,Packaged Foods,30
2025-05-10,P001,Rice,Staples,54
2025-05-10,P002,Milk,Dairy,41
2025-05-10,P003,Biscuits,Packaged Foods,37
2025-05-10,P004,Cooking Oil,Cooking Essentials,21
2025-05-10,P005,Bread,Bakery,28
2025-05-10,P006,Soft Drinks,Beverages,35
2025-05-10,P007,Sweets,Confectionery,21
2025-05-10,P008,Snacks,Packaged Foods,37
2025-05-11,P001,Rice,Staples,47
2025-05-11,P002,Milk,Dairy,34
2025-05-11,P003,Biscuits,Packaged Foods,32
2025-05-11,P004,Cooking Oil,Cooking Essentials,22
2025-05-11,P005,Bread,Bakery,29
2025-05-11,P006,Soft Drinks,Beverages,40
2025-05-11,P007,Sweets,Confectionery,22
2025-05-11,P008,Snacks,Packaged Foods,41
2025-05-12,P001,Rice,Staples,46
2025-05-12,P002,Milk,Dairy,34
2025-05-12,P003,Biscuits,Packaged Foods,32
2025-05-12,P004,Cooking Oil,Cooking Essentials,21
2025-05-12,P005,Bread,Bakery,26
2025-05-12,P006,Soft Drinks,Beverages,27
2025-05-12,P007,Sweets,Confectionery,17
2025-05-12,P008,Snacks,Packaged Foods,28
2025-05-13,P001,Rice,Staples,42
2025-05-13,P002,Milk,Dairy,33
2025-05-13,P003,Biscuits,Packaged Foods,27
2025-05-13,P004,Cooking Oil,Cooking Essentials,21
2025-05-13,P005,Bread,Bakery,27
2025-05-13,P006,Soft Drinks,Beverages,26
2025-05-13,P007,Sweets,Confectionery,18
2025-05-13,P008,Snacks,Packaged Foods,29
2025-05-14,P001,Rice,Staples,44
2025-05-14,P002,Milk,Dairy,33
2025-05-14,P003,Biscuits,Packaged Foods,31
2025-05-14,P004,Cooking Oil,Cooking Essentials,19
2025-05-14,P005,Bread,Bakery,27
2025-05-14,P006,Soft Drinks,Beverages,27
2025-05-14,P007,Sweets,Confectionery,17
2025-05-14,P008,Snacks,Packaged Foods,29
2025-05-15,P001,Rice,Staples,46
2025-05-15,P002,Milk,Dairy,38
2025-05-15,P003,Biscuits,Packaged Foods,31
2025-05-15,P004,Cooking Oil,Cooking Essentials,24
2025-05-15,P005,Bread,Bakery,28
2025-05-15,P006,Soft Drinks,Beverages,27
2025-05-15,P007,Sweets,Confectionery,18
2025-05-15,P008,Snacks,Packaged Foods,33
2025-05-16,P001,Rice,Staples,42
2025-05-16,P002,Milk,Dairy,38
2025-05-16,P003,Biscuits,Packaged Foods,31
2025-05-16,P004,Cooking Oil,Cooking Essentials,20
2025-05-16,P005,Bread,Bakery,26
2025-05-16,P006,Soft Drinks,Beverages,32
2025-05-16,P007,Sweets,Confectionery,18
2025-05-16,P008,Snacks,Packaged Foods,32
2025-05-17,P001,Rice,Staples,55
2025-05-17,P002,Milk,Dairy,39
2025-05-17,P003,Biscuits,Packaged Foods,35
2025-05-17,P004,Cooking Oil,Cooking Essentials,22
2025-05-17,P005,Bread,Bakery,29
2025-05-17,P006,Soft Drinks,Beverages,37
2025-05-17,P007,Sweets,Confectionery,21
2025-05-17,P008,Snacks,Packaged Foods,36
2025-05-18,P001,Rice,Staples,46
2025-05-18,P002,Milk,Dairy,34
2025-05-18,P003,Biscuits,Packaged Foods,34
2025-05-18,P004,Cooking Oil,Cooking Essentials,23
2025-05-18,P005,Bread,Bakery,28
2025-05-18,P006,Soft Drinks,Beverages,37
2025-05-18,P007,Sweets,Confectionery,21
2025-05-18,P008,Snacks,Packaged Foods,39
2025-05-19,P001,Rice,Staples,47
2025-05-19,P002,Milk,Dairy,37
2025-05-19,P003,Biscuits,Packaged Foods,28
2025-05-19,P004,Cooking Oil,Cooking Essentials,20
2025-05-19,P005,Bread,Bakery,29
2025-05-19,P006,Soft Drinks,Beverages,28
2025-05-19,P007,Sweets,Confectionery,17
2025-05-19,P008,Snacks,Packaged Foods,32
2025-05-20,P001,Rice,Staples,45
2025-05-20,P002,Milk,Dairy,35
2025-05-20,P003,Biscuits,Packaged Foods,30
2025-05-20,P004,Cooking Oil,Cooking Essentials,18
2025-05-20,P005,Bread,Bakery,23
2025-05-20,P006,Soft Drinks,Beverages,28
2025-05-20,P007,Sweets,Confectionery,18
2025-05-20,P008,Snacks,Packaged Foods,31
2025-05-21,P001,Rice,Staples,44
2025-05-21,P002,Milk,Dairy,35
2025-05-21,P003,Biscuits,Packaged Foods,32
2025-05-21,P004,Cooking Oil,Cooking Essentials,20
2025-05-21,P005,Bread,Bakery,26
2025-05-21,P006,Soft Drinks,Beverages,27
2025-05-21,P007,Sweets,Confectionery,19
2025-05-21,P008,Snacks,Packaged Foods,33
2025-05-22,P001,Rice,Staples,48
2025-05-22,P002,Milk,Dairy,37
2025-05-22,P003,Biscuits,Packaged Foods,31
2025-05-22,P004,Cooking Oil,Cooking Essentials,20
2025-05-22,P005,Bread,Bakery,25
2025-05-22,P006,Soft Drinks,Beverages,30
2025-05-22,P007,Sweets,Confectionery,17
2025-05-22,P008,Snacks,Packaged Foods,30
2025-05-23,P001,Rice,Staples,46
2025-05-23,P002,Milk,Dairy,36
2025-05-23,P003,Biscuits,Packaged Foods,28
2025-05-23,P004,Cooking Oil,Cooking Essentials,20
2025-05-23,P005,Bread,Bakery,25
2025-05-23,P006,Soft Drinks,Beverages,23
2025-05-23,P007,Sweets,Confectionery,18
2025-05-23,P008,Snacks,Packaged Foods,32
2025-05-24,P001,Rice,Staples,49
2025-05-24,P002,Milk,Dairy,41
2025-05-24,P003,Biscuits,Packaged Foods,33
2025-05-24,P004,Cooking Oil,Cooking Essentials,20
2025-05-24,P005,Bread,Bakery,24
2025-05-24,P006,Soft Drinks,Beverages,35
2025-05-24,P007,Sweets,Confectionery,22
2025-05-24,P008,Snacks,Packaged Foods,39
2025-05-25,P001,Rice,Staples,53
2025-05-25,P002,Milk,Dairy,39
2025-05-25,P003,Biscuits,Packaged Foods,36
2025-05-25,P004,Cooking Oil,Cooking Essentials,21
2025-05-25,P005,Bread,Bakery,31
2025-05-25,P006,Soft Drinks,Beverages,36
2025-05-25,P007,Sweets,Confectionery,21
2025-05-25,P008,Snacks,Packaged Foods,36
2025-05-26,P001,Rice,Staples,43
2025-05-26,P002,Milk,Dairy,37
2025-05-26,P003,Biscuits,Packaged Foods,35
2025-05-26,P004,Cooking Oil,Cooking Essentials,20
2025-05-26,P005,Bread,Bakery,23
2025-05-26,P006,Soft Drinks,Beverages,25
2025-05-26,P007,Sweets,Confectionery,19
2025-05-26,P008,Snacks,Packaged Foods,27
2025-05-27,P001,Rice,Staples,47
2025-05-27,P002,Milk,Dairy,37
2025-05-27,P003,Biscuits,Packaged Foods,31
2025-05-27,P004,Cooking Oil,Cooking Essentials,20
2025-05-27,P005,Bread,Bakery,26
2025-05-27,P006,Soft Drinks,Beverages,28
2025-05-27,P007,Sweets,Confectionery,17
2025-05-27,P008,Snacks,Packaged Foods,37
2025-05-28,P001,Rice,Staples,44
2025-05-28,P002,Milk,Dairy,37
2025-05-28,P003,Biscuits,Packaged Foods,24
2025-05-28,P004,Cooking Oil,Cooking Essentials,22
2025-05-28,P005,Bread,Bakery,28
2025-05-28,P006,Soft Drinks,Beverages,28
2025-05-28,P007,Sweets,Confectionery,19
2025-05-28,P008,Snacks,Packaged Foods,33
2025-05-29,P001,Rice,Staples,43
2025-05-29,P002,Milk,Dairy,37
2025-05-29,P003,Biscuits,Packaged Foods,28
2025-05-29,P004,Cooking Oil,Cooking Essentials,19
2025-05-29,P005,Bread,Bakery,27
2025-05-29,P006,Soft Drinks,Beverages,30
2025-05-29,P007,Sweets,Confectionery,17
2025-05-29,P008,Snacks,Packaged Foods,30
2025-05-30,P001,Rice,Staples,43
2025-05-30,P002,Milk,Dairy,37
2025-05-30,P003,Biscuits,Packaged Foods,28
2025-05-30,P004,Cooking Oil,Cooking Essentials,21
2025-05-30,P005,Bread,Bakery,26
2025-05-30,P006,Soft Drinks,Beverages,28
2025-05-30,P007,Sweets,Confectionery,19
2025-05-30,P008,Snacks,Packaged Foods,31
2025-05-31,P001,Rice,Staples,49
2025-05-31,P002,Milk,Dairy,34
2025-05-31,P003,Biscuits,Packaged Foods,38
2025-05-31,P004,Cooking Oil,Cooking Essentials,20
2025-05-31,P005,Bread,Bakery,29
2025-05-31,P006,Soft Drinks,Beverages,36
2025-05-31,P007,Sweets,Confectionery,21
2025-05-31,P008,Snacks,Packaged Foods,38
2025-06-01,P001,Rice,Staples,54
2025-06-01,P002,Milk,Dairy,37
2025-06-01,P003,Biscuits,Packaged Foods,34
2025-06-01,P004,Cooking Oil,Cooking Essentials,22
2025-06-01,P005,Bread,Bakery,28
2025-06-01,P006,Soft Drinks,Beverages,44
2025-06-01,P007,Sweets,Confectionery,23
2025-06-01,P008,Snacks,Packaged Foods,39
2025-06-02,P001,Rice,Staples,50
2025-06-02,P002,Milk,Dairy,30
2025-06-02,P003,Biscuits,Packaged Foods,30
2025-06-02,P004,Cooking Oil,Cooking Essentials,23
2025-06-02,P005,Bread,Bakery,25
2025-06-02,P006,Soft Drinks,Beverages,24
2025-06-02,P007,Sweets,Confectionery,17
2025-06-02,P008,Snacks,Packaged Foods,36
2025-06-03,P001,Rice,Staples,46
2025-06-03,P002,Milk,Dairy,33
2025-06-03,P003,Biscuits,Packaged Foods,28
2025-06-03,P004,Cooking Oil,Cooking Essentials,19
2025-06-03,P005,Bread,Bakery,26
2025-06-03,P006,Soft Drinks,Beverages,31
2025-06-03,P007,Sweets,Confectionery,20
2025-06-03,P008,Snacks,Packaged Foods,33
2025-06-04,P001,Rice,Staples,40
2025-06-04,P002,Milk,Dairy,31
2025-06-04,P003,Biscuits,Packaged Foods,31
2025-06-04,P004,Cooking Oil,Cooking Essentials,18
2025-06-04,P005,Bread,Bakery,25
2025-06-04,P006,Soft Drinks,Beverages,29
2025-06-04,P007,Sweets,Confectionery,16
2025-06-04,P008,Snacks,Packaged Foods,29
2025-06-05,P001,Rice,Staples,45
2025-06-05,P002,Milk,Dairy,36
2025-06-05,P003,Biscuits,Packaged Foods,33
2025-06-05,P004,Cooking Oil,Cooking Essentials,21
2025-06-05,P005,Bread,Bakery,25
2025-06-05,P006,Soft Drinks,Beverages,26
2025-06-05,P007,Sweets,Confectionery,16
2025-06-05,P008,Snacks,Packaged Foods,31
2025-06-06,P001,Rice,Staples,46
2025-06-06,P002,Milk,Dairy,36
2025-06-06,P003,Biscuits,Packaged Foods,25
2025-06-06,P004,Cooking Oil,Cooking Essentials,19
2025-06-06,P005,Bread,Bakery,27
2025-06-06,P006,Soft Drinks,Beverages,28
2025-06-06,P007,Sweets,Confectionery,16
2025-06-06,P008,Snacks,Packaged Foods,38
2025-06-07,P001,Rice,Staples,49
2025-06-07,P002,Milk,Dairy,38
2025-06-07,P003,Biscuits,Packaged Foods,37
2025-06-07,P004,Cooking Oil,Cooking Essentials,21
2025-06-07,P005,Bread,Bakery,27
2025-06-07,P006,Soft Drinks,Beverages,41
2025-06-07,P007,Sweets,Confectionery,24
2025-06-07,P008,Snacks,Packaged Foods,42
2025-06-08,P001,Rice,Staples,52
2025-06-08,P002,Milk,Dairy,34
2025-06-08,P003,Biscuits,Packaged Foods,39
2025-06-08,P004,Cooking Oil,Cooking Essentials,20
2025-06-08,P005,Bread,Bakery,29
2025-06-08,P006,Soft Drinks,Beverages,33
2025-06-08,P007,Sweets,Confectionery,20
2025-06-08,P008,Snacks,Packaged Foods,41
2025-06-09,P001,Rice,Staples,42
2025-06-09,P002,Milk,Dairy,29
2025-06-09,P003,Biscuits,Packaged Foods,31
2025-06-09,P004,Cooking Oil,Cooking Essentials,23
2025-06-09,P005,Bread,Bakery,28
2025-06-09,P006,Soft Drinks,Beverages,27
2025-06-09,P007,Sweets,Confectionery,18
2025-06-09,P008,Snacks,Packaged Foods,34
2025-06-10,P001,Rice,Staples,49
2025-06-10,P002,Milk,Dairy,34
2025-06-10,P003,Biscuits,Packaged Foods,30
2025-06-10,P004,Cooking Oil,Cooking Essentials,20
2025-06-10,P005,Bread,Bakery,26
2025-06-10,P006,Soft Drinks,Beverages,28
2025-06-10,P007,Sweets,Confectionery,18
2025-06-10,P008,Snacks,Packaged Foods,36
2025-06-11,P001,Rice,Staples,49
2025-06-11,P002,Milk,Dairy,36
2025-06-11,P003,Biscuits,Packaged Foods,34
2025-06-11,P004,Cooking Oil,Cooking Essentials,19
2025-06-11,P005,Bread,Bakery,28
2025-06-11,P006,Soft Drinks,Beverages,29
2025-06-11,P007,Sweets,Confectionery,23
2025-06-11,P008,Snacks,Packaged Foods,29
2025-06-12,P001,Rice,Staples,43
2025-06-12,P002,Milk,Dairy,36
2025-06-12,P003,Biscuits,Packaged Foods,31
2025-06-12,P004,Cooking Oil,Cooking Essentials,23
2025-06-12,P005,Bread,Bakery,24
2025-06-12,P006,Soft Drinks,Beverages,30
2025-06-12,P007,Sweets,Confectionery,20
2025-06-12,P008,Snacks,Packaged Foods,34
2025-06-13,P001,Rice,Staples,42
2025-06-13,P002,Milk,Dairy,39
2025-06-13,P003,Biscuits,Packaged Foods,33
2025-06-13,P004,Cooking Oil,Cooking Essentials,21
2025-06-13,P005,Bread,Bakery,25
2025-06-13,P006,Soft Drinks,Beverages,29
2025-06-13,P007,Sweets,Confectionery,18
2025-06-13,P008,Snacks,Packaged Foods,34
2025-06-14,P001,Rice,Staples,50
2025-06-14,P002,Milk,Dairy,34
2025-06-14,P003,Biscuits,Packaged Foods,33
2025-06-14,P004,Cooking Oil,Cooking Essentials,20
2025-06-14,P005,Bread,Bakery,29
2025-06-14,P006,Soft Drinks,Beverages,36
2025-06-14,P007,Sweets,Confectionery,23
2025-06-14,P008,Snacks,Packaged Foods,41
2025-06-15,P001,Rice,Staples,47
2025-06-15,P002,Milk,Dairy,41
2025-06-15,P003,Biscuits,Packaged Foods,35
2025-06-15,P004,Cooking Oil,Cooking Essentials,21
2025-06-15,P005,Bread,Bakery,30
2025-06-15,P006,Soft Drinks,Beverages,32
2025-06-15,P007,Sweets,Confectionery,21
2025-06-15,P008,Snacks,Packaged Foods,43
2025-06-16,P001,Rice,Staples,39
2025-06-16,P002,Milk,Dairy,38
2025-06-16,P003,Biscuits,Packaged Foods,34
2025-06-16,P004,Cooking Oil,Cooking Essentials,19
2025-06-16,P005,Bread,Bakery,26
2025-06-16,P006,Soft Drinks,Beverages,31
2025-06-16,P007,Sweets,Confectionery,17
2025-06-16,P008,Snacks,Packaged Foods,34
2025-06-17,P001,Rice,Staples,43
2025-06-17,P002,Milk,Dairy,34
2025-06-17,P003,Biscuits,Packaged Foods,28
2025-06-17,P004,Cooking Oil,Cooking Essentials,21
2025-06-17,P005,Bread,Bakery,27
2025-06-17,P006,Soft Drinks,Beverages,28
2025-06-17,P007,Sweets,Confectionery,16
2025-06-17,P008,Snacks,Packaged Foods,29
2025-06-18,P001,Rice,Staples,46
2025-06-18,P002,Milk,Dairy,40
2025-06-18,P003,Biscuits,Packaged Foods,31
2025-06-18,P004,Cooking Oil,Cooking Essentials,19
2025-06-18,P005,Bread,Bakery,27
2025-06-18,P006,Soft Drinks,Beverages,27
2025-06-18,P007,Sweets,Confectionery,17
2025-06-18,P008,Snacks,Packaged Foods,30
2025-06-19,P001,Rice,Staples,50
2025-06-19,P002,Milk,Dairy,28
2025-06-19,P003,Biscuits,Packaged Foods,32
2025-06-19,P004,Cooking Oil,Cooking Essentials,19
2025-06-19,P005,Bread,Bakery,24
2025-06-19,P006,Soft Drinks,Beverages,32
2025-06-19,P007,Sweets,Confectionery,17
2025-06-19,P008,Snacks,Packaged Foods,30
2025-06-20,P001,Rice,Staples,45
2025-06-20,P002,Milk,Dairy,36
2025-06-20,P003,Biscuits,Packaged Foods,29
2025-06-20,P004,Cooking Oil,Cooking Essentials,17
2025-06-20,P005,Bread,Bakery,23
2025-06-20,P006,Soft Drinks,Beverages,31
2025-06-20,P007,Sweets,Confectionery,18
2025-06-20,P008,Snacks,Packaged Foods,33
2025-06-21,P001,Rice,Staples,49
2025-06-21,P002,Milk,Dairy,35
2025-06-21,P003,Biscuits,Packaged Foods,40
2025-06-21,P004,Cooking Oil,Cooking Essentials,21
2025-06-21,P005,Bread,Bakery,28
2025-06-21,P006,Soft Drinks,Beverages,39
2025-06-21,P007,Sweets,Confectionery,21
2025-06-21,P008,Snacks,Packaged Foods,38
2025-06-22,P001,Rice,Staples,50
2025-06-22,P002,Milk,Dairy,37
2025-06-22,P003,Biscuits,Packaged Foods,37
2025-06-22,P004,Cooking Oil,Cooking Essentials,25
2025-06-22,P005,Bread,Bakery,29
2025-06-22,P006,Soft Drinks,Beverages,31
2025-06-22,P007,Sweets,Confectionery,23
2025-06-22,P008,Snacks,Packaged Foods,40
2025-06-23,P001,Rice,Staples,45
2025-06-23,P002,Milk,Dairy,36
2025-06-23,P003,Biscuits,Packaged Foods,30
2025-06-23,P004,Cooking Oil,Cooking Essentials,20
2025-06-23,P005,Bread,Bakery,26
2025-06-23,P006,Soft Drinks,Beverages,27
2025-06-23,P007,Sweets,Confectionery,17
2025-06-23,P008,Snacks,Packaged Foods,40
2025-06-24,P001,Rice,Staples,42
2025-06-24,P002,Milk,Dairy,35
2025-06-24,P003,Biscuits,Packaged Foods,26
2025-06-24,P004,Cooking Oil,Cooking Essentials,20
2025-06-24,P005,Bread,Bakery,23
2025-06-24,P006,Soft Drinks,Beverages,27
2025-06-24,P007,Sweets,Confectionery,20
2025-06-24,P008,Snacks,Packaged Foods,33
2025-06-25,P001,Rice,Staples,47
2025-06-25,P002,Milk,Dairy,30
2025-06-25,P003,Biscuits,Packaged Foods,34
2025-06-25,P004,Cooking Oil,Cooking Essentials,18
2025-06-25,P005,Bread,Bakery,28
2025-06-25,P006,Soft Drinks,Beverages,30
2025-06-25,P007,Sweets,Confectionery,19
2025-06-25,P008,Snacks,Packaged Foods,30
2025-06-26,P001,Rice,Staples,46
2025-06-26,P002,Milk,Dairy,34
2025-06-26,P003,Biscuits,Packaged Foods,30
2025-06-26,P004,Cooking Oil,Cooking Essentials,20
2025-06-26,P005,Bread,Bakery,21
2025-06-26,P006,Soft Drinks,Beverages,31
2025-06-26,P007,Sweets,Confectionery,18
2025-06-26,P008,Snacks,Packaged Foods,31
2025-06-27,P001,Rice,Staples,43
2025-06-27,P002,Milk,Dairy,36
2025-06-27,P003,Biscuits,Packaged Foods,28
2025-06-27,P004,Cooking Oil,Cooking Essentials,16
2025-06-27,P005,Bread,Bakery,26
2025-06-27,P006,Soft Drinks,Beverages,29
2025-06-27,P007,Sweets,Confectionery,18
2025-06-27,P008,Snacks,Packaged Foods,29
2025-06-28,P001,Rice,Staples,50
2025-06-28,P002,Milk,Dairy,33
2025-06-28,P003,Biscuits,Packaged Foods,34
2025-06-28,P004,Cooking Oil,Cooking Essentials,20
2025-06-28,P005,Bread,Bakery,30
2025-06-28,P006,Soft Drinks,Beverages,36
2025-06-28,P007,Sweets,Confectionery,22
2025-06-28,P008,Snacks,Packaged Foods,45
2025-06-29,P001,Rice,Staples,51
2025-06-29,P002,Milk,Dairy,38
2025-06-29,P003,Biscuits,Packaged Foods,35
2025-06-29,P004,Cooking Oil,Cooking Essentials,21
2025-06-29,P005,Bread,Bakery,24
2025-06-29,P006,Soft Drinks,Beverages,39
2025-06-29,P007,Sweets,Confectionery,23
2025-06-29,P008,Snacks,Packaged Foods,40
2025-06-30,P001,Rice,Staples,45
2025-06-30,P002,Milk,Dairy,37
2025-06-30,P003,Biscuits,Packaged Foods,26
2025-06-30,P004,Cooking Oil,Cooking Essentials,19
2025-06-30,P005,Bread,Bakery,23
2025-06-30,P006,Soft Drinks,Beverages,32
2025-06-30,P007,Sweets,Confectionery,19
2025-06-30,P008,Snacks,Packaged Foods,26
2025-07-01,P001,Rice,Staples,40
2025-07-01,P002,Milk,Dairy,35
2025-07-01,P003,Biscuits,Packaged Foods,29
2025-07-01,P004,Cooking Oil,Cooking Essentials,18
2025-07-01,P005,Bread,Bakery,29
2025-07-01,P006,Soft Drinks,Beverages,29
2025-07-01,P007,Sweets,Confectionery,19
2025-07-01,P008,Snacks,Packaged Foods,30
2025-07-02,P001,Rice,Staples,48
2025-07-02,P002,Milk,Dairy,34
2025-07-02,P003,Biscuits,Packaged Foods,29
2025-07-02,P004,Cooking Oil,Cooking Essentials,21
2025-07-02,P005,Bread,Bakery,22
2025-07-02,P006,Soft Drinks,Beverages,32
2025-07-02,P007,Sweets,Confectionery,18
2025-07-02,P008,Snacks,Packaged Foods,35
2025-07-03,P001,Rice,Staples,41
2025-07-03,P002,Milk,Dairy,32
2025-07-03,P003,Biscuits,Packaged Foods,27
2025-07-03,P004,Cooking Oil,Cooking Essentials,20
2025-07-03,P005,Bread,Bakery,25
2025-07-03,P006,Soft Drinks,Beverages,27
2025-07-03,P007,Sweets,Confectionery,17
2025-07-03,P008,Snacks,Packaged Foods,29
2025-07-04,P001,Rice,Staples,45
2025-07-04,P002,Milk,Dairy,34
2025-07-04,P003,Biscuits,Packaged Foods,28
2025-07-04,P004,Cooking Oil,Cooking Essentials,22
2025-07-04,P005,Bread,Bakery,25
2025-07-04,P006,Soft Drinks,Beverages,31
2025-07-04,P007,Sweets,Confectionery,17
2025-07-04,P008,Snacks,Packaged Foods,33
2025-07-05,P001,Rice,Staples,49
2025-07-05,P002,Milk,Dairy,32
2025-07-05,P003,Biscuits,Packaged Foods,39
2025-07-05,P004,Cooking Oil,Cooking Essentials,21
2025-07-05,P005,Bread,Bakery,30
2025-07-05,P006,Soft Drinks,Beverages,35
2025-07-05,P007,Sweets,Confectionery,22
2025-07-05,P008,Snacks,Packaged Foods,38
2025-07-06,P001,Rice,Staples,54
2025-07-06,P002,Milk,Dairy,38
2025-07-06,P003,Biscuits,Packaged Foods,37
2025-07-06,P004,Cooking Oil,Cooking Essentials,24
2025-07-06,P005,Bread,Bakery,31
2025-07-06,P006,Soft Drinks,Beverages,38
2025-07-06,P007,Sweets,Confectionery,20
2025-07-06,P008,Snacks,Packaged Foods,38
2025-07-07,P001,Rice,Staples,41
2025-07-07,P002,Milk,Dairy,37
2025-07-07,P003,Biscuits,Packaged Foods,30
2025-07-07,P004,Cooking Oil,Cooking Essentials,18
2025-07-07,P005,Bread,Bakery,25
2025-07-07,P006,Soft Drinks,Beverages,25
2025-07-07,P007,Sweets,Confectionery,18
2025-07-07,P008,Snacks,Packaged Foods,28
2025-07-08,P001,Rice,Staples,47
2025-07-08,P002,Milk,Dairy,36
2025-07-08,P003,Biscuits,Packaged Foods,35
2025-07-08,P004,Cooking Oil,Cooking Essentials,21
2025-07-08,P005,Bread,Bakery,24
2025-07-08,P006,Soft Drinks,Beverages,30
2025-07-08,P007,Sweets,Confectionery,16
2025-07-08,P008,Snacks,Packaged Foods,30
2025-07-09,P001,Rice,Staples,46
2025-07-09,P002,Milk,Dairy,29
2025-07-09,P003,Biscuits,Packaged Foods,30
2025-07-09,P004,Cooking Oil,Cooking Essentials,18
2025-07-09,P005,Bread,Bakery,25
2025-07-09,P006,Soft Drinks,Beverages,26
2025-07-09,P007,Sweets,Confectionery,19
2025-07-09,P008,Snacks,Packaged Foods,32
2025-07-10,P001,Rice,Staples,50
2025-07-10,P002,Milk,Dairy,35
2025-07-10,P003,Biscuits,Packaged Foods,28
2025-07-10,P004,Cooking Oil,Cooking Essentials,20
2025-07-10,P005,Bread,Bakery,22
2025-07-10,P006,Soft Drinks,Beverages,29
2025-07-10,P007,Sweets,Confectionery,19
2025-07-10,P008,Snacks,Packaged Foods,38
2025-07-11,P001,Rice,Staples,43
2025-07-11,P002,Milk,Dairy,34
2025-07-11,P003,Biscuits,Packaged Foods,29
2025-07-11,P004,Cooking Oil,Cooking Essentials,20
2025-07-11,P005,Bread,Bakery,26
2025-07-11,P006,Soft Drinks,Beverages,28
2025-07-11,P007,Sweets,Confectionery,20
2025-07-11,P008,Snacks,Packaged Foods,30
2025-07-12,P001,Rice,Staples,53
2025-07-12,P002,Milk,Dairy,38
2025-07-12,P003,Biscuits,Packaged Foods,36
2025-07-12,P004,Cooking Oil,Cooking Essentials,21
2025-07-12,P005,Bread,Bakery,34
2025-07-12,P006,Soft Drinks,Beverages,35
2025-07-12,P007,Sweets,Confectionery,23
2025-07-12,P008,Snacks,Packaged Foods,38
2025-07-13,P001,Rice,Staples,56
2025-07-13,P002,Milk,Dairy,39
2025-07-13,P003,Biscuits,Packaged Foods,34
2025-07-13,P004,Cooking Oil,Cooking Essentials,22
2025-07-13,P005,Bread,Bakery,29
2025-07-13,P006,Soft Drinks,Beverages,35
2025-07-13,P007,Sweets,Confectionery,24
2025-07-13,P008,Snacks,Packaged Foods,41
2025-07-14,P001,Rice,Staples,46
2025-07-14,P002,Milk,Dairy,35
2025-07-14,P003,Biscuits,Packaged Foods,31
2025-07-14,P004,Cooking Oil,Cooking Essentials,20
2025-07-14,P005,Bread,Bakery,25
2025-07-14,P006,Soft Drinks,Beverages,27
2025-07-14,P007,Sweets,Confectionery,20
2025-07-14,P008,Snacks,Packaged Foods,29
2025-07-15,P001,Rice,Staples,47
2025-07-15,P002,Milk,Dairy,34
2025-07-15,P003,Biscuits,Packaged Foods,34
2025-07-15,P004,Cooking Oil,Cooking Essentials,19
2025-07-15,P005,Bread,Bakery,24
2025-07-15,P006,Soft Drinks,Beverages,26
2025-07-15,P007,Sweets,Confectionery,18
2025-07-15,P008,Snacks,Packaged Foods,28
2025-07-16,P001,Rice,Staples,43
2025-07-16,P002,Milk,Dairy,29
2025-07-16,P003,Biscuits,Packaged Foods,31
2025-07-16,P004,Cooking Oil,Cooking Essentials,19
2025-07-16,P005,Bread,Bakery,22
2025-07-16,P006,Soft Drinks,Beverages,30
2025-07-16,P007,Sweets,Confectionery,16
2025-07-16,P008,Snacks,Packaged Foods,34
2025-07-17,P001,Rice,Staples,42
2025-07-17,P002,Milk,Dairy,39
2025-07-17,P003,Biscuits,Packaged Foods,32
2025-07-17,P004,Cooking Oil,Cooking Essentials,18
2025-07-17,P005,Bread,Bakery,23
2025-07-17,P006,Soft Drinks,Beverages,29
2025-07-17,P007,Sweets,Confectionery,18
2025-07-17,P008,Snacks,Packaged Foods,32
2025-07-18,P001,Rice,Staples,50
2025-07-18,P002,Milk,Dairy,33
2025-07-18,P003,Biscuits,Packaged Foods,30
2025-07-18,P004,Cooking Oil,Cooking Essentials,22
2025-07-18,P005,Bread,Bakery,27
2025-07-18,P006,Soft Drinks,Beverages,28
2025-07-18,P007,Sweets,Confectionery,18
2025-07-18,P008,Snacks,Packaged Foods,28
2025-07-19,P001,Rice,Staples,46
2025-07-19,P002,Milk,Dairy,38
2025-07-19,P003,Biscuits,Packaged Foods,36
2025-07-19,P004,Cooking Oil,Cooking Essentials,22
2025-07-19,P005,Bread,Bakery,31
2025-07-19,P006,Soft Drinks,Beverages,34
2025-07-19,P007,Sweets,Confectionery,22
2025-07-19,P008,Snacks,Packaged Foods,40
2025-07-20,P001,Rice,Staples,47
2025-07-20,P002,Milk,Dairy,41
2025-07-20,P003,Biscuits,Packaged Foods,38
2025-07-20,P004,Cooking Oil,Cooking Essentials,22
2025-07-20,P005,Bread,Bakery,32
2025-07-20,P006,Soft Drinks,Beverages,33
2025-07-20,P007,Sweets,Confectionery,22
2025-07-20,P008,Snacks,Packaged Foods,41
2025-07-21,P001,Rice,Staples,42
2025-07-21,P002,Milk,Dairy,36
2025-07-21,P003,Biscuits,Packaged Foods,27
2025-07-21,P004,Cooking Oil,Cooking Essentials,21
2025-07-21,P005,Bread,Bakery,27
2025-07-21,P006,Soft Drinks,Beverages,29
2025-07-21,P007,Sweets,Confectionery,15
2025-07-21,P008,Snacks,Packaged Foods,30
2025-07-22,P001,Rice,Staples,47
2025-07-22,P002,Milk,Dairy,35
2025-07-22,P003,Biscuits,Packaged Foods,24
2025-07-22,P004,Cooking Oil,Cooking Essentials,22
2025-07-22,P005,Bread,Bakery,25
2025-07-22,P006,Soft Drinks,Beverages,26
2025-07-22,P007,Sweets,Confectionery,19
2025-07-22,P008,Snacks,Packaged Foods,30
2025-07-23,P001,Rice,Staples,43
2025-07-23,P002,Milk,Dairy,36
2025-07-23,P003,Biscuits,Packaged Foods,34
2025-07-23,P004,Cooking Oil,Cooking Essentials,23
2025-07-23,P005,Bread,Bakery,26
2025-07-23,P006,Soft Drinks,Beverages,29
2025-07-23,P007,Sweets,Confectionery,19
2025-07-23,P008,Snacks,Packaged Foods,29
2025-07-24,P001,Rice,Staples,47
2025-07-24,P002,Milk,Dairy,33
2025-07-24,P003,Biscuits,Packaged Foods,31
2025-07-24,P004,Cooking Oil,Cooking Essentials,20
2025-07-24,P005,Bread,Bakery,26
2025-07-24,P006,Soft Drinks,Beverages,28
2025-07-24,P007,Sweets,Confectionery,14
2025-07-24,P008,Snacks,Packaged Foods,32
2025-07-25,P001,Rice,Staples,47
2025-07-25,P002,Milk,Dairy,36
2025-07-25,P003,Biscuits,Packaged Foods,30
2025-07-25,P004,Cooking Oil,Cooking Essentials,23
2025-07-25,P005,Bread,Bakery,26
2025-07-25,P006,Soft Drinks,Beverages,29
2025-07-25,P007,Sweets,Confectionery,20
2025-07-25,P008,Snacks,Packaged Foods,33
2025-07-26,P001,Rice,Staples,46
2025-07-26,P002,Milk,Dairy,30
2025-07-26,P003,Biscuits,Packaged Foods,35
2025-07-26,P004,Cooking Oil,Cooking Essentials,23
2025-07-26,P005,Bread,Bakery,28
2025-07-26,P006,Soft Drinks,Beverages,38
2025-07-26,P007,Sweets,Confectionery,23
2025-07-26,P008,Snacks,Packaged Foods,43
2025-07-27,P001,Rice,Staples,48
2025-07-27,P002,Milk,Dairy,38
2025-07-27,P003,Biscuits,Packaged Foods,37
2025-07-27,P004,Cooking Oil,Cooking Essentials,24
2025-07-27,P005,Bread,Bakery,25
2025-07-27,P006,Soft Drinks,Beverages,35
2025-07-27,P007,Sweets,Confectionery,24
2025-07-27,P008,Snacks,Packaged Foods,44
2025-07-28,P001,Rice,Staples,46
2025-07-28,P002,Milk,Dairy,34
2025-07-28,P003,Biscuits,Packaged Foods,32
2025-07-28,P004,Cooking Oil,Cooking Essentials,21
2025-07-28,P005,Bread,Bakery,24
2025-07-28,P006,Soft Drinks,Beverages,29
2025-07-28,P007,Sweets,Confectionery,20
2025-07-28,P008,Snacks,Packaged Foods,37
2025-07-29,P001,Rice,Staples,48
2025-07-29,P002,Milk,Dairy,35
2025-07-29,P003,Biscuits,Packaged Foods,30
2025-07-29,P004,Cooking Oil,Cooking Essentials,21
2025-07-29,P005,Bread,Bakery,25
2025-07-29,P006,Soft Drinks,Beverages,28
2025-07-29,P007,Sweets,Confectionery,16
2025-07-29,P008,Snacks,Packaged Foods,35
2025-07-30,P001,Rice,Staples,41
2025-07-30,P002,Milk,Dairy,34
2025-07-30,P003,Biscuits,Packaged Foods,30
2025-07-30,P004,Cooking Oil,Cooking Essentials,23
2025-07-30,P005,Bread,Bakery,24
2025-07-30,P006,Soft Drinks,Beverages,27
2025-07-30,P007,Sweets,Confectionery,17
2025-07-30,P008,Snacks,Packaged Foods,36
2025-07-31,P001,Rice,Staples,35
2025-07-31,P002,Milk,Dairy,32
2025-07-31,P003,Biscuits,Packaged Foods,37
2025-07-31,P004,Cooking Oil,Cooking Essentials,21
2025-07-31,P005,Bread,Bakery,23
2025-07-31,P006,Soft Drinks,Beverages,28
2025-07-31,P007,Sweets,Confectionery,18
2025-07-31,P008,Snacks,Packaged Foods,34
2025-08-01,P001,Rice,Staples,52
2025-08-01,P002,Milk,Dairy,36
2025-08-01,P003,Biscuits,Packaged Foods,29
2025-08-01,P004,Cooking Oil,Cooking Essentials,21
2025-08-01,P005,Bread,Bakery,24
2025-08-01,P006,Soft Drinks,Beverages,26
2025-08-01,P007,Sweets,Confectionery,15
2025-08-01,P008,Snacks,Packaged Foods,28
2025-08-02,P001,Rice,Staples,46
2025-08-02,P002,Milk,Dairy,33
2025-08-02,P003,Biscuits,Packaged Foods,37
2025-08-02,P004,Cooking Oil,Cooking Essentials,20
2025-08-02,P005,Bread,Bakery,22
2025-08-02,P006,Soft Drinks,Beverages,34
2025-08-02,P007,Sweets,Confectionery,22
2025-08-02,P008,Snacks,Packaged Foods,38
2025-08-03,P001,Rice,Staples,55
2025-08-03,P002,Milk,Dairy,35
2025-08-03,P003,Biscuits,Packaged Foods,38
2025-08-03,P004,Cooking Oil,Cooking Essentials,22
2025-08-03,P005,Bread,Bakery,29
2025-08-03,P006,Soft Drinks,Beverages,35
2025-08-03,P007,Sweets,Confectionery,22
2025-08-03,P008,Snacks,Packaged Foods,38
2025-08-04,P001,Rice,Staples,46
2025-08-04,P002,Milk,Dairy,34
2025-08-04,P003,Biscuits,Packaged Foods,28
2025-08-04,P004,Cooking Oil,Cooking Essentials,22
2025-08-04,P005,Bread,Bakery,26
2025-08-04,P006,Soft Drinks,Beverages,27
2025-08-04,P007,Sweets,Confectionery,18
2025-08-04,P008,Snacks,Packaged Foods,32
2025-08-05,P001,Rice,Staples,42
2025-08-05,P002,Milk,Dairy,35
2025-08-05,P003,Biscuits,Packaged Foods,29
2025-08-05,P004,Cooking Oil,Cooking Essentials,18
2025-08-05,P005,Bread,Bakery,22
2025-08-05,P006,Soft Drinks,Beverages,27
2025-08-05,P007,Sweets,Confectionery,19
2025-08-05,P008,Snacks,Packaged Foods,30
2025-08-06,P001,Rice,Staples,54
2025-08-06,P002,Milk,Dairy,37
2025-08-06,P003,Biscuits,Packaged Foods,33
2025-08-06,P004,Cooking Oil,Cooking Essentials,21
2025-08-06,P005,Bread,Bakery,29
2025-08-06,P006,Soft Drinks,Beverages,26
2025-08-06,P007,Sweets,Confectionery,14
2025-08-06,P008,Snacks,Packaged Foods,31
2025-08-07,P001,Rice,Staples,47
2025-08-07,P002,Milk,Dairy,35
2025-08-07,P003,Biscuits,Packaged Foods,31
2025-08-07,P004,Cooking Oil,Cooking Essentials,22
2025-08-07,P005,Bread,Bakery,26
2025-08-07,P006,Soft Drinks,Beverages,30
2025-08-07,P007,Sweets,Confectionery,17
2025-08-07,P008,Snacks,Packaged Foods,29
2025-08-08,P001,Rice,Staples,51
2025-08-08,P002,Milk,Dairy,35
2025-08-08,P003,Biscuits,Packaged Foods,29
2025-08-08,P004,Cooking Oil,Cooking Essentials,19
2025-08-08,P005,Bread,Bakery,24
2025-08-08,P006,Soft Drinks,Beverages,26
2025-08-08,P007,Sweets,Confectionery,16
2025-08-08,P008,Snacks,Packaged Foods,28
2025-08-09,P001,Rice,Staples,49
2025-08-09,P002,Milk,Dairy,35
2025-08-09,P003,Biscuits,Packaged Foods,39
2025-08-09,P004,Cooking Oil,Cooking Essentials,22
2025-08-09,P005,Bread,Bakery,29
2025-08-09,P006,Soft Drinks,Beverages,35
2025-08-09,P007,Sweets,Confectionery,22
2025-08-09,P008,Snacks,Packaged Foods,41
2025-08-10,P001,Rice,Staples,52
2025-08-10,P002,Milk,Dairy,36
2025-08-10,P003,Biscuits,Packaged Foods,39
2025-08-10,P004,Cooking Oil,Cooking Essentials,22
2025-08-10,P005,Bread,Bakery,30
2025-08-10,P006,Soft Drinks,Beverages,35
2025-08-10,P007,Sweets,Confectionery,20
2025-08-10,P008,Snacks,Packaged Foods,41
2025-08-11,P001,Rice,Staples,48
2025-08-11,P002,Milk,Dairy,37
2025-08-11,P003,Biscuits,Packaged Foods,31
2025-08-11,P004,Cooking Oil,Cooking Essentials,19
2025-08-11,P005,Bread,Bakery,23
2025-08-11,P006,Soft Drinks,Beverages,29
2025-08-11,P007,Sweets,Confectionery,19
2025-08-11,P008,Snacks,Packaged Foods,31
2025-08-12,P001,Rice,Staples,49
2025-08-12,P002,Milk,Dairy,33
2025-08-12,P003,Biscuits,Packaged Foods,29
2025-08-12,P004,Cooking Oil,Cooking Essentials,23
2025-08-12,P005,Bread,Bakery,27
2025-08-12,P006,Soft Drinks,Beverages,27
2025-08-12,P007,Sweets,Confectionery,18
2025-08-12,P008,Snacks,Packaged Foods,32
2025-08-13,P001,Rice,Staples,35
2025-08-13,P002,Milk,Dairy,32
2025-08-13,P003,Biscuits,Packaged Foods,30
2025-08-13,P004,Cooking Oil,Cooking Essentials,19
2025-08-13,P005,Bread,Bakery,25
2025-08-13,P006,Soft Drinks,Beverages,31
2025-08-13,P007,Sweets,Confectionery,18
2025-08-13,P008,Snacks,Packaged Foods,29
2025-08-14,P001,Rice,Staples,46
2025-08-14,P002,Milk,Dairy,34
2025-08-14,P003,Biscuits,Packaged Foods,30
2025-08-14,P004,Cooking Oil,Cooking Essentials,20
2025-08-14,P005,Bread,Bakery,29
2025-08-14,P006,Soft Drinks,Beverages,23
2025-08-14,P007,Sweets,Confectionery,17
2025-08-14,P008,Snacks,Packaged Foods,32
2025-08-15,P001,Rice,Staples,51
2025-08-15,P002,Milk,Dairy,45
2025-08-15,P003,Biscuits,Packaged Foods,38
2025-08-15,P004,Cooking Oil,Cooking Essentials,24
2025-08-15,P005,Bread,Bakery,29
2025-08-15,P006,Soft Drinks,Beverages,33
2025-08-15,P007,Sweets,Confectionery,21
2025-08-15,P008,Snacks,Packaged Foods,38
2025-08-16,P001,Rice,Staples,49
2025-08-16,P002,Milk,Dairy,37
2025-08-16,P003,Biscuits,Packaged Foods,38
2025-08-16,P004,Cooking Oil,Cooking Essentials,20
2025-08-16,P005,Bread,Bakery,27
2025-08-16,P006,Soft Drinks,Beverages,32
2025-08-16,P007,Sweets,Confectionery,24
2025-08-16,P008,Snacks,Packaged Foods,41
2025-08-17,P001,Rice,Staples,51
2025-08-17,P002,Milk,Dairy,33
2025-08-17,P003,Biscuits,Packaged Foods,40
2025-08-17,P004,Cooking Oil,Cooking Essentials,21
2025-08-17,P005,Bread,Bakery,29
2025-08-17,P006,Soft Drinks,Beverages,38
2025-08-17,P007,Sweets,Confectionery,21
2025-08-17,P008,Snacks,Packaged Foods,39
2025-08-18,P001,Rice,Staples,46
2025-08-18,P002,Milk,Dairy,43
2025-08-18,P003,Biscuits,Packaged Foods,31
2025-08-18,P004,Cooking Oil,Cooking Essentials,23
2025-08-18,P005,Bread,Bakery,27
2025-08-18,P006,Soft Drinks,Beverages,29
2025-08-18,P007,Sweets,Confectionery,17
2025-08-18,P008,Snacks,Packaged Foods,35
2025-08-19,P001,Rice,Staples,40
2025-08-19,P002,Milk,Dairy,39
2025-08-19,P003,Biscuits,Packaged Foods,30
2025-08-19,P004,Cooking Oil,Cooking Essentials,16
2025-08-19,P005,Bread,Bakery,24
2025-08-19,P006,Soft Drinks,Beverages,29
2025-08-19,P007,Sweets,Confectionery,18
2025-08-19,P008,Snacks,Packaged Foods,34
2025-08-20,P001,Rice,Staples,42
2025-08-20,P002,Milk,Dairy,31
2025-08-20,P003,Biscuits,Packaged Foods,30
2025-08-20,P004,Cooking Oil,Cooking Essentials,20
2025-08-20,P005,Bread,Bakery,24
2025-08-20,P006,Soft Drinks,Beverages,31
2025-08-20,P007,Sweets,Confectionery,17
2025-08-20,P008,Snacks,Packaged Foods,33
2025-08-21,P001,Rice,Staples,45
2025-08-21,P002,Milk,Dairy,31
2025-08-21,P003,Biscuits,Packaged Foods,27
2025-08-21,P004,Cooking Oil,Cooking Essentials,20
2025-08-21,P005,Bread,Bakery,29
2025-08-21,P006,Soft Drinks,Beverages,29
2025-08-21,P007,Sweets,Confectionery,16
2025-08-21,P008,Snacks,Packaged Foods,24
2025-08-22,P001,Rice,Staples,48
2025-08-22,P002,Milk,Dairy,35
2025-08-22,P003,Biscuits,Packaged Foods,33
2025-08-22,P004,Cooking Oil,Cooking Essentials,19
2025-08-22,P005,Bread,Bakery,26
2025-08-22,P006,Soft Drinks,Beverages,30
2025-08-22,P007,Sweets,Confectionery,17
2025-08-22,P008,Snacks,Packaged Foods,31
2025-08-23,P001,Rice,Staples,50
2025-08-23,P002,Milk,Dairy,38
2025-08-23,P003,Biscuits,Packaged Foods,36
2025-08-23,P004,Cooking Oil,Cooking Essentials,23
2025-08-23,P005,Bread,Bakery,28
2025-08-23,P006,Soft Drinks,Beverages,33
2025-08-23,P007,Sweets,Confectionery,25
2025-08-23,P008,Snacks,Packaged Foods,38
2025-08-24,P001,Rice,Staples,47
2025-08-24,P002,Milk,Dairy,37
2025-08-24,P003,Biscuits,Packaged Foods,36
2025-08-24,P004,Cooking Oil,Cooking Essentials,21
2025-08-24,P005,Bread,Bakery,29
2025-08-24,P006,Soft Drinks,Beverages,36
2025-08-24,P007,Sweets,Confectionery,23
2025-08-24,P008,Snacks,Packaged Foods,34
2025-08-25,P001,Rice,Staples,52
2025-08-25,P002,Milk,Dairy,35
2025-08-25,P003,Biscuits,Packaged Foods,31
2025-08-25,P004,Cooking Oil,Cooking Essentials,18
2025-08-25,P005,Bread,Bakery,24
2025-08-25,P006,Soft Drinks,Beverages,26
2025-08-25,P007,Sweets,Confectionery,20
2025-08-25,P008,Snacks,Packaged Foods,31
2025-08-26,P001,Rice,Staples,48
2025-08-26,P002,Milk,Dairy,33
2025-08-26,P003,Biscuits,Packaged Foods,29
2025-08-26,P004,Cooking Oil,Cooking Essentials,20
2025-08-26,P005,Bread,Bakery,28
2025-08-26,P006,Soft Drinks,Beverages,24
2025-08-26,P007,Sweets,Confectionery,16
2025-08-26,P008,Snacks,Packaged Foods,27
2025-08-27,P001,Rice,Staples,41
2025-08-27,P002,Milk,Dairy,33
2025-08-27,P003,Biscuits,Packaged Foods,26
2025-08-27,P004,Cooking Oil,Cooking Essentials,19
2025-08-27,P005,Bread,Bakery,21
2025-08-27,P006,Soft Drinks,Beverages,26
2025-08-27,P007,Sweets,Confectionery,20
2025-08-27,P008,Snacks,Packaged Foods,33
2025-08-28,P001,Rice,Staples,46
2025-08-28,P002,Milk,Dairy,32
2025-08-28,P003,Biscuits,Packaged Foods,26
2025-08-28,P004,Cooking Oil,Cooking Essentials,18
2025-08-28,P005,Bread,Bakery,25
2025-08-28,P006,Soft Drinks,Beverages,30
2025-08-28,P007,Sweets,Confectionery,19
2025-08-28,P008,Snacks,Packaged Foods,34
2025-08-29,P001,Rice,Staples,42
2025-08-29,P002,Milk,Dairy,35
2025-08-29,P003,Biscuits,Packaged Foods,29
2025-08-29,P004,Cooking Oil,Cooking Essentials,20
2025-08-29,P005,Bread,Bakery,29
2025-08-29,P006,Soft Drinks,Beverages,24
2025-08-29,P007,Sweets,Confectionery,18
2025-08-29,P008,Snacks,Packaged Foods,35
2025-08-30,P001,Rice,Staples,44
2025-08-30,P002,Milk,Dairy,35
2025-08-30,P003,Biscuits,Packaged Foods,35
2025-08-30,P004,Cooking Oil,Cooking Essentials,21
2025-08-30,P005,Bread,Bakery,26
2025-08-30,P006,Soft Drinks,Beverages,38
2025-08-30,P007,Sweets,Confectionery,23
2025-08-30,P008,Snacks,Packaged Foods,41
2025-08-31,P001,Rice,Staples,46
2025-08-31,P002,Milk,Dairy,37
2025-08-31,P003,Biscuits,Packaged Foods,34
2025-08-31,P004,Cooking Oil,Cooking Essentials,21
2025-08-31,P005,Bread,Bakery,33
2025-08-31,P006,Soft Drinks,Beverages,37
2025-08-31,P007,Sweets,Confectionery,21
2025-08-31,P008,Snacks,Packaged Foods,40
2025-09-01,P001,Rice,Staples,40
2025-09-01,P002,Milk,Dairy,32
2025-09-01,P003,Biscuits,Packaged Foods,28
2025-09-01,P004,Cooking Oil,Cooking Essentials,19
2025-09-01,P005,Bread,Bakery,27
2025-09-01,P006,Soft Drinks,Beverages,29
2025-09-01,P007,Sweets,Confectionery,19
2025-09-01,P008,Snacks,Packaged Foods,29
2025-09-02,P001,Rice,Staples,43
2025-09-02,P002,Milk,Dairy,36
2025-09-02,P003,Biscuits,Packaged Foods,28
2025-09-02,P004,Cooking Oil,Cooking Essentials,20
2025-09-02,P005,Bread,Bakery,26
2025-09-02,P006,Soft Drinks,Beverages,27
2025-09-02,P007,Sweets,Confectionery,18
2025-09-02,P008,Snacks,Packaged Foods,36
2025-09-03,P001,Rice,Staples,44
2025-09-03,P002,Milk,Dairy,38
2025-09-03,P003,Biscuits,Packaged Foods,31
2025-09-03,P004,Cooking Oil,Cooking Essentials,18
2025-09-03,P005,Bread,Bakery,23
2025-09-03,P006,Soft Drinks,Beverages,26
2025-09-03,P007,Sweets,Confectionery,17
2025-09-03,P008,Snacks,Packaged Foods,32
2025-09-04,P001,Rice,Staples,47
2025-09-04,P002,Milk,Dairy,39
2025-09-04,P003,Biscuits,Packaged Foods,31
2025-09-04,P004,Cooking Oil,Cooking Essentials,19
2025-09-04,P005,Bread,Bakery,21
2025-09-04,P006,Soft Drinks,Beverages,28
2025-09-04,P007,Sweets,Confectionery,18
2025-09-04,P008,Snacks,Packaged Foods,32
2025-09-05,P001,Rice,Staples,53
2025-09-05,P002,Milk,Dairy,38
2025-09-05,P003,Biscuits,Packaged Foods,32
2025-09-05,P004,Cooking Oil,Cooking Essentials,18
2025-09-05,P005,Bread,Bakery,24
2025-09-05,P006,Soft Drinks,Beverages,28
2025-09-05,P007,Sweets,Confectionery,17
2025-09-05,P008,Snacks,Packaged Foods,33
2025-09-06,P001,Rice,Staples,51
2025-09-06,P002,Milk,Dairy,34
2025-09-06,P003,Biscuits,Packaged Foods,39
2025-09-06,P004,Cooking Oil,Cooking Essentials,22
2025-09-06,P005,Bread,Bakery,25
2025-09-06,P006,Soft Drinks,Beverages,36
2025-09-06,P007,Sweets,Confectionery,23
2025-09-06,P008,Snacks,Packaged Foods,42
2025-09-07,P001,Rice,Staples,48
2025-09-07,P002,Milk,Dairy,39
2025-09-07,P003,Biscuits,Packaged Foods,36
2025-09-07,P004,Cooking Oil,Cooking Essentials,19
2025-09-07,P005,Bread,Bakery,26
2025-09-07,P006,Soft Drinks,Beverages,39
2025-09-07,P007,Sweets,Confectionery,24
2025-09-07,P008,Snacks,Packaged Foods,41
2025-09-08,P001,Rice,Staples,50
2025-09-08,P002,Milk,Dairy,38
2025-09-08,P003,Biscuits,Packaged Foods,32
2025-09-08,P004,Cooking Oil,Cooking Essentials,19
2025-09-08,P005,Bread,Bakery,28
2025-09-08,P006,Soft Drinks,Beverages,29
2025-09-08,P007,Sweets,Confectionery,17
2025-09-08,P008,Snacks,Packaged Foods,30
2025-09-09,P001,Rice,Staples,46
2025-09-09,P002,Milk,Dairy,30
2025-09-09,P003,Biscuits,Packaged Foods,32
2025-09-09,P004,Cooking Oil,Cooking Essentials,18
2025-09-09,P005,Bread,Bakery,26
2025-09-09,P006,Soft Drinks,Beverages,27
2025-09-09,P007,Sweets,Confectionery,18
2025-09-09,P008,Snacks,Packaged Foods,30
2025-09-10,P001,Rice,Staples,44
2025-09-10,P002,Milk,Dairy,40
2025-09-10,P003,Biscuits,Packaged Foods,33
2025-09-10,P004,Cooking Oil,Cooking Essentials,21
2025-09-10,P005,Bread,Bakery,25
2025-09-10,P006,Soft Drinks,Beverages,30
2025-09-10,P007,Sweets,Confectionery,20
2025-09-10,P008,Snacks,Packaged Foods,30
2025-09-11,P001,Rice,Staples,45
2025-09-11,P002,Milk,Dairy,30
2025-09-11,P003,Biscuits,Packaged Foods,33
2025-09-11,P004,Cooking Oil,Cooking Essentials,23
2025-09-11,P005,Bread,Bakery,25
2025-09-11,P006,Soft Drinks,Beverages,23
2025-09-11,P007,Sweets,Confectionery,19
2025-09-11,P008,Snacks,Packaged Foods,30
2025-09-12,P001,Rice,Staples,43
2025-09-12,P002,Milk,Dairy,37
2025-09-12,P003,Biscuits,Packaged Foods,31
2025-09-12,P004,Cooking Oil,Cooking Essentials,19
2025-09-12,P005,Bread,Bakery,24
2025-09-12,P006,Soft Drinks,Beverages,28
2025-09-12,P007,Sweets,Confectionery,17
2025-09-12,P008,Snacks,Packaged Foods,29
2025-09-13,P001,Rice,Staples,48
2025-09-13,P002,Milk,Dairy,38
2025-09-13,P003,Biscuits,Packaged Foods,36
2025-09-13,P004,Cooking Oil,Cooking Essentials,19
2025-09-13,P005,Bread,Bakery,31
2025-09-13,P006,Soft Drinks,Beverages,30
2025-09-13,P007,Sweets,Confectionery,22
2025-09-13,P008,Snacks,Packaged Foods,38
2025-09-14,P001,Rice,Staples,50
2025-09-14,P002,Milk,Dairy,38
2025-09-14,P003,Biscuits,Packaged Foods,39
2025-09-14,P004,Cooking Oil,Cooking Essentials,20
2025-09-14,P005,Bread,Bakery,30
2025-09-14,P006,Soft Drinks,Beverages,37
2025-09-14,P007,Sweets,Confectionery,20
2025-09-14,P008,Snacks,Packaged Foods,45
2025-09-15,P001,Rice,Staples,40
2025-09-15,P002,Milk,Dairy,36
2025-09-15,P003,Biscuits,Packaged Foods,31
2025-09-15,P004,Cooking Oil,Cooking Essentials,20
2025-09-15,P005,Bread,Bakery,24
2025-09-15,P006,Soft Drinks,Beverages,30
2025-09-15,P007,Sweets,Confectionery,16
2025-09-15,P008,Snacks,Packaged Foods,32
2025-09-16,P001,Rice,Staples,43
2025-09-16,P002,Milk,Dairy,33
2025-09-16,P003,Biscuits,Packaged Foods,31
2025-09-16,P004,Cooking Oil,Cooking Essentials,22
2025-09-16,P005,Bread,Bakery,24
2025-09-16,P006,Soft Drinks,Beverages,30
2025-09-16,P007,Sweets,Confectionery,18
2025-09-16,P008,Snacks,Packaged Foods,30
2025-09-17,P001,Rice,Staples,44
2025-09-17,P002,Milk,Dairy,34
2025-09-17,P003,Biscuits,Packaged Foods,28
2025-09-17,P004,Cooking Oil,Cooking Essentials,21
2025-09-17,P005,Bread,Bakery,25
2025-09-17,P006,Soft Drinks,Beverages,24
2025-09-17,P007,Sweets,Confectionery,16
2025-09-17,P008,Snacks,Packaged Foods,33
2025-09-18,P001,Rice,Staples,42
2025-09-18,P002,Milk,Dairy,36
2025-09-18,P003,Biscuits,Packaged Foods,32
2025-09-18,P004,Cooking Oil,Cooking Essentials,18
2025-09-18,P005,Bread,Bakery,22
2025-09-18,P006,Soft Drinks,Beverages,32
2025-09-18,P007,Sweets,Confectionery,19
2025-09-18,P008,Snacks,Packaged Foods,31
2025-09-19,P001,Rice,Staples,42
2025-09-19,P002,Milk,Dairy,34
2025-09-19,P003,Biscuits,Packaged Foods,27
2025-09-19,P004,Cooking Oil,Cooking Essentials,21
2025-09-19,P005,Bread,Bakery,23
2025-09-19,P006,Soft Drinks,Beverages,30
2025-09-19,P007,Sweets,Confectionery,17
2025-09-19,P008,Snacks,Packaged Foods,29
2025-09-20,P001,Rice,Staples,48
2025-09-20,P002,Milk,Dairy,29
2025-09-20,P003,Biscuits,Packaged Foods,36
2025-09-20,P004,Cooking Oil,Cooking Essentials,21
2025-09-20,P005,Bread,Bakery,30
2025-09-20,P006,Soft Drinks,Beverages,32
2025-09-20,P007,Sweets,Confectionery,24
2025-09-20,P008,Snacks,Packaged Foods,42
2025-09-21,P001,Rice,Staples,54
2025-09-21,P002,Milk,Dairy,37
2025-09-21,P003,Biscuits,Packaged Foods,38
2025-09-21,P004,Cooking Oil,Cooking Essentials,19
2025-09-21,P005,Bread,Bakery,30
2025-09-21,P006,Soft Drinks,Beverages,35
2025-09-21,P007,Sweets,Confectionery,20
2025-09-21,P008,Snacks,Packaged Foods,37
2025-09-22,P001,Rice,Staples,45
2025-09-22,P002,Milk,Dairy,33
2025-09-22,P003,Biscuits,Packaged Foods,31
2025-09-22,P004,Cooking Oil,Cooking Essentials,17
2025-09-22,P005,Bread,Bakery,21
2025-09-22,P006,Soft Drinks,Beverages,31
2025-09-22,P007,Sweets,Confectionery,19
2025-09-22,P008,Snacks,Packaged Foods,29
2025-09-23,P001,Rice,Staples,45
2025-09-23,P002,Milk,Dairy,38
2025-09-23,P003,Biscuits,Packaged Foods,31
2025-09-23,P004,Cooking Oil,Cooking Essentials,20
2025-09-23,P005,Bread,Bakery,27
2025-09-23,P006,Soft Drinks,Beverages,26
2025-09-23,P007,Sweets,Confectionery,18
2025-09-23,P008,Snacks,Packaged Foods,32
2025-09-24,P001,Rice,Staples,44
2025-09-24,P002,Milk,Dairy,34
2025-09-24,P003,Biscuits,Packaged Foods,30
2025-09-24,P004,Cooking Oil,Cooking Essentials,20
2025-09-24,P005,Bread,Bakery,23
2025-09-24,P006,Soft Drinks,Beverages,30
2025-09-24,P007,Sweets,Confectionery,17
2025-09-24,P008,Snacks,Packaged Foods,31
2025-09-25,P001,Rice,Staples,44
2025-09-25,P002,Milk,Dairy,36
2025-09-25,P003,Biscuits,Packaged Foods,25
2025-09-25,P004,Cooking Oil,Cooking Essentials,21
2025-09-25,P005,Bread,Bakery,24
2025-09-25,P006,Soft Drinks,Beverages,31
2025-09-25,P007,Sweets,Confectionery,17
2025-09-25,P008,Snacks,Packaged Foods,32
2025-09-26,P001,Rice,Staples,52
2025-09-26,P002,Milk,Dairy,34
2025-09-26,P003,Biscuits,Packaged Foods,33
2025-09-26,P004,Cooking Oil,Cooking Essentials,20
2025-09-26,P005,Bread,Bakery,26
2025-09-26,P006,Soft Drinks,Beverages,28
2025-09-26,P007,Sweets,Confectionery,19
2025-09-26,P008,Snacks,Packaged Foods,30
2025-09-27,P001,Rice,Staples,46
2025-09-27,P002,Milk,Dairy,35
2025-09-27,P003,Biscuits,Packaged Foods,36
2025-09-27,P004,Cooking Oil,Cooking Essentials,21
2025-09-27,P005,Bread,Bakery,30
2025-09-27,P006,Soft Drinks,Beverages,39
2025-09-27,P007,Sweets,Confectionery,21
2025-09-27,P008,Snacks,Packaged Foods,38
2025-09-28,P001,Rice,Staples,44
2025-09-28,P002,Milk,Dairy,42
2025-09-28,P003,Biscuits,Packaged Foods,37
2025-09-28,P004,Cooking Oil,Cooking Essentials,22
2025-09-28,P005,Bread,Bakery,26
2025-09-28,P006,Soft Drinks,Beverages,36
2025-09-28,P007,Sweets,Confectionery,23
2025-09-28,P008,Snacks,Packaged Foods,39
2025-09-29,P001,Rice,Staples,49
2025-09-29,P002,Milk,Dairy,41
2025-09-29,P003,Biscuits,Packaged Foods,28
2025-09-29,P004,Cooking Oil,Cooking Essentials,18
2025-09-29,P005,Bread,Bakery,23
2025-09-29,P006,Soft Drinks,Beverages,32
2025-09-29,P007,Sweets,Confectionery,20
2025-09-29,P008,Snacks,Packaged Foods,32
2025-09-30,P001,Rice,Staples,45
2025-09-30,P002,Milk,Dairy,33
2025-09-30,P003,Biscuits,Packaged Foods,32
2025-09-30,P004,Cooking Oil,Cooking Essentials,19
2025-09-30,P005,Bread,Bakery,24
2025-09-30,P006,Soft Drinks,Beverages,29
2025-09-30,P007,Sweets,Confectionery,18
2025-09-30,P008,Snacks,Packaged Foods,31
2025-10-01,P001,Rice,Staples,45
2025-10-01,P002,Milk,Dairy,37
2025-10-01,P003,Biscuits,Packaged Foods,34
2025-10-01,P004,Cooking Oil,Cooking Essentials,21
2025-10-01,P005,Bread,Bakery,27
2025-10-01,P006,Soft Drinks,Beverages,28
2025-10-01,P007,Sweets,Confectionery,17
2025-10-01,P008,Snacks,Packaged Foods,34
2025-10-02,P001,Rice,Staples,46
2025-10-02,P002,Milk,Dairy,31
2025-10-02,P003,Biscuits,Packaged Foods,29
2025-10-02,P004,Cooking Oil,Cooking Essentials,20
2025-10-02,P005,Bread,Bakery,24
2025-10-02,P006,Soft Drinks,Beverages,31
2025-10-02,P007,Sweets,Confectionery,19
2025-10-02,P008,Snacks,Packaged Foods,36
2025-10-03,P001,Rice,Staples,46
2025-10-03,P002,Milk,Dairy,35
2025-10-03,P003,Biscuits,Packaged Foods,28
2025-10-03,P004,Cooking Oil,Cooking Essentials,20
2025-10-03,P005,Bread,Bakery,25
2025-10-03,P006,Soft Drinks,Beverages,25
2025-10-03,P007,Sweets,Confectionery,17
2025-10-03,P008,Snacks,Packaged Foods,31
2025-10-04,P001,Rice,Staples,51
2025-10-04,P002,Milk,Dairy,38
2025-10-04,P003,Biscuits,Packaged Foods,35
2025-10-04,P004,Cooking Oil,Cooking Essentials,22
2025-10-04,P005,Bread,Bakery,28
2025-10-04,P006,Soft Drinks,Beverages,30
2025-10-04,P007,Sweets,Confectionery,22
2025-10-04,P008,Snacks,Packaged Foods,43
2025-10-05,P001,Rice,Staples,43
2025-10-05,P002,Milk,Dairy,37
2025-10-05,P003,Biscuits,Packaged Foods,40
2025-10-05,P004,Cooking Oil,Cooking Essentials,20
2025-10-05,P005,Bread,Bakery,29
2025-10-05,P006,Soft Drinks,Beverages,33
2025-10-05,P007,Sweets,Confectionery,25
2025-10-05,P008,Snacks,Packaged Foods,40
2025-10-06,P001,Rice,Staples,45
2025-10-06,P002,Milk,Dairy,39
2025-10-06,P003,Biscuits,Packaged Foods,32
2025-10-06,P004,Cooking Oil,Cooking Essentials,19
2025-10-06,P005,Bread,Bakery,24
2025-10-06,P006,Soft Drinks,Beverages,29
2025-10-06,P007,Sweets,Confectionery,17
2025-10-06,P008,Snacks,Packaged Foods,27
2025-10-07,P001,Rice,Staples,45
2025-10-07,P002,Milk,Dairy,31
2025-10-07,P003,Biscuits,Packaged Foods,34
2025-10-07,P004,Cooking Oil,Cooking Essentials,20
2025-10-07,P005,Bread,Bakery,23
2025-10-07,P006,Soft Drinks,Beverages,26
2025-10-07,P007,Sweets,Confectionery,15
2025-10-07,P008,Snacks,Packaged Foods,29
2025-10-08,P001,Rice,Staples,49
2025-10-08,P002,Milk,Dairy,41
2025-10-08,P003,Biscuits,Packaged Foods,32
2025-10-08,P004,Cooking Oil,Cooking Essentials,20
2025-10-08,P005,Bread,Bakery,24
2025-10-08,P006,Soft Drinks,Beverages,26
2025-10-08,P007,Sweets,Confectionery,21
2025-10-08,P008,Snacks,Packaged Foods,32
2025-10-09,P001,Rice,Staples,53
2025-10-09,P002,Milk,Dairy,39
2025-10-09,P003,Biscuits,Packaged Foods,26
2025-10-09,P004,Cooking Oil,Cooking Essentials,19
2025-10-09,P005,Bread,Bakery,24
2025-10-09,P006,Soft Drinks,Beverages,28
2025-10-09,P007,Sweets,Confectionery,18
2025-10-09,P008,Snacks,Packaged Foods,40
2025-10-10,P001,Rice,Staples,41
2025-10-10,P002,Milk,Dairy,36
2025-10-10,P003,Biscuits,Packaged Foods,31
2025-10-10,P004,Cooking Oil,Cooking Essentials,20
2025-10-10,P005,Bread,Bakery,25
2025-10-10,P006,Soft Drinks,Beverages,26
2025-10-10,P007,Sweets,Confectionery,18
2025-10-10,P008,Snacks,Packaged Foods,33
2025-10-11,P001,Rice,Staples,51
2025-10-11,P002,Milk,Dairy,38
2025-10-11,P003,Biscuits,Packaged Foods,39
2025-10-11,P004,Cooking Oil,Cooking Essentials,23
2025-10-11,P005,Bread,Bakery,29
2025-10-11,P006,Soft Drinks,Beverages,34
2025-10-11,P007,Sweets,Confectionery,22
2025-10-11,P008,Snacks,Packaged Foods,39
2025-10-12,P001,Rice,Staples,50
2025-10-12,P002,Milk,Dairy,35
2025-10-12,P003,Biscuits,Packaged Foods,34
2025-10-12,P004,Cooking Oil,Cooking Essentials,20
2025-10-12,P005,Bread,Bakery,25
2025-10-12,P006,Soft Drinks,Beverages,36
2025-10-12,P007,Sweets,Confectionery,20
2025-10-12,P008,Snacks,Packaged Foods,37
2025-10-13,P001,Rice,Staples,44
2025-10-13,P002,Milk,Dairy,31
2025-10-13,P003,Biscuits,Packaged Foods,31
2025-10-13,P004,Cooking Oil,Cooking Essentials,21
2025-10-13,P005,Bread,Bakery,24
2025-10-13,P006,Soft Drinks,Beverages,27
2025-10-13,P007,Sweets,Confectionery,19
2025-10-13,P008,Snacks,Packaged Foods,30
2025-10-14,P001,Rice,Staples,42
2025-10-14,P002,Milk,Dairy,38
2025-10-14,P003,Biscuits,Packaged Foods,32
2025-10-14,P004,Cooking Oil,Cooking Essentials,21
2025-10-14,P005,Bread,Bakery,27
2025-10-14,P006,Soft Drinks,Beverages,24
2025-10-14,P007,Sweets,Confectionery,20
2025-10-14,P008,Snacks,Packaged Foods,33
2025-10-15,P001,Rice,Staples,49
2025-10-15,P002,Milk,Dairy,36
2025-10-15,P003,Biscuits,Packaged Foods,30
2025-10-15,P004,Cooking Oil,Cooking Essentials,20
2025-10-15,P005,Bread,Bakery,26
2025-10-15,P006,Soft Drinks,Beverages,27
2025-10-15,P007,Sweets,Confectionery,19
2025-10-15,P008,Snacks,Packaged Foods,28
2025-10-16,P001,Rice,Staples,43
2025-10-16,P002,Milk,Dairy,41
2025-10-16,P003,Biscuits,Packaged Foods,28
2025-10-16,P004,Cooking Oil,Cooking Essentials,20
2025-10-16,P005,Bread,Bakery,23
2025-10-16,P006,Soft Drinks,Beverages,29
2025-10-16,P007,Sweets,Confectionery,17
2025-10-16,P008,Snacks,Packaged Foods,32
2025-10-17,P001,Rice,Staples,48
2025-10-17,P002,Milk,Dairy,33
2025-10-17,P003,Biscuits,Packaged Foods,32
2025-10-17,P004,Cooking Oil,Cooking Essentials,21
2025-10-17,P005,Bread,Bakery,27
2025-10-17,P006,Soft Drinks,Beverages,28
2025-10-17,P007,Sweets,Confectionery,23
2025-10-17,P008,Snacks,Packaged Foods,35
2025-10-18,P001,Rice,Staples,51
2025-10-18,P002,Milk,Dairy,34
2025-10-18,P003,Biscuits,Packaged Foods,36
2025-10-18,P004,Cooking Oil,Cooking Essentials,24
2025-10-18,P005,Bread,Bakery,32
2025-10-18,P006,Soft Drinks,Beverages,40
2025-10-18,P007,Sweets,Confectionery,24
2025-10-18,P008,Snacks,Packaged Foods,37
2025-10-19,P001,Rice,Staples,51
2025-10-19,P002,Milk,Dairy,33
2025-10-19,P003,Biscuits,Packaged Foods,32
2025-10-19,P004,Cooking Oil,Cooking Essentials,22
2025-10-19,P005,Bread,Bakery,30
2025-10-19,P006,Soft Drinks,Beverages,38
2025-10-19,P007,Sweets,Confectionery,23
2025-10-19,P008,Snacks,Packaged Foods,41
2025-10-20,P001,Rice,Staples,41
2025-10-20,P002,Milk,Dairy,35
2025-10-20,P003,Biscuits,Packaged Foods,26
2025-10-20,P004,Cooking Oil,Cooking Essentials,17
2025-10-20,P005,Bread,Bakery,26
2025-10-20,P006,Soft Drinks,Beverages,26
2025-10-20,P007,Sweets,Confectionery,19
2025-10-20,P008,Snacks,Packaged Foods,35
2025-10-21,P001,Rice,Staples,43
2025-10-21,P002,Milk,Dairy,37
2025-10-21,P003,Biscuits,Packaged Foods,28
2025-10-21,P004,Cooking Oil,Cooking Essentials,17
2025-10-21,P005,Bread,Bakery,25
2025-10-21,P006,Soft Drinks,Beverages,27
2025-10-21,P007,Sweets,Confectionery,17
2025-10-21,P008,Snacks,Packaged Foods,37
2025-10-22,P001,Rice,Staples,40
2025-10-22,P002,Milk,Dairy,36
2025-10-22,P003,Biscuits,Packaged Foods,28
2025-10-22,P004,Cooking Oil,Cooking Essentials,21
2025-10-22,P005,Bread,Bakery,26
2025-10-22,P006,Soft Drinks,Beverages,29
2025-10-22,P007,Sweets,Confectionery,17
2025-10-22,P008,Snacks,Packaged Foods,30
2025-10-23,P001,Rice,Staples,48
2025-10-23,P002,Milk,Dairy,40
2025-10-23,P003,Biscuits,Packaged Foods,31
2025-10-23,P004,Cooking Oil,Cooking Essentials,19
2025-10-23,P005,Bread,Bakery,26
2025-10-23,P006,Soft Drinks,Beverages,33
2025-10-23,P007,Sweets,Confectionery,18
2025-10-23,P008,Snacks,Packaged Foods,36
2025-10-24,P001,Rice,Staples,42
2025-10-24,P002,Milk,Dairy,35
2025-10-24,P003,Biscuits,Packaged Foods,31
2025-10-24,P004,Cooking Oil,Cooking Essentials,21
2025-10-24,P005,Bread,Bakery,23
2025-10-24,P006,Soft Drinks,Beverages,26
2025-10-24,P007,Sweets,Confectionery,19
2025-10-24,P008,Snacks,Packaged Foods,35
2025-10-25,P001,Rice,Staples,55
2025-10-25,P002,Milk,Dairy,42
2025-10-25,P003,Biscuits,Packaged Foods,36
2025-10-25,P004,Cooking Oil,Cooking Essentials,21
2025-10-25,P005,Bread,Bakery,31
2025-10-25,P006,Soft Drinks,Beverages,38
2025-10-25,P007,Sweets,Confectionery,21
2025-10-25,P008,Snacks,Packaged Foods,37
2025-10-26,P001,Rice,Staples,51
2025-10-26,P002,Milk,Dairy,36
2025-10-26,P003,Biscuits,Packaged Foods,36
2025-10-26,P004,Cooking Oil,Cooking Essentials,23
2025-10-26,P005,Bread,Bakery,30
2025-10-26,P006,Soft Drinks,Beverages,39
2025-10-26,P007,Sweets,Confectionery,20
2025-10-26,P008,Snacks,Packaged Foods,41
2025-10-27,P001,Rice,Staples,48
2025-10-27,P002,Milk,Dairy,31
2025-10-27,P003,Biscuits,Packaged Foods,28
2025-10-27,P004,Cooking Oil,Cooking Essentials,19
2025-10-27,P005,Bread,Bakery,25
2025-10-27,P006,Soft Drinks,Beverages,32
2025-10-27,P007,Sweets,Confectionery,21
2025-10-27,P008,Snacks,Packaged Foods,30
2025-10-28,P001,Rice,Staples,47
2025-10-28,P002,Milk,Dairy,37
2025-10-28,P003,Biscuits,Packaged Foods,31
2025-10-28,P004,Cooking Oil,Cooking Essentials,21
2025-10-28,P005,Bread,Bakery,26
2025-10-28,P006,Soft Drinks,Beverages,32
2025-10-28,P007,Sweets,Confectionery,20
2025-10-28,P008,Snacks,Packaged Foods,29
2025-10-29,P001,Rice,Staples,48
2025-10-29,P002,Milk,Dairy,37
2025-10-29,P003,Biscuits,Packaged Foods,31
2025-10-29,P004,Cooking Oil,Cooking Essentials,22
2025-10-29,P005,Bread,Bakery,25
2025-10-29,P006,Soft Drinks,Beverages,28
2025-10-29,P007,Sweets,Confectionery,18
2025-10-29,P008,Snacks,Packaged Foods,27
2025-10-30,P001,Rice,Staples,45
2025-10-30,P002,Milk,Dairy,33
2025-10-30,P003,Biscuits,Packaged Foods,27
2025-10-30,P004,Cooking Oil,Cooking Essentials,22
2025-10-30,P005,Bread,Bakery,26
2025-10-30,P006,Soft Drinks,Beverages,28
2025-10-30,P007,Sweets,Confectionery,17
2025-10-30,P008,Snacks,Packaged Foods,33
2025-10-31,P001,Rice,Staples,49
2025-10-31,P002,Milk,Dairy,33
2025-10-31,P003,Biscuits,Packaged Foods,30
2025-10-31,P004,Cooking Oil,Cooking Essentials,21
2025-10-31,P005,Bread,Bakery,21
2025-10-31,P006,Soft Drinks,Beverages,28
2025-10-31,P007,Sweets,Confectionery,17
2025-10-31,P008,Snacks,Packaged Foods,32
2025-11-01,P001,Rice,Staples,48
2025-11-01,P002,Milk,Dairy,37
2025-11-01,P003,Biscuits,Packaged Foods,41
2025-11-01,P004,Cooking Oil,Cooking Essentials,21
2025-11-01,P005,Bread,Bakery,29
2025-11-01,P006,Soft Drinks,Beverages,41
2025-11-01,P007,Sweets,Confectionery,22
2025-11-01,P008,Snacks,Packaged Foods,45
2025-11-02,P001,Rice,Staples,50
2025-11-02,P002,Milk,Dairy,42
2025-11-02,P003,Biscuits,Packaged Foods,38
2025-11-02,P004,Cooking Oil,Cooking Essentials,22
2025-11-02,P005,Bread,Bakery,29
2025-11-02,P006,Soft Drinks,Beverages,35
2025-11-02,P007,Sweets,Confectionery,23
2025-11-02,P008,Snacks,Packaged Foods,42
2025-11-03,P001,Rice,Staples,45
2025-11-03,P002,Milk,Dairy,34
2025-11-03,P003,Biscuits,Packaged Foods,29
2025-11-03,P004,Cooking Oil,Cooking Essentials,22
2025-11-03,P005,Bread,Bakery,27
2025-11-03,P006,Soft Drinks,Beverages,27
2025-11-03,P007,Sweets,Confectionery,17
2025-11-03,P008,Snacks,Packaged Foods,33
2025-11-04,P001,Rice,Staples,51
2025-11-04,P002,Milk,Dairy,39
2025-11-04,P003,Biscuits,Packaged Foods,28
2025-11-04,P004,Cooking Oil,Cooking Essentials,20
2025-11-04,P005,Bread,Bakery,24
2025-11-04,P006,Soft Drinks,Beverages,29
2025-11-04,P007,Sweets,Confectionery,21
2025-11-04,P008,Snacks,Packaged Foods,30
2025-11-05,P001,Rice,Staples,41
2025-11-05,P002,Milk,Dairy,34
2025-11-05,P003,Biscuits,Packaged Foods,32
2025-11-05,P004,Cooking Oil,Cooking Essentials,22
2025-11-05,P005,Bread,Bakery,27
2025-11-05,P006,Soft Drinks,Beverages,33
2025-11-05,P007,Sweets,Confectionery,17
2025-11-05,P008,Snacks,Packaged Foods,38
2025-11-06,P001,Rice,Staples,47
2025-11-06,P002,Milk,Dairy,39
2025-11-06,P003,Biscuits,Packaged Foods,29
2025-11-06,P004,Cooking Oil,Cooking Essentials,21
2025-11-06,P005,Bread,Bakery,27
2025-11-06,P006,Soft Drinks,Beverages,35
2025-11-06,P007,Sweets,Confectionery,18
2025-11-06,P008,Snacks,Packaged Foods,37
2025-11-07,P001,Rice,Staples,45
2025-11-07,P002,Milk,Dairy,39
2025-11-07,P003,Biscuits,Packaged Foods,34
2025-11-07,P004,Cooking Oil,Cooking Essentials,24
2025-11-07,P005,Bread,Bakery,26
2025-11-07,P006,Soft Drinks,Beverages,36
2025-11-07,P007,Sweets,Confectionery,24
2025-11-07,P008,Snacks,Packaged Foods,34
2025-11-08,P001,Rice,Staples,81
2025-11-08,P002,Milk,Dairy,61
2025-11-08,P003,Biscuits,Packaged Foods,57
2025-11-08,P004,Cooking Oil,Cooking Essentials,33
2025-11-08,P005,Bread,Bakery,48
2025-11-08,P006,Soft Drinks,Beverages,64
2025-11-08,P007,Sweets,Confectionery,57
2025-11-08,P008,Snacks,Packaged Foods,73
2025-11-09,P001,Rice,Staples,52
2025-11-09,P002,Milk,Dairy,35
2025-11-09,P003,Biscuits,Packaged Foods,34
2025-11-09,P004,Cooking Oil,Cooking Essentials,22
2025-11-09,P005,Bread,Bakery,31
2025-11-09,P006,Soft Drinks,Beverages,42
2025-11-09,P007,Sweets,Confectionery,20
2025-11-09,P008,Snacks,Packaged Foods,41
2025-11-10,P001,Rice,Staples,41
2025-11-10,P002,Milk,Dairy,38
2025-11-10,P003,Biscuits,Packaged Foods,28
2025-11-10,P004,Cooking Oil,Cooking Essentials,19
2025-11-10,P005,Bread,Bakery,24
2025-11-10,P006,Soft Drinks,Beverages,28
2025-11-10,P007,Sweets,Confectionery,18
2025-11-10,P008,Snacks,Packaged Foods,33
2025-11-11,P001,Rice,Staples,45
2025-11-11,P002,Milk,Dairy,31
2025-11-11,P003,Biscuits,Packaged Foods,32
2025-11-11,P004,Cooking Oil,Cooking Essentials,20
2025-11-11,P005,Bread,Bakery,27
2025-11-11,P006,Soft Drinks,Beverages,26
2025-11-11,P007,Sweets,Confectionery,16
2025-11-11,P008,Snacks,Packaged Foods,32
2025-11-12,P001,Rice,Staples,50
2025-11-12,P002,Milk,Dairy,35
2025-11-12,P003,Biscuits,Packaged Foods,30
2025-11-12,P004,Cooking Oil,Cooking Essentials,19
2025-11-12,P005,Bread,Bakery,29
2025-11-12,P006,Soft Drinks,Beverages,26
2025-11-12,P007,Sweets,Confectionery,17
2025-11-12,P008,Snacks,Packaged Foods,33
2025-11-13,P001,Rice,Staples,38
2025-11-13,P002,Milk,Dairy,39
2025-11-13,P003,Biscuits,Packaged Foods,31
2025-11-13,P004,Cooking Oil,Cooking Essentials,21
2025-11-13,P005,Bread,Bakery,26
2025-11-13,P006,Soft Drinks,Beverages,28
2025-11-13,P007,Sweets,Confectionery,16
2025-11-13,P008,Snacks,Packaged Foods,32
2025-11-14,P001,Rice,Staples,41
2025-11-14,P002,Milk,Dairy,36
2025-11-14,P003,Biscuits,Packaged Foods,32
2025-11-14,P004,Cooking Oil,Cooking Essentials,22
2025-11-14,P005,Bread,Bakery,26
2025-11-14,P006,Soft Drinks,Beverages,30
2025-11-14,P007,Sweets,Confectionery,18
2025-11-14,P008,Snacks,Packaged Foods,31
2025-11-15,P001,Rice,Staples,51
2025-11-15,P002,Milk,Dairy,36
2025-11-15,P003,Biscuits,Packaged Foods,37
2025-11-15,P004,Cooking Oil,Cooking Essentials,20
2025-11-15,P005,Bread,Bakery,27
2025-11-15,P006,Soft Drinks,Beverages,38
2025-11-15,P007,Sweets,Confectionery,24
2025-11-15,P008,Snacks,Packaged Foods,37
2025-11-16,P001,Rice,Staples,52
2025-11-16,P002,Milk,Dairy,35
2025-11-16,P003,Biscuits,Packaged Foods,36
2025-11-16,P004,Cooking Oil,Cooking Essentials,24
2025-11-16,P005,Bread,Bakery,30
2025-11-16,P006,Soft Drinks,Beverages,38
2025-11-16,P007,Sweets,Confectionery,25
2025-11-16,P008,Snacks,Packaged Foods,38
2025-11-17,P001,Rice,Staples,41
2025-11-17,P002,Milk,Dairy,33
2025-11-17,P003,Biscuits,Packaged Foods,29
2025-11-17,P004,Cooking Oil,Cooking Essentials,16
2025-11-17,P005,Bread,Bakery,25
2025-11-17,P006,Soft Drinks,Beverages,27
2025-11-17,P007,Sweets,Confectionery,19
2025-11-17,P008,Snacks,Packaged Foods,33
2025-11-18,P001,Rice,Staples,43
2025-11-18,P002,Milk,Dairy,37
2025-11-18,P003,Biscuits,Packaged Foods,32
2025-11-18,P004,Cooking Oil,Cooking Essentials,19
2025-11-18,P005,Bread,Bakery,24
2025-11-18,P006,Soft Drinks,Beverages,23
2025-11-18,P007,Sweets,Confectionery,16
2025-11-18,P008,Snacks,Packaged Foods,30
2025-11-19,P001,Rice,Staples,45
2025-11-19,P002,Milk,Dairy,32
2025-11-19,P003,Biscuits,Packaged Foods,29
2025-11-19,P004,Cooking Oil,Cooking Essentials,18
2025-11-19,P005,Bread,Bakery,25
2025-11-19,P006,Soft Drinks,Beverages,29
2025-11-19,P007,Sweets,Confectionery,19
2025-11-19,P008,Snacks,Packaged Foods,32
2025-11-20,P001,Rice,Staples,39
2025-11-20,P002,Milk,Dairy,33
2025-11-20,P003,Biscuits,Packaged Foods,29
2025-11-20,P004,Cooking Oil,Cooking Essentials,19
2025-11-20,P005,Bread,Bakery,25
2025-11-20,P006,Soft Drinks,Beverages,31
2025-11-20,P007,Sweets,Confectionery,19
2025-11-20,P008,Snacks,Packaged Foods,29
2025-11-21,P001,Rice,Staples,47
2025-11-21,P002,Milk,Dairy,37
2025-11-21,P003,Biscuits,Packaged Foods,28
2025-11-21,P004,Cooking Oil,Cooking Essentials,21
2025-11-21,P005,Bread,Bakery,25
2025-11-21,P006,Soft Drinks,Beverages,25
2025-11-21,P007,Sweets,Confectionery,19
2025-11-21,P008,Snacks,Packaged Foods,33
2025-11-22,P001,Rice,Staples,49
2025-11-22,P002,Milk,Dairy,37
2025-11-22,P003,Biscuits,Packaged Foods,34
2025-11-22,P004,Cooking Oil,Cooking Essentials,23
2025-11-22,P005,Bread,Bakery,29
2025-11-22,P006,Soft Drinks,Beverages,37
2025-11-22,P007,Sweets,Confectionery,23
2025-11-22,P008,Snacks,Packaged Foods,37
2025-11-23,P001,Rice,Staples,46
2025-11-23,P002,Milk,Dairy,31
2025-11-23,P003,Biscuits,Packaged Foods,37
2025-11-23,P004,Cooking Oil,Cooking Essentials,20
2025-11-23,P005,Bread,Bakery,29
2025-11-23,P006,Soft Drinks,Beverages,37
2025-11-23,P007,Sweets,Confectionery,23
2025-11-23,P008,Snacks,Packaged Foods,37
2025-11-24,P001,Rice,Staples,45
2025-11-24,P002,Milk,Dairy,40
2025-11-24,P003,Biscuits,Packaged Foods,34
2025-11-24,P004,Cooking Oil,Cooking Essentials,22
2025-11-24,P005,Bread,Bakery,26
2025-11-24,P006,Soft Drinks,Beverages,26
2025-11-24,P007,Sweets,Confectionery,19
2025-11-24,P008,Snacks,Packaged Foods,32
2025-11-25,P001,Rice,Staples,47
2025-11-25,P002,Milk,Dairy,33
2025-11-25,P003,Biscuits,Packaged Foods,30
2025-11-25,P004,Cooking Oil,Cooking Essentials,20
2025-11-25,P005,Bread,Bakery,25
2025-11-25,P006,Soft Drinks,Beverages,29
2025-11-25,P007,Sweets,Confectionery,17
2025-11-25,P008,Snacks,Packaged Foods,29
2025-11-26,P001,Rice,Staples,51
2025-11-26,P002,Milk,Dairy,42
2025-11-26,P003,Biscuits,Packaged Foods,31
2025-11-26,P004,Cooking Oil,Cooking Essentials,18
2025-11-26,P005,Bread,Bakery,23
2025-11-26,P006,Soft Drinks,Beverages,29
2025-11-26,P007,Sweets,Confectionery,20
2025-11-26,P008,Snacks,Packaged Foods,29
2025-11-27,P001,Rice,Staples,45
2025-11-27,P002,Milk,Dairy,36
2025-11-27,P003,Biscuits,Packaged Foods,32
2025-11-27,P004,Cooking Oil,Cooking Essentials,19
2025-11-27,P005,Bread,Bakery,22
2025-11-27,P006,Soft Drinks,Beverages,29
2025-11-27,P007,Sweets,Confectionery,20
2025-11-27,P008,Snacks,Packaged Foods,32
2025-11-28,P001,Rice,Staples,46
2025-11-28,P002,Milk,Dairy,34
2025-11-28,P003,Biscuits,Packaged Foods,28
2025-11-28,P004,Cooking Oil,Cooking Essentials,22
2025-11-28,P005,Bread,Bakery,26
2025-11-28,P006,Soft Drinks,Beverages,29
2025-11-28,P007,Sweets,Confectionery,20
2025-11-28,P008,Snacks,Packaged Foods,29
2025-11-29,P001,Rice,Staples,48
2025-11-29,P002,Milk,Dairy,37
2025-11-29,P003,Biscuits,Packaged Foods,35
2025-11-29,P004,Cooking Oil,Cooking Essentials,23
2025-11-29,P005,Bread,Bakery,28
2025-11-29,P006,Soft Drinks,Beverages,34
2025-11-29,P007,Sweets,Confectionery,23
2025-11-29,P008,Snacks,Packaged Foods,40
2025-11-30,P001,Rice,Staples,53
2025-11-30,P002,Milk,Dairy,38
2025-11-30,P003,Biscuits,Packaged Foods,37
2025-11-30,P004,Cooking Oil,Cooking Essentials,22
2025-11-30,P005,Bread,Bakery,28
2025-11-30,P006,Soft Drinks,Beverages,35
2025-11-30,P007,Sweets,Confectionery,23
2025-11-30,P008,Snacks,Packaged Foods,39
2025-12-01,P001,Rice,Staples,51
2025-12-01,P002,Milk,Dairy,39
2025-12-01,P003,Biscuits,Packaged Foods,32
2025-12-01,P004,Cooking Oil,Cooking Essentials,21
2025-12-01,P005,Bread,Bakery,25
2025-12-01,P006,Soft Drinks,Beverages,25
2025-12-01,P007,Sweets,Confectionery,18
2025-12-01,P008,Snacks,Packaged Foods,32
2025-12-02,P001,Rice,Staples,46
2025-12-02,P002,Milk,Dairy,36
2025-12-02,P003,Biscuits,Packaged Foods,32
2025-12-02,P004,Cooking Oil,Cooking Essentials,19
2025-12-02,P005,Bread,Bakery,24
2025-12-02,P006,Soft Drinks,Beverages,31
2025-12-02,P007,Sweets,Confectionery,19
2025-12-02,P008,Snacks,Packaged Foods,31
2025-12-03,P001,Rice,Staples,45
2025-12-03,P002,Milk,Dairy,35
2025-12-03,P003,Biscuits,Packaged Foods,30
2025-12-03,P004,Cooking Oil,Cooking Essentials,21
2025-12-03,P005,Bread,Bakery,30
2025-12-03,P006,Soft Drinks,Beverages,28
2025-12-03,P007,Sweets,Confectionery,19
2025-12-03,P008,Snacks,Packaged Foods,28
2025-12-04,P001,Rice,Staples,43
2025-12-04,P002,Milk,Dairy,38
2025-12-04,P003,Biscuits,Packaged Foods,31
2025-12-04,P004,Cooking Oil,Cooking Essentials,13
2025-12-04,P005,Bread,Bakery,26
2025-12-04,P006,Soft Drinks,Beverages,32
2025-12-04,P007,Sweets,Confectionery,15
2025-12-04,P008,Snacks,Packaged Foods,36
2025-12-05,P001,Rice,Staples,35
2025-12-05,P002,Milk,Dairy,38
2025-12-05,P003,Biscuits,Packaged Foods,30
2025-12-05,P004,Cooking Oil,Cooking Essentials,16
2025-12-05,P005,Bread,Bakery,26
2025-12-05,P006,Soft Drinks,Beverages,31
2025-12-05,P007,Sweets,Confectionery,19
2025-12-05,P008,Snacks,Packaged Foods,33
2025-12-06,P001,Rice,Staples,48
2025-12-06,P002,Milk,Dairy,32
2025-12-06,P003,Biscuits,Packaged Foods,38
2025-12-06,P004,Cooking Oil,Cooking Essentials,24
2025-12-06,P005,Bread,Bakery,31
2025-12-06,P006,Soft Drinks,Beverages,32
2025-12-06,P007,Sweets,Confectionery,20
2025-12-06,P008,Snacks,Packaged Foods,38
2025-12-07,P001,Rice,Staples,44
2025-12-07,P002,Milk,Dairy,37
2025-12-07,P003,Biscuits,Packaged Foods,37
2025-12-07,P004,Cooking Oil,Cooking Essentials,19
2025-12-07,P005,Bread,Bakery,30
2025-12-07,P006,Soft Drinks,Beverages,38
2025-12-07,P007,Sweets,Confectionery,22
2025-12-07,P008,Snacks,Packaged Foods,40
2025-12-08,P001,Rice,Staples,38
2025-12-08,P002,Milk,Dairy,34
2025-12-08,P003,Biscuits,Packaged Foods,30
2025-12-08,P004,Cooking Oil,Cooking Essentials,20
2025-12-08,P005,Bread,Bakery,26
2025-12-08,P006,Soft Drinks,Beverages,29
2025-12-08,P007,Sweets,Confectionery,18
2025-12-08,P008,Snacks,Packaged Foods,33
2025-12-09,P001,Rice,Staples,49
2025-12-09,P002,Milk,Dairy,35
2025-12-09,P003,Biscuits,Packaged Foods,31
2025-12-09,P004,Cooking Oil,Cooking Essentials,20
2025-12-09,P005,Bread,Bakery,24
2025-12-09,P006,Soft Drinks,Beverages,29
2025-12-09,P007,Sweets,Confectionery,17
2025-12-09,P008,Snacks,Packaged Foods,33
2025-12-10,P001,Rice,Staples,45
2025-12-10,P002,Milk,Dairy,34
2025-12-10,P003,Biscuits,Packaged Foods,29
2025-12-10,P004,Cooking Oil,Cooking Essentials,19
2025-12-10,P005,Bread,Bakery,22
2025-12-10,P006,Soft Drinks,Beverages,29
2025-12-10,P007,Sweets,Confectionery,18
2025-12-10,P008,Snacks,Packaged Foods,34
2025-12-11,P001,Rice,Staples,43
2025-12-11,P002,Milk,Dairy,40
2025-12-11,P003,Biscuits,Packaged Foods,29
2025-12-11,P004,Cooking Oil,Cooking Essentials,19
2025-12-11,P005,Bread,Bakery,23
2025-12-11,P006,Soft Drinks,Beverages,24
2025-12-11,P007,Sweets,Confectionery,20
2025-12-11,P008,Snacks,Packaged Foods,36
2025-12-12,P001,Rice,Staples,47
2025-12-12,P002,Milk,Dairy,32
2025-12-12,P003,Biscuits,Packaged Foods,34
2025-12-12,P004,Cooking Oil,Cooking Essentials,19
2025-12-12,P005,Bread,Bakery,24
2025-12-12,P006,Soft Drinks,Beverages,31
2025-12-12,P007,Sweets,Confectionery,19
2025-12-12,P008,Snacks,Packaged Foods,38
2025-12-13,P001,Rice,Staples,50
2025-12-13,P002,Milk,Dairy,36
2025-12-13,P003,Biscuits,Packaged Foods,35
2025-12-13,P004,Cooking Oil,Cooking Essentials,19
2025-12-13,P005,Bread,Bakery,28
2025-12-13,P006,Soft Drinks,Beverages,39
2025-12-13,P007,Sweets,Confectionery,23
2025-12-13,P008,Snacks,Packaged Foods,40
2025-12-14,P001,Rice,Staples,46
2025-12-14,P002,Milk,Dairy,37
2025-12-14,P003,Biscuits,Packaged Foods,38
2025-12-14,P004,Cooking Oil,Cooking Essentials,22
2025-12-14,P005,Bread,Bakery,29
2025-12-14,P006,Soft Drinks,Beverages,35
2025-12-14,P007,Sweets,Confectionery,24
2025-12-14,P008,Snacks,Packaged Foods,32
2025-12-15,P001,Rice,Staples,46
2025-12-15,P002,Milk,Dairy,42
2025-12-15,P003,Biscuits,Packaged Foods,26
2025-12-15,P004,Cooking Oil,Cooking Essentials,20
2025-12-15,P005,Bread,Bakery,25
2025-12-15,P006,Soft Drinks,Beverages,27
2025-12-15,P007,Sweets,Confectionery,19
2025-12-15,P008,Snacks,Packaged Foods,33
2025-12-16,P001,Rice,Staples,46
2025-12-16,P002,Milk,Dairy,37
2025-12-16,P003,Biscuits,Packaged Foods,30
2025-12-16,P004,Cooking Oil,Cooking Essentials,25
2025-12-16,P005,Bread,Bakery,25
2025-12-16,P006,Soft Drinks,Beverages,28
2025-12-16,P007,Sweets,Confectionery,16
2025-12-16,P008,Snacks,Packaged Foods,31
2025-12-17,P001,Rice,Staples,49
2025-12-17,P002,Milk,Dairy,31
2025-12-17,P003,Biscuits,Packaged Foods,25
2025-12-17,P004,Cooking Oil,Cooking Essentials,20
2025-12-17,P005,Bread,Bakery,28
2025-12-17,P006,Soft Drinks,Beverages,28
2025-12-17,P007,Sweets,Confectionery,18
2025-12-17,P008,Snacks,Packaged Foods,27
2025-12-18,P001,Rice,Staples,47
2025-12-18,P002,Milk,Dairy,37
2025-12-18,P003,Biscuits,Packaged Foods,26
2025-12-18,P004,Cooking Oil,Cooking Essentials,22
2025-12-18,P005,Bread,Bakery,27
2025-12-18,P006,Soft Drinks,Beverages,31
2025-12-18,P007,Sweets,Confectionery,19
2025-12-18,P008,Snacks,Packaged Foods,34
2025-12-19,P001,Rice,Staples,47
2025-12-19,P002,Milk,Dairy,37
2025-12-19,P003,Biscuits,Packaged Foods,26
2025-12-19,P004,Cooking Oil,Cooking Essentials,18
2025-12-19,P005,Bread,Bakery,24
2025-12-19,P006,Soft Drinks,Beverages,28
2025-12-19,P007,Sweets,Confectionery,19
2025-12-19,P008,Snacks,Packaged Foods,33
2025-12-20,P001,Rice,Staples,54
2025-12-20,P002,Milk,Dairy,40
2025-12-20,P003,Biscuits,Packaged Foods,34
2025-12-20,P004,Cooking Oil,Cooking Essentials,22
2025-12-20,P005,Bread,Bakery,27
2025-12-20,P006,Soft Drinks,Beverages,36
2025-12-20,P007,Sweets,Confectionery,23
2025-12-20,P008,Snacks,Packaged Foods,31
2025-12-21,P001,Rice,Staples,59
2025-12-21,P002,Milk,Dairy,39
2025-12-21,P003,Biscuits,Packaged Foods,35
2025-12-21,P004,Cooking Oil,Cooking Essentials,25
2025-12-21,P005,Bread,Bakery,29
2025-12-21,P006,Soft Drinks,Beverages,39
2025-12-21,P007,Sweets,Confectionery,23
2025-12-21,P008,Snacks,Packaged Foods,46
2025-12-22,P001,Rice,Staples,46
2025-12-22,P002,Milk,Dairy,37
2025-12-22,P003,Biscuits,Packaged Foods,34
2025-12-22,P004,Cooking Oil,Cooking Essentials,22
2025-12-22,P005,Bread,Bakery,26
2025-12-22,P006,Soft Drinks,Beverages,33
2025-12-22,P007,Sweets,Confectionery,23
2025-12-22,P008,Snacks,Packaged Foods,36
2025-12-23,P001,Rice,Staples,48
2025-12-23,P002,Milk,Dairy,38
2025-12-23,P003,Biscuits,Packaged Foods,35
2025-12-23,P004,Cooking Oil,Cooking Essentials,20
2025-12-23,P005,Bread,Bakery,26
2025-12-23,P006,Soft Drinks,Beverages,29
2025-12-23,P007,Sweets,Confectionery,19
2025-12-23,P008,Snacks,Packaged Foods,35
2025-12-24,P001,Rice,Staples,48
2025-12-24,P002,Milk,Dairy,43
2025-12-24,P003,Biscuits,Packaged Foods,34
2025-12-24,P004,Cooking Oil,Cooking Essentials,20
2025-12-24,P005,Bread,Bakery,26
2025-12-24,P006,Soft Drinks,Beverages,37
2025-12-24,P007,Sweets,Confectionery,23
2025-12-24,P008,Snacks,Packaged Foods,38
2025-12-25,P001,Rice,Staples,57
2025-12-25,P002,Milk,Dairy,49
2025-12-25,P003,Biscuits,Packaged Foods,37
2025-12-25,P004,Cooking Oil,Cooking Essentials,27
2025-12-25,P005,Bread,Bakery,37
2025-12-25,P006,Soft Drinks,Beverages,42
2025-12-25,P007,Sweets,Confectionery,26
2025-12-25,P008,Snacks,Packaged Foods,49
2025-12-26,P001,Rice,Staples,43
2025-12-26,P002,Milk,Dairy,31
2025-12-26,P003,Biscuits,Packaged Foods,32
2025-12-26,P004,Cooking Oil,Cooking Essentials,22
2025-12-26,P005,Bread,Bakery,24
2025-12-26,P006,Soft Drinks,Beverages,27
2025-12-26,P007,Sweets,Confectionery,17
2025-12-26,P008,Snacks,Packaged Foods,32
2025-12-27,P001,Rice,Staples,47
2025-12-27,P002,Milk,Dairy,34
2025-12-27,P003,Biscuits,Packaged Foods,41
2025-12-27,P004,Cooking Oil,Cooking Essentials,22
2025-12-27,P005,Bread,Bakery,30
2025-12-27,P006,Soft Drinks,Beverages,38
2025-12-27,P007,Sweets,Confectionery,24
2025-12-27,P008,Snacks,Packaged Foods,39
2025-12-28,P001,Rice,Staples,50
2025-12-28,P002,Milk,Dairy,36
2025-12-28,P003,Biscuits,Packaged Foods,37
2025-12-28,P004,Cooking Oil,Cooking Essentials,22
2025-12-28,P005,Bread,Bakery,28
2025-12-28,P006,Soft Drinks,Beverages,33
2025-12-28,P007,Sweets,Confectionery,23
2025-12-28,P008,Snacks,Packaged Foods,39
2025-12-29,P001,Rice,Staples,38
2025-12-29,P002,Milk,Dairy,36
2025-12-29,P003,Biscuits,Packaged Foods,32
2025-12-29,P004,Cooking Oil,Cooking Essentials,24
2025-12-29,P005,Bread,Bakery,24
2025-12-29,P006,Soft Drinks,Beverages,27
2025-12-29,P007,Sweets,Confectionery,16
2025-12-29,P008,Snacks,Packaged Foods,33
2025-12-30,P001,Rice,Staples,46
2025-12-30,P002,Milk,Dairy,33
2025-12-30,P003,Biscuits,Packaged Foods,30
2025-12-30,P004,Cooking Oil,Cooking Essentials,17
2025-12-30,P005,Bread,Bakery,27
2025-12-30,P006,Soft Drinks,Beverages,26
2025-12-30,P007,Sweets,Confectionery,18
2025-12-30,P008,Snacks,Packaged Foods,28
2025-12-31,P001,Rice,Staples,43
2025-12-31,P002,Milk,Dairy,34
2025-12-31,P003,Biscuits,Packaged Foods,30
2025-12-31,P004,Cooking Oil,Cooking Essentials,21
2025-12-31,P005,Bread,Bakery,28
2025-12-31,P006,Soft Drinks,Beverages,30
2025-12-31,P007,Sweets,Confectionery,19
2025-12-31,P008,Snacks,Packaged Foods,36
2026-01-01,P001,Rice,Staples,47
2026-01-01,P002,Milk,Dairy,35
2026-01-01,P003,Biscuits,Packaged Foods,32
2026-01-01,P004,Cooking Oil,Cooking Essentials,22
2026-01-01,P005,Bread,Bakery,26
2026-01-01,P006,Soft Drinks,Beverages,25
2026-01-01,P007,Sweets,Confectionery,17
2026-01-01,P008,Snacks,Packaged Foods,31
2026-01-02,P001,Rice,Staples,48
2026-01-02,P002,Milk,Dairy,35
2026-01-02,P003,Biscuits,Packaged Foods,33
2026-01-02,P004,Cooking Oil,Cooking Essentials,22
2026-01-02,P005,Bread,Bakery,27
2026-01-02,P006,Soft Drinks,Beverages,31
2026-01-02,P007,Sweets,Confectionery,17
2026-01-02,P008,Snacks,Packaged Foods,33
2026-01-03,P001,Rice,Staples,47
2026-01-03,P002,Milk,Dairy,32
2026-01-03,P003,Biscuits,Packaged Foods,35
2026-01-03,P004,Cooking Oil,Cooking Essentials,24
2026-01-03,P005,Bread,Bakery,30
2026-01-03,P006,Soft Drinks,Beverages,41
2026-01-03,P007,Sweets,Confectionery,23
2026-01-03,P008,Snacks,Packaged Foods,46
2026-01-04,P001,Rice,Staples,50
2026-01-04,P002,Milk,Dairy,37
2026-01-04,P003,Biscuits,Packaged Foods,33
2026-01-04,P004,Cooking Oil,Cooking Essentials,23
2026-01-04,P005,Bread,Bakery,28
2026-01-04,P006,Soft Drinks,Beverages,35
2026-01-04,P007,Sweets,Confectionery,24
2026-01-04,P008,Snacks,Packaged Foods,43
2026-01-05,P001,Rice,Staples,49
2026-01-05,P002,Milk,Dairy,34
2026-01-05,P003,Biscuits,Packaged Foods,30
2026-01-05,P004,Cooking Oil,Cooking Essentials,20
2026-01-05,P005,Bread,Bakery,27
2026-01-05,P006,Soft Drinks,Beverages,31
2026-01-05,P007,Sweets,Confectionery,19
2026-01-05,P008,Snacks,Packaged Foods,37
2026-01-06,P001,Rice,Staples,48
2026-01-06,P002,Milk,Dairy,34
2026-01-06,P003,Biscuits,Packaged Foods,32
2026-01-06,P004,Cooking Oil,Cooking Essentials,23
2026-01-06,P005,Bread,Bakery,29
2026-01-06,P006,Soft Drinks,Beverages,31
2026-01-06,P007,Sweets,Confectionery,18
2026-01-06,P008,Snacks,Packaged Foods,31
2026-01-07,P001,Rice,Staples,47
2026-01-07,P002,Milk,Dairy,40
2026-01-07,P003,Biscuits,Packaged Foods,31
2026-01-07,P004,Cooking Oil,Cooking Essentials,21
2026-01-07,P005,Bread,Bakery,25
2026-01-07,P006,Soft Drinks,Beverages,27
2026-01-07,P007,Sweets,Confectionery,18
2026-01-07,P008,Snacks,Packaged Foods,32
2026-01-08,P001,Rice,Staples,51
2026-01-08,P002,Milk,Dairy,34
2026-01-08,P003,Biscuits,Packaged Foods,30
2026-01-08,P004,Cooking Oil,Cooking Essentials,19
2026-01-08,P005,Bread,Bakery,26
2026-01-08,P006,Soft Drinks,Beverages,31
2026-01-08,P007,Sweets,Confectionery,20
2026-01-08,P008,Snacks,Packaged Foods,33
2026-01-09,P001,Rice,Staples,47
2026-01-09,P002,Milk,Dairy,35
2026-01-09,P003,Biscuits,Packaged Foods,31
2026-01-09,P004,Cooking Oil,Cooking Essentials,21
2026-01-09,P005,Bread,Bakery,25
2026-01-09,P006,Soft Drinks,Beverages,28
2026-01-09,P007,Sweets,Confectionery,19
2026-01-09,P008,Snacks,Packaged Foods,31
2026-01-10,P001,Rice,Staples,49
2026-01-10,P002,Milk,Dairy,42
2026-01-10,P003,Biscuits,Packaged Foods,43
2026-01-10,P004,Cooking Oil,Cooking Essentials,20
2026-01-10,P005,Bread,Bakery,26
2026-01-10,P006,Soft Drinks,Beverages,34
2026-01-10,P007,Sweets,Confectionery,22
2026-01-10,P008,Snacks,Packaged Foods,42
2026-01-11,P001,Rice,Staples,52
2026-01-11,P002,Milk,Dairy,37
2026-01-11,P003,Biscuits,Packaged Foods,37
2026-01-11,P004,Cooking Oil,Cooking Essentials,20
2026-01-11,P005,Bread,Bakery,28
2026-01-11,P006,Soft Drinks,Beverages,36
2026-01-11,P007,Sweets,Confectionery,20
2026-01-11,P008,Snacks,Packaged Foods,37
2026-01-12,P001,Rice,Staples,41
2026-01-12,P002,Milk,Dairy,37
2026-01-12,P003,Biscuits,Packaged Foods,31
2026-01-12,P004,Cooking Oil,Cooking Essentials,21
2026-01-12,P005,Bread,Bakery,21
2026-01-12,P006,Soft Drinks,Beverages,25
2026-01-12,P007,Sweets,Confectionery,19
2026-01-12,P008,Snacks,Packaged Foods,25
2026-01-13,P001,Rice,Staples,49
2026-01-13,P002,Milk,Dairy,30
2026-01-13,P003,Biscuits,Packaged Foods,32
2026-01-13,P004,Cooking Oil,Cooking Essentials,19
2026-01-13,P005,Bread,Bakery,27
2026-01-13,P006,Soft Drinks,Beverages,35
2026-01-13,P007,Sweets,Confectionery,15
2026-01-13,P008,Snacks,Packaged Foods,34
2026-01-14,P001,Rice,Staples,38
2026-01-14,P002,Milk,Dairy,36
2026-01-14,P003,Biscuits,Packaged Foods,30
2026-01-14,P004,Cooking Oil,Cooking Essentials,20
2026-01-14,P005,Bread,Bakery,23
2026-01-14,P006,Soft Drinks,Beverages,30
2026-01-14,P007,Sweets,Confectionery,16
2026-01-14,P008,Snacks,Packaged Foods,35
2026-01-15,P001,Rice,Staples,44
2026-01-15,P002,Milk,Dairy,31
2026-01-15,P003,Biscuits,Packaged Foods,34
2026-01-15,P004,Cooking Oil,Cooking Essentials,20
2026-01-15,P005,Bread,Bakery,29
2026-01-15,P006,Soft Drinks,Beverages,31
2026-01-15,P007,Sweets,Confectionery,17
2026-01-15,P008,Snacks,Packaged Foods,32
2026-01-16,P001,Rice,Staples,45
2026-01-16,P002,Milk,Dairy,39
2026-01-16,P003,Biscuits,Packaged Foods,31
2026-01-16,P004,Cooking Oil,Cooking Essentials,20
2026-01-16,P005,Bread,Bakery,25
2026-01-16,P006,Soft Drinks,Beverages,28
2026-01-16,P007,Sweets,Confectionery,20
2026-01-16,P008,Snacks,Packaged Foods,32
2026-01-17,P001,Rice,Staples,48
2026-01-17,P002,Milk,Dairy,35
2026-01-17,P003,Biscuits,Packaged Foods,35
2026-01-17,P004,Cooking Oil,Cooking Essentials,19
2026-01-17,P005,Bread,Bakery,27
2026-01-17,P006,Soft Drinks,Beverages,40
2026-01-17,P007,Sweets,Confectionery,22
2026-01-17,P008,Snacks,Packaged Foods,42
2026-01-18,P001,Rice,Staples,41
2026-01-18,P002,Milk,Dairy,38
2026-01-18,P003,Biscuits,Packaged Foods,36
2026-01-18,P004,Cooking Oil,Cooking Essentials,21
2026-01-18,P005,Bread,Bakery,29
2026-01-18,P006,Soft Drinks,Beverages,35
2026-01-18,P007,Sweets,Confectionery,19
2026-01-18,P008,Snacks,Packaged Foods,42
2026-01-19,P001,Rice,Staples,46
2026-01-19,P002,Milk,Dairy,34
2026-01-19,P003,Biscuits,Packaged Foods,28
2026-01-19,P004,Cooking Oil,Cooking Essentials,18
2026-01-19,P005,Bread,Bakery,25
2026-01-19,P006,Soft Drinks,Beverages,32
2026-01-19,P007,Sweets,Confectionery,18
2026-01-19,P008,Snacks,Packaged Foods,28
2026-01-20,P001,Rice,Staples,46
2026-01-20,P002,Milk,Dairy,35
2026-01-20,P003,Biscuits,Packaged Foods,32
2026-01-20,P004,Cooking Oil,Cooking Essentials,21
2026-01-20,P005,Bread,Bakery,19
2026-01-20,P006,Soft Drinks,Beverages,29
2026-01-20,P007,Sweets,Confectionery,17
2026-01-20,P008,Snacks,Packaged Foods,28
2026-01-21,P001,Rice,Staples,44
2026-01-21,P002,Milk,Dairy,36
2026-01-21,P003,Biscuits,Packaged Foods,26
2026-01-21,P004,Cooking Oil,Cooking Essentials,21
2026-01-21,P005,Bread,Bakery,27
2026-01-21,P006,Soft Drinks,Beverages,28
2026-01-21,P007,Sweets,Confectionery,17
2026-01-21,P008,Snacks,Packaged Foods,29
2026-01-22,P001,Rice,Staples,49
2026-01-22,P002,Milk,Dairy,31
2026-01-22,P003,Biscuits,Packaged Foods,33
2026-01-22,P004,Cooking Oil,Cooking Essentials,20
2026-01-22,P005,Bread,Bakery,25
2026-01-22,P006,Soft Drinks,Beverages,24
2026-01-22,P007,Sweets,Confectionery,18
2026-01-22,P008,Snacks,Packaged Foods,34
2026-01-23,P001,Rice,Staples,40
2026-01-23,P002,Milk,Dairy,36
2026-01-23,P003,Biscuits,Packaged Foods,30
2026-01-23,P004,Cooking Oil,Cooking Essentials,19
2026-01-23,P005,Bread,Bakery,27
2026-01-23,P006,Soft Drinks,Beverages,23
2026-01-23,P007,Sweets,Confectionery,18
2026-01-23,P008,Snacks,Packaged Foods,36
2026-01-24,P001,Rice,Staples,55
2026-01-24,P002,Milk,Dairy,38
2026-01-24,P003,Biscuits,Packaged Foods,35
2026-01-24,P004,Cooking Oil,Cooking Essentials,21
2026-01-24,P005,Bread,Bakery,28
2026-01-24,P006,Soft Drinks,Beverages,38
2026-01-24,P007,Sweets,Confectionery,21
2026-01-24,P008,Snacks,Packaged Foods,42
2026-01-25,P001,Rice,Staples,57
2026-01-25,P002,Milk,Dairy,37
2026-01-25,P003,Biscuits,Packaged Foods,33
2026-01-25,P004,Cooking Oil,Cooking Essentials,19
2026-01-25,P005,Bread,Bakery,30
2026-01-25,P006,Soft Drinks,Beverages,36
2026-01-25,P007,Sweets,Confectionery,24
2026-01-25,P008,Snacks,Packaged Foods,39
2026-01-26,P001,Rice,Staples,55
2026-01-26,P002,Milk,Dairy,40
2026-01-26,P003,Biscuits,Packaged Foods,33
2026-01-26,P004,Cooking Oil,Cooking Essentials,22
2026-01-26,P005,Bread,Bakery,26
2026-01-26,P006,Soft Drinks,Beverages,37
2026-01-26,P007,Sweets,Confectionery,21
2026-01-26,P008,Snacks,Packaged Foods,38
2026-01-27,P001,Rice,Staples,43
2026-01-27,P002,Milk,Dairy,32
2026-01-27,P003,Biscuits,Packaged Foods,29
2026-01-27,P004,Cooking Oil,Cooking Essentials,22
2026-01-27,P005,Bread,Bakery,24
2026-01-27,P006,Soft Drinks,Beverages,26
2026-01-27,P007,Sweets,Confectionery,18
2026-01-27,P008,Snacks,Packaged Foods,33
2026-01-28,P001,Rice,Staples,51
2026-01-28,P002,Milk,Dairy,36
2026-01-28,P003,Biscuits,Packaged Foods,32
2026-01-28,P004,Cooking Oil,Cooking Essentials,21
2026-01-28,P005,Bread,Bakery,23
2026-01-28,P006,Soft Drinks,Beverages,26
2026-01-28,P007,Sweets,Confectionery,16
2026-01-28,P008,Snacks,Packaged Foods,29
2026-01-29,P001,Rice,Staples,48
2026-01-29,P002,Milk,Dairy,36
2026-01-29,P003,Biscuits,Packaged Foods,30
2026-01-29,P004,Cooking Oil,Cooking Essentials,16
2026-01-29,P005,Bread,Bakery,29
2026-01-29,P006,Soft Drinks,Beverages,26
2026-01-29,P007,Sweets,Confectionery,21
2026-01-29,P008,Snacks,Packaged Foods,28
2026-01-30,P001,Rice,Staples,42
2026-01-30,P002,Milk,Dairy,29
2026-01-30,P003,Biscuits,Packaged Foods,31
2026-01-30,P004,Cooking Oil,Cooking Essentials,18
2026-01-30,P005,Bread,Bakery,23
2026-01-30,P006,Soft Drinks,Beverages,25
2026-01-30,P007,Sweets,Confectionery,19
2026-01-30,P008,Snacks,Packaged Foods,34
2026-01-31,P001,Rice,Staples,56
2026-01-31,P002,Milk,Dairy,35
2026-01-31,P003,Biscuits,Packaged Foods,37
2026-01-31,P004,Cooking Oil,Cooking Essentials,20
2026-01-31,P005,Bread,Bakery,28
2026-01-31,P006,Soft Drinks,Beverages,35
2026-01-31,P007,Sweets,Confectionery,23
2026-01-31,P008,Snacks,Packaged Foods,43
2026-02-01,P001,Rice,Staples,53
2026-02-01,P002,Milk,Dairy,34
2026-02-01,P003,Biscuits,Packaged Foods,38
2026-02-01,P004,Cooking Oil,Cooking Essentials,22
2026-02-01,P005,Bread,Bakery,28
2026-02-01,P006,Soft Drinks,Beverages,35
2026-02-01,P007,Sweets,Confectionery,22
2026-02-01,P008,Snacks,Packaged Foods,44
2026-02-02,P001,Rice,Staples,46
2026-02-02,P002,Milk,Dairy,35
2026-02-02,P003,Biscuits,Packaged Foods,29
2026-02-02,P004,Cooking Oil,Cooking Essentials,24
2026-02-02,P005,Bread,Bakery,28
2026-02-02,P006,Soft Drinks,Beverages,26
2026-02-02,P007,Sweets,Confectionery,18
2026-02-02,P008,Snacks,Packaged Foods,31
2026-02-03,P001,Rice,Staples,46
2026-02-03,P002,Milk,Dairy,33
2026-02-03,P003,Biscuits,Packaged Foods,31
2026-02-03,P004,Cooking Oil,Cooking Essentials,22
2026-02-03,P005,Bread,Bakery,22
2026-02-03,P006,Soft Drinks,Beverages,25
2026-02-03,P007,Sweets,Confectionery,17
2026-02-03,P008,Snacks,Packaged Foods,31
2026-02-04,P001,Rice,Staples,52
2026-02-04,P002,Milk,Dairy,38
2026-02-04,P003,Biscuits,Packaged Foods,32
2026-02-04,P004,Cooking Oil,Cooking Essentials,20
2026-02-04,P005,Bread,Bakery,24
2026-02-04,P006,Soft Drinks,Beverages,25
2026-02-04,P007,Sweets,Confectionery,19
2026-02-04,P008,Snacks,Packaged Foods,33
2026-02-05,P001,Rice,Staples,50
2026-02-05,P002,Milk,Dairy,34
2026-02-05,P003,Biscuits,Packaged Foods,30
2026-02-05,P004,Cooking Oil,Cooking Essentials,20
2026-02-05,P005,Bread,Bakery,27
2026-02-05,P006,Soft Drinks,Beverages,25
2026-02-05,P007,Sweets,Confectionery,19
2026-02-05,P008,Snacks,Packaged Foods,32
2026-02-06,P001,Rice,Staples,41
2026-02-06,P002,Milk,Dairy,29
2026-02-06,P003,Biscuits,Packaged Foods,30
2026-02-06,P004,Cooking Oil,Cooking Essentials,22
2026-02-06,P005,Bread,Bakery,28
2026-02-06,P006,Soft Drinks,Beverages,29
2026-02-06,P007,Sweets,Confectionery,21
2026-02-06,P008,Snacks,Packaged Foods,32
2026-02-07,P001,Rice,Staples,53
2026-02-07,P002,Milk,Dairy,35
2026-02-07,P003,Biscuits,Packaged Foods,35
2026-02-07,P004,Cooking Oil,Cooking Essentials,21
2026-02-07,P005,Bread,Bakery,25
2026-02-07,P006,Soft Drinks,Beverages,39
2026-02-07,P007,Sweets,Confectionery,22
2026-02-07,P008,Snacks,Packaged Foods,38
2026-02-08,P001,Rice,Staples,45
2026-02-08,P002,Milk,Dairy,36
2026-02-08,P003,Biscuits,Packaged Foods,40
2026-02-08,P004,Cooking Oil,Cooking Essentials,25
2026-02-08,P005,Bread,Bakery,25
2026-02-08,P006,Soft Drinks,Beverages,36
2026-02-08,P007,Sweets,Confectionery,21
2026-02-08,P008,Snacks,Packaged Foods,43
2026-02-09,P001,Rice,Staples,46
2026-02-09,P002,Milk,Dairy,33
2026-02-09,P003,Biscuits,Packaged Foods,30
2026-02-09,P004,Cooking Oil,Cooking Essentials,19
2026-02-09,P005,Bread,Bakery,28
2026-02-09,P006,Soft Drinks,Beverages,29
2026-02-09,P007,Sweets,Confectionery,19
2026-02-09,P008,Snacks,Packaged Foods,25
2026-02-10,P001,Rice,Staples,45
2026-02-10,P002,Milk,Dairy,41
2026-02-10,P003,Biscuits,Packaged Foods,33
2026-02-10,P004,Cooking Oil,Cooking Essentials,17
2026-02-10,P005,Bread,Bakery,24
2026-02-10,P006,Soft Drinks,Beverages,25
2026-02-10,P007,Sweets,Confectionery,20
2026-02-10,P008,Snacks,Packaged Foods,33
2026-02-11,P001,Rice,Staples,42
2026-02-11,P002,Milk,Dairy,35
2026-02-11,P003,Biscuits,Packaged Foods,24
2026-02-11,P004,Cooking Oil,Cooking Essentials,18
2026-02-11,P005,Bread,Bakery,25
2026-02-11,P006,Soft Drinks,Beverages,30
2026-02-11,P007,Sweets,Confectionery,15
2026-02-11,P008,Snacks,Packaged Foods,31
2026-02-12,P001,Rice,Staples,49
2026-02-12,P002,Milk,Dairy,31
2026-02-12,P003,Biscuits,Packaged Foods,31
2026-02-12,P004,Cooking Oil,Cooking Essentials,20
2026-02-12,P005,Bread,Bakery,28
2026-02-12,P006,Soft Drinks,Beverages,27
2026-02-12,P007,Sweets,Confectionery,18
2026-02-12,P008,Snacks,Packaged Foods,34
2026-02-13,P001,Rice,Staples,40
2026-02-13,P002,Milk,Dairy,34
2026-02-13,P003,Biscuits,Packaged Foods,29
2026-02-13,P004,Cooking Oil,Cooking Essentials,20
2026-02-13,P005,Bread,Bakery,27
2026-02-13,P006,Soft Drinks,Beverages,29
2026-02-13,P007,Sweets,Confectionery,17
2026-02-13,P008,Snacks,Packaged Foods,32
2026-02-14,P001,Rice,Staples,55
2026-02-14,P002,Milk,Dairy,34
2026-02-14,P003,Biscuits,Packaged Foods,36
2026-02-14,P004,Cooking Oil,Cooking Essentials,21
2026-02-14,P005,Bread,Bakery,29
2026-02-14,P006,Soft Drinks,Beverages,33
2026-02-14,P007,Sweets,Confectionery,25
2026-02-14,P008,Snacks,Packaged Foods,38
2026-02-15,P001,Rice,Staples,53
2026-02-15,P002,Milk,Dairy,35
2026-02-15,P003,Biscuits,Packaged Foods,34
2026-02-15,P004,Cooking Oil,Cooking Essentials,24
2026-02-15,P005,Bread,Bakery,31
2026-02-15,P006,Soft Drinks,Beverages,37
2026-02-15,P007,Sweets,Confectionery,24
2026-02-15,P008,Snacks,Packaged Foods,39
2026-02-16,P001,Rice,Staples,45
2026-02-16,P002,Milk,Dairy,33
2026-02-16,P003,Biscuits,Packaged Foods,32
2026-02-16,P004,Cooking Oil,Cooking Essentials,19
2026-02-16,P005,Bread,Bakery,28
2026-02-16,P006,Soft Drinks,Beverages,27
2026-02-16,P007,Sweets,Confectionery,18
2026-02-16,P008,Snacks,Packaged Foods,34
2026-02-17,P001,Rice,Staples,45
2026-02-17,P002,Milk,Dairy,34
2026-02-17,P003,Biscuits,Packaged Foods,30
2026-02-17,P004,Cooking Oil,Cooking Essentials,21
2026-02-17,P005,Bread,Bakery,24
2026-02-17,P006,Soft Drinks,Beverages,28
2026-02-17,P007,Sweets,Confectionery,18
2026-02-17,P008,Snacks,Packaged Foods,34
2026-02-18,P001,Rice,Staples,45
2026-02-18,P002,Milk,Dairy,40
2026-02-18,P003,Biscuits,Packaged Foods,30
2026-02-18,P004,Cooking Oil,Cooking Essentials,20
2026-02-18,P005,Bread,Bakery,25
2026-02-18,P006,Soft Drinks,Beverages,25
2026-02-18,P007,Sweets,Confectionery,17
2026-02-18,P008,Snacks,Packaged Foods,31
2026-02-19,P001,Rice,Staples,49
2026-02-19,P002,Milk,Dairy,35
2026-02-19,P003,Biscuits,Packaged Foods,29
2026-02-19,P004,Cooking Oil,Cooking Essentials,22
2026-02-19,P005,Bread,Bakery,28
2026-02-19,P006,Soft Drinks,Beverages,31
2026-02-19,P007,Sweets,Confectionery,17
2026-02-19,P008,Snacks,Packaged Foods,31
2026-02-20,P001,Rice,Staples,52
2026-02-20,P002,Milk,Dairy,36
2026-02-20,P003,Biscuits,Packaged Foods,29
2026-02-20,P004,Cooking Oil,Cooking Essentials,21
2026-02-20,P005,Bread,Bakery,27
2026-02-20,P006,Soft Drinks,Beverages,27
2026-02-20,P007,Sweets,Confectionery,18
2026-02-20,P008,Snacks,Packaged Foods,34
2026-02-21,P001,Rice,Staples,45
2026-02-21,P002,Milk,Dairy,37
2026-02-21,P003,Biscuits,Packaged Foods,33
2026-02-21,P004,Cooking Oil,Cooking Essentials,20
2026-02-21,P005,Bread,Bakery,28
2026-02-21,P006,Soft Drinks,Beverages,37
2026-02-21,P007,Sweets,Confectionery,22
2026-02-21,P008,Snacks,Packaged Foods,38
2026-02-22,P001,Rice,Staples,50
2026-02-22,P002,Milk,Dairy,34
2026-02-22,P003,Biscuits,Packaged Foods,37
2026-02-22,P004,Cooking Oil,Cooking Essentials,23
2026-02-22,P005,Bread,Bakery,29
2026-02-22,P006,Soft Drinks,Beverages,36
2026-02-22,P007,Sweets,Confectionery,23
2026-02-22,P008,Snacks,Packaged Foods,35
2026-02-23,P001,Rice,Staples,47
2026-02-23,P002,Milk,Dairy,44
2026-02-23,P003,Biscuits,Packaged Foods,30
2026-02-23,P004,Cooking Oil,Cooking Essentials,20
2026-02-23,P005,Bread,Bakery,26
2026-02-23,P006,Soft Drinks,Beverages,32
2026-02-23,P007,Sweets,Confectionery,19
2026-02-23,P008,Snacks,Packaged Foods,26
2026-02-24,P001,Rice,Staples,47
2026-02-24,P002,Milk,Dairy,42
2026-02-24,P003,Biscuits,Packaged Foods,31
2026-02-24,P004,Cooking Oil,Cooking Essentials,18
2026-02-24,P005,Bread,Bakery,26
2026-02-24,P006,Soft Drinks,Beverages,25
2026-02-24,P007,Sweets,Confectionery,20
2026-02-24,P008,Snacks,Packaged Foods,30
2026-02-25,P001,Rice,Staples,45
2026-02-25,P002,Milk,Dairy,33
2026-02-25,P003,Biscuits,Packaged Foods,29
2026-02-25,P004,Cooking Oil,Cooking Essentials,22
2026-02-25,P005,Bread,Bakery,25
2026-02-25,P006,Soft Drinks,Beverages,27
2026-02-25,P007,Sweets,Confectionery,16
2026-02-25,P008,Snacks,Packaged Foods,27
2026-02-26,P001,Rice,Staples,40
2026-02-26,P002,Milk,Dairy,35
2026-02-26,P003,Biscuits,Packaged Foods,32
2026-02-26,P004,Cooking Oil,Cooking Essentials,19
2026-02-26,P005,Bread,Bakery,28
2026-02-26,P006,Soft Drinks,Beverages,26
2026-02-26,P007,Sweets,Confectionery,18
2026-02-26,P008,Snacks,Packaged Foods,29
2026-02-27,P001,Rice,Staples,49
2026-02-27,P002,Milk,Dairy,41
2026-02-27,P003,Biscuits,Packaged Foods,26
2026-02-27,P004,Cooking Oil,Cooking Essentials,19
2026-02-27,P005,Bread,Bakery,28
2026-02-27,P006,Soft Drinks,Beverages,25
2026-02-27,P007,Sweets,Confectionery,19
2026-02-27,P008,Snacks,Packaged Foods,35
2026-02-28,P001,Rice,Staples,51
2026-02-28,P002,Milk,Dairy,39
2026-02-28,P003,Biscuits,Packaged Foods,41
2026-02-28,P004,Cooking Oil,Cooking Essentials,25
2026-02-28,P005,Bread,Bakery,29
2026-02-28,P006,Soft Drinks,Beverages,37
2026-02-28,P007,Sweets,Confectionery,22
2026-02-28,P008,Snacks,Packaged Foods,45
2026-03-01,P001,Rice,Staples,47
2026-03-01,P002,Milk,Dairy,38
2026-03-01,P003,Biscuits,Packaged Foods,38
2026-03-01,P004,Cooking Oil,Cooking Essentials,22
2026-03-01,P005,Bread,Bakery,30
2026-03-01,P006,Soft Drinks,Beverages,46
2026-03-01,P007,Sweets,Confectionery,25
2026-03-01,P008,Snacks,Packaged Foods,43
2026-03-02,P001,Rice,Staples,51
2026-03-02,P002,Milk,Dairy,38
2026-03-02,P003,Biscuits,Packaged Foods,35
2026-03-02,P004,Cooking Oil,Cooking Essentials,21
2026-03-02,P005,Bread,Bakery,26
2026-03-02,P006,Soft Drinks,Beverages,28
2026-03-02,P007,Sweets,Confectionery,18
2026-03-02,P008,Snacks,Packaged Foods,32
2026-03-03,P001,Rice,Staples,50
2026-03-03,P002,Milk,Dairy,34
2026-03-03,P003,Biscuits,Packaged Foods,35
2026-03-03,P004,Cooking Oil,Cooking Essentials,22
2026-03-03,P005,Bread,Bakery,27
2026-03-03,P006,Soft Drinks,Beverages,32
2026-03-03,P007,Sweets,Confectionery,22
2026-03-03,P008,Snacks,Packaged Foods,36
2026-03-04,P001,Rice,Staples,57
2026-03-04,P002,Milk,Dairy,51
2026-03-04,P003,Biscuits,Packaged Foods,41
2026-03-04,P004,Cooking Oil,Cooking Essentials,27
2026-03-04,P005,Bread,Bakery,35
2026-03-04,P006,Soft Drinks,Beverages,43
2026-03-04,P007,Sweets,Confectionery,28
2026-03-04,P008,Snacks,Packaged Foods,48
2026-03-05,P001,Rice,Staples,52
2026-03-05,P002,Milk,Dairy,33
2026-03-05,P003,Biscuits,Packaged Foods,34
2026-03-05,P004,Cooking Oil,Cooking Essentials,20
2026-03-05,P005,Bread,Bakery,27
2026-03-05,P006,Soft Drinks,Beverages,30
2026-03-05,P007,Sweets,Confectionery,20
2026-03-05,P008,Snacks,Packaged Foods,30
2026-03-06,P001,Rice,Staples,49
2026-03-06,P002,Milk,Dairy,40
2026-03-06,P003,Biscuits,Packaged Foods,29
2026-03-06,P004,Cooking Oil,Cooking Essentials,20
2026-03-06,P005,Bread,Bakery,24
2026-03-06,P006,Soft Drinks,Beverages,27
2026-03-06,P007,Sweets,Confectionery,20
2026-03-06,P008,Snacks,Packaged Foods,29
2026-03-07,P001,Rice,Staples,46
2026-03-07,P002,Milk,Dairy,41
2026-03-07,P003,Biscuits,Packaged Foods,37
2026-03-07,P004,Cooking Oil,Cooking Essentials,25
2026-03-07,P005,Bread,Bakery,28
2026-03-07,P006,Soft Drinks,Beverages,37
2026-03-07,P007,Sweets,Confectionery,22
2026-03-07,P008,Snacks,Packaged Foods,40
2026-03-08,P001,Rice,Staples,43
2026-03-08,P002,Milk,Dairy,39
2026-03-08,P003,Biscuits,Packaged Foods,37
2026-03-08,P004,Cooking Oil,Cooking Essentials,22
2026-03-08,P005,Bread,Bakery,28
2026-03-08,P006,Soft Drinks,Beverages,34
2026-03-08,P007,Sweets,Confectionery,24
2026-03-08,P008,Snacks,Packaged Foods,37
2026-03-09,P001,Rice,Staples,47
2026-03-09,P002,Milk,Dairy,41
2026-03-09,P003,Biscuits,Packaged Foods,34
2026-03-09,P004,Cooking Oil,Cooking Essentials,18
2026-03-09,P005,Bread,Bakery,24
2026-03-09,P006,Soft Drinks,Beverages,29
2026-03-09,P007,Sweets,Confectionery,18
2026-03-09,P008,Snacks,Packaged Foods,28
2026-03-10,P001,Rice,Staples,46
2026-03-10,P002,Milk,Dairy,35
2026-03-10,P003,Biscuits,Packaged Foods,35
2026-03-10,P004,Cooking Oil,Cooking Essentials,20
2026-03-10,P005,Bread,Bakery,27
2026-03-10,P006,Soft Drinks,Beverages,25
2026-03-10,P007,Sweets,Confectionery,17
2026-03-10,P008,Snacks,Packaged Foods,34
2026-03-11,P001,Rice,Staples,49
2026-03-11,P002,Milk,Dairy,32
2026-03-11,P003,Biscuits,Packaged Foods,30
2026-03-11,P004,Cooking Oil,Cooking Essentials,18
2026-03-11,P005,Bread,Bakery,25
2026-03-11,P006,Soft Drinks,Beverages,30
2026-03-11,P007,Sweets,Confectionery,17
2026-03-11,P008,Snacks,Packaged Foods,31
2026-03-12,P001,Rice,Staples,41
2026-03-12,P002,Milk,Dairy,33
2026-03-12,P003,Biscuits,Packaged Foods,34
2026-03-12,P004,Cooking Oil,Cooking Essentials,20
2026-03-12,P005,Bread,Bakery,23
2026-03-12,P006,Soft Drinks,Beverages,27
2026-03-12,P007,Sweets,Confectionery,16
2026-03-12,P008,Snacks,Packaged Foods,29
2026-03-13,P001,Rice,Staples,50
2026-03-13,P002,Milk,Dairy,35
2026-03-13,P003,Biscuits,Packaged Foods,35
2026-03-13,P004,Cooking Oil,Cooking Essentials,20
2026-03-13,P005,Bread,Bakery,25
2026-03-13,P006,Soft Drinks,Beverages,29
2026-03-13,P007,Sweets,Confectionery,14
2026-03-13,P008,Snacks,Packaged Foods,33
2026-03-14,P001,Rice,Staples,49
2026-03-14,P002,Milk,Dairy,41
2026-03-14,P003,Biscuits,Packaged Foods,38
2026-03-14,P004,Cooking Oil,Cooking Essentials,20
2026-03-14,P005,Bread,Bakery,31
2026-03-14,P006,Soft Drinks,Beverages,36
2026-03-14,P007,Sweets,Confectionery,21
2026-03-14,P008,Snacks,Packaged Foods,41
2026-03-15,P001,Rice,Staples,49
2026-03-15,P002,Milk,Dairy,41
2026-03-15,P003,Biscuits,Packaged Foods,37
2026-03-15,P004,Cooking Oil,Cooking Essentials,22
2026-03-15,P005,Bread,Bakery,31
2026-03-15,P006,Soft Drinks,Beverages,39
2026-03-15,P007,Sweets,Confectionery,24
2026-03-15,P008,Snacks,Packaged Foods,44
2026-03-16,P001,Rice,Staples,47
2026-03-16,P002,Milk,Dairy,35
2026-03-16,P003,Biscuits,Packaged Foods,33
2026-03-16,P004,Cooking Oil,Cooking Essentials,20
2026-03-16,P005,Bread,Bakery,25
2026-03-16,P006,Soft Drinks,Beverages,32
2026-03-16,P007,Sweets,Confectionery,20
2026-03-16,P008,Snacks,Packaged Foods,32
2026-03-17,P001,Rice,Staples,43
2026-03-17,P002,Milk,Dairy,39
2026-03-17,P003,Biscuits,Packaged Foods,32
2026-03-17,P004,Cooking Oil,Cooking Essentials,21
2026-03-17,P005,Bread,Bakery,24
2026-03-17,P006,Soft Drinks,Beverages,29
2026-03-17,P007,Sweets,Confectionery,18
2026-03-17,P008,Snacks,Packaged Foods,30
2026-03-18,P001,Rice,Staples,45
2026-03-18,P002,Milk,Dairy,36
2026-03-18,P003,Biscuits,Packaged Foods,29
2026-03-18,P004,Cooking Oil,Cooking Essentials,21
2026-03-18,P005,Bread,Bakery,28
2026-03-18,P006,Soft Drinks,Beverages,30
2026-03-18,P007,Sweets,Confectionery,18
2026-03-18,P008,Snacks,Packaged Foods,34
2026-03-19,P001,Rice,Staples,45
2026-03-19,P002,Milk,Dairy,32
2026-03-19,P003,Biscuits,Packaged Foods,32
2026-03-19,P004,Cooking Oil,Cooking Essentials,20
2026-03-19,P005,Bread,Bakery,30
2026-03-19,P006,Soft Drinks,Beverages,31
2026-03-19,P007,Sweets,Confectionery,19
2026-03-19,P008,Snacks,Packaged Foods,33
2026-03-20,P001,Rice,Staples,46
2026-03-20,P002,Milk,Dairy,32
2026-03-20,P003,Biscuits,Packaged Foods,26
2026-03-20,P004,Cooking Oil,Cooking Essentials,19
2026-03-20,P005,Bread,Bakery,25
2026-03-20,P006,Soft Drinks,Beverages,23
2026-03-20,P007,Sweets,Confectionery,17
2026-03-20,P008,Snacks,Packaged Foods,31
2026-03-21,P001,Rice,Staples,49
2026-03-21,P002,Milk,Dairy,35
2026-03-21,P003,Biscuits,Packaged Foods,35
2026-03-21,P004,Cooking Oil,Cooking Essentials,24
2026-03-21,P005,Bread,Bakery,30
2026-03-21,P006,Soft Drinks,Beverages,35
2026-03-21,P007,Sweets,Confectionery,22
2026-03-21,P008,Snacks,Packaged Foods,40
2026-03-22,P001,Rice,Staples,47
2026-03-22,P002,Milk,Dairy,35
2026-03-22,P003,Biscuits,Packaged Foods,38
2026-03-22,P004,Cooking Oil,Cooking Essentials,21
2026-03-22,P005,Bread,Bakery,27
2026-03-22,P006,Soft Drinks,Beverages,36
2026-03-22,P007,Sweets,Confectionery,23
2026-03-22,P008,Snacks,Packaged Foods,35
2026-03-23,P001,Rice,Staples,45
2026-03-23,P002,Milk,Dairy,37
2026-03-23,P003,Biscuits,Packaged Foods,31
2026-03-23,P004,Cooking Oil,Cooking Essentials,24
2026-03-23,P005,Bread,Bakery,28
2026-03-23,P006,Soft Drinks,Beverages,31
2026-03-23,P007,Sweets,Confectionery,22
2026-03-23,P008,Snacks,Packaged Foods,34
2026-03-24,P001,Rice,Staples,46
2026-03-24,P002,Milk,Dairy,38
2026-03-24,P003,Biscuits,Packaged Foods,29
2026-03-24,P004,Cooking Oil,Cooking Essentials,20
2026-03-24,P005,Bread,Bakery,24
2026-03-24,P006,Soft Drinks,Beverages,29
2026-03-24,P007,Sweets,Confectionery,17
2026-03-24,P008,Snacks,Packaged Foods,30
2026-03-25,P001,Rice,Staples,46
2026-03-25,P002,Milk,Dairy,35
2026-03-25,P003,Biscuits,Packaged Foods,25
2026-03-25,P004,Cooking Oil,Cooking Essentials,18
2026-03-25,P005,Bread,Bakery,23
2026-03-25,P006,Soft Drinks,Beverages,26
2026-03-25,P007,Sweets,Confectionery,19
2026-03-25,P008,Snacks,Packaged Foods,33
2026-03-26,P001,Rice,Staples,49
2026-03-26,P002,Milk,Dairy,37
2026-03-26,P003,Biscuits,Packaged Foods,33
2026-03-26,P004,Cooking Oil,Cooking Essentials,21
2026-03-26,P005,Bread,Bakery,25
2026-03-26,P006,Soft Drinks,Beverages,30
2026-03-26,P007,Sweets,Confectionery,19
2026-03-26,P008,Snacks,Packaged Foods,33
2026-03-27,P001,Rice,Staples,50
2026-03-27,P002,Milk,Dairy,28
2026-03-27,P003,Biscuits,Packaged Foods,29
2026-03-27,P004,Cooking Oil,Cooking Essentials,20
2026-03-27,P005,Bread,Bakery,27
2026-03-27,P006,Soft Drinks,Beverages,32
2026-03-27,P007,Sweets,Confectionery,16
2026-03-27,P008,Snacks,Packaged Foods,36
2026-03-28,P001,Rice,Staples,45
2026-03-28,P002,Milk,Dairy,34
2026-03-28,P003,Biscuits,Packaged Foods,35
2026-03-28,P004,Cooking Oil,Cooking Essentials,21
2026-03-28,P005,Bread,Bakery,26
2026-03-28,P006,Soft Drinks,Beverages,38
2026-03-28,P007,Sweets,Confectionery,23
2026-03-28,P008,Snacks,Packaged Foods,43
2026-03-29,P001,Rice,Staples,48
2026-03-29,P002,Milk,Dairy,37
2026-03-29,P003,Biscuits,Packaged Foods,36
2026-03-29,P004,Cooking Oil,Cooking Essentials,24
2026-03-29,P005,Bread,Bakery,23
2026-03-29,P006,Soft Drinks,Beverages,34
2026-03-29,P007,Sweets,Confectionery,23
2026-03-29,P008,Snacks,Packaged Foods,37
2026-03-30,P001,Rice,Staples,44
2026-03-30,P002,Milk,Dairy,35
2026-03-30,P003,Biscuits,Packaged Foods,28
2026-03-30,P004,Cooking Oil,Cooking Essentials,20
2026-03-30,P005,Bread,Bakery,26
2026-03-30,P006,Soft Drinks,Beverages,27
2026-03-30,P007,Sweets,Confectionery,17
2026-03-30,P008,Snacks,Packaged Foods,32
2026-03-31,P001,Rice,Staples,45
2026-03-31,P002,Milk,Dairy,30
2026-03-31,P003,Biscuits,Packaged Foods,31
2026-03-31,P004,Cooking Oil,Cooking Essentials,19
2026-03-31,P005,Bread,Bakery,28
2026-03-31,P006,Soft Drinks,Beverages,29
2026-03-31,P007,Sweets,Confectionery,20
2026-03-31,P008,Snacks,Packaged Foods,29
2026-04-01,P001,Rice,Staples,44
2026-04-01,P002,Milk,Dairy,32
2026-04-01,P003,Biscuits,Packaged Foods,28
2026-04-01,P004,Cooking Oil,Cooking Essentials,22
2026-04-01,P005,Bread,Bakery,28
2026-04-01,P006,Soft Drinks,Beverages,25
2026-04-01,P007,Sweets,Confectionery,17
2026-04-01,P008,Snacks,Packaged Foods,32
2026-04-02,P001,Rice,Staples,47
2026-04-02,P002,Milk,Dairy,30
2026-04-02,P003,Biscuits,Packaged Foods,26
2026-04-02,P004,Cooking Oil,Cooking Essentials,21
2026-04-02,P005,Bread,Bakery,21
2026-04-02,P006,Soft Drinks,Beverages,27
2026-04-02,P007,Sweets,Confectionery,18
2026-04-02,P008,Snacks,Packaged Foods,33
2026-04-03,P001,Rice,Staples,44
2026-04-03,P002,Milk,Dairy,34
2026-04-03,P003,Biscuits,Packaged Foods,32
2026-04-03,P004,Cooking Oil,Cooking Essentials,20
2026-04-03,P005,Bread,Bakery,24
2026-04-03,P006,Soft Drinks,Beverages,28
2026-04-03,P007,Sweets,Confectionery,19
2026-04-03,P008,Snacks,Packaged Foods,36
2026-04-04,P001,Rice,Staples,52
2026-04-04,P002,Milk,Dairy,40
2026-04-04,P003,Biscuits,Packaged Foods,35
2026-04-04,P004,Cooking Oil,Cooking Essentials,21
2026-04-04,P005,Bread,Bakery,28
2026-04-04,P006,Soft Drinks,Beverages,36
2026-04-04,P007,Sweets,Confectionery,21
2026-04-04,P008,Snacks,Packaged Foods,43
2026-04-05,P001,Rice,Staples,53
2026-04-05,P002,Milk,Dairy,36
2026-04-05,P003,Biscuits,Packaged Foods,38
2026-04-05,P004,Cooking Oil,Cooking Essentials,22
2026-04-05,P005,Bread,Bakery,30
2026-04-05,P006,Soft Drinks,Beverages,33
2026-04-05,P007,Sweets,Confectionery,22
2026-04-05,P008,Snacks,Packaged Foods,40
2026-04-06,P001,Rice,Staples,47
2026-04-06,P002,Milk,Dairy,33
2026-04-06,P003,Biscuits,Packaged Foods,24
2026-04-06,P004,Cooking Oil,Cooking Essentials,18
2026-04-06,P005,Bread,Bakery,25
2026-04-06,P006,Soft Drinks,Beverages,28
2026-04-06,P007,Sweets,Confectionery,20
2026-04-06,P008,Snacks,Packaged Foods,33
2026-04-07,P001,Rice,Staples,45
2026-04-07,P002,Milk,Dairy,35
2026-04-07,P003,Biscuits,Packaged Foods,33
2026-04-07,P004,Cooking Oil,Cooking Essentials,19
2026-04-07,P005,Bread,Bakery,25
2026-04-07,P006,Soft Drinks,Beverages,26
2026-04-07,P007,Sweets,Confectionery,20
2026-04-07,P008,Snacks,Packaged Foods,33
2026-04-08,P001,Rice,Staples,42
2026-04-08,P002,Milk,Dairy,35
2026-04-08,P003,Biscuits,Packaged Foods,31
2026-04-08,P004,Cooking Oil,Cooking Essentials,20
2026-04-08,P005,Bread,Bakery,24
2026-04-08,P006,Soft Drinks,Beverages,27
2026-04-08,P007,Sweets,Confectionery,18
2026-04-08,P008,Snacks,Packaged Foods,31
2026-04-09,P001,Rice,Staples,43
2026-04-09,P002,Milk,Dairy,31
2026-04-09,P003,Biscuits,Packaged Foods,30
2026-04-09,P004,Cooking Oil,Cooking Essentials,20
2026-04-09,P005,Bread,Bakery,24
2026-04-09,P006,Soft Drinks,Beverages,28
2026-04-09,P007,Sweets,Confectionery,19
2026-04-09,P008,Snacks,Packaged Foods,34
2026-04-10,P001,Rice,Staples,47
2026-04-10,P002,Milk,Dairy,34
2026-04-10,P003,Biscuits,Packaged Foods,29
2026-04-10,P004,Cooking Oil,Cooking Essentials,18
2026-04-10,P005,Bread,Bakery,24
2026-04-10,P006,Soft Drinks,Beverages,28
2026-04-10,P007,Sweets,Confectionery,17
2026-04-10,P008,Snacks,Packaged Foods,32
2026-04-11,P001,Rice,Staples,46
2026-04-11,P002,Milk,Dairy,32
2026-04-11,P003,Biscuits,Packaged Foods,38
2026-04-11,P004,Cooking Oil,Cooking Essentials,21
2026-04-11,P005,Bread,Bakery,27
2026-04-11,P006,Soft Drinks,Beverages,34
2026-04-11,P007,Sweets,Confectionery,23
2026-04-11,P008,Snacks,Packaged Foods,44
2026-04-12,P001,Rice,Staples,48
2026-04-12,P002,Milk,Dairy,36
2026-04-12,P003,Biscuits,Packaged Foods,39
2026-04-12,P004,Cooking Oil,Cooking Essentials,19
2026-04-12,P005,Bread,Bakery,33
2026-04-12,P006,Soft Drinks,Beverages,42
2026-04-12,P007,Sweets,Confectionery,19
2026-04-12,P008,Snacks,Packaged Foods,40
2026-04-13,P001,Rice,Staples,42
2026-04-13,P002,Milk,Dairy,34
2026-04-13,P003,Biscuits,Packaged Foods,29
2026-04-13,P004,Cooking Oil,Cooking Essentials,21
2026-04-13,P005,Bread,Bakery,25
2026-04-13,P006,Soft Drinks,Beverages,26
2026-04-13,P007,Sweets,Confectionery,18
2026-04-13,P008,Snacks,Packaged Foods,33
2026-04-14,P001,Rice,Staples,41
2026-04-14,P002,Milk,Dairy,30
2026-04-14,P003,Biscuits,Packaged Foods,35
2026-04-14,P004,Cooking Oil,Cooking Essentials,19
2026-04-14,P005,Bread,Bakery,25
2026-04-14,P006,Soft Drinks,Beverages,27
2026-04-14,P007,Sweets,Confectionery,19
2026-04-14,P008,Snacks,Packaged Foods,37
2026-04-15,P001,Rice,Staples,47
2026-04-15,P002,Milk,Dairy,31
2026-04-15,P003,Biscuits,Packaged Foods,27
2026-04-15,P004,Cooking Oil,Cooking Essentials,19
2026-04-15,P005,Bread,Bakery,24
2026-04-15,P006,Soft Drinks,Beverages,24
2026-04-15,P007,Sweets,Confectionery,19
2026-04-15,P008,Snacks,Packaged Foods,29
2026-04-16,P001,Rice,Staples,50
2026-04-16,P002,Milk,Dairy,40
2026-04-16,P003,Biscuits,Packaged Foods,29
2026-04-16,P004,Cooking Oil,Cooking Essentials,21
2026-04-16,P005,Bread,Bakery,23
2026-04-16,P006,Soft Drinks,Beverages,29
2026-04-16,P007,Sweets,Confectionery,17
2026-04-16,P008,Snacks,Packaged Foods,29
2026-04-17,P001,Rice,Staples,44
2026-04-17,P002,Milk,Dairy,34
2026-04-17,P003,Biscuits,Packaged Foods,29
2026-04-17,P004,Cooking Oil,Cooking Essentials,22
2026-04-17,P005,Bread,Bakery,23
2026-04-17,P006,Soft Drinks,Beverages,32
2026-04-17,P007,Sweets,Confectionery,16
2026-04-17,P008,Snacks,Packaged Foods,36
2026-04-18,P001,Rice,Staples,46
2026-04-18,P002,Milk,Dairy,37
2026-04-18,P003,Biscuits,Packaged Foods,35
2026-04-18,P004,Cooking Oil,Cooking Essentials,21
2026-04-18,P005,Bread,Bakery,30
2026-04-18,P006,Soft Drinks,Beverages,40
2026-04-18,P007,Sweets,Confectionery,24
2026-04-18,P008,Snacks,Packaged Foods,39
2026-04-19,P001,Rice,Staples,50
2026-04-19,P002,Milk,Dairy,35
2026-04-19,P003,Biscuits,Packaged Foods,34
2026-04-19,P004,Cooking Oil,Cooking Essentials,20
2026-04-19,P005,Bread,Bakery,28
2026-04-19,P006,Soft Drinks,Beverages,37
2026-04-19,P007,Sweets,Confectionery,20
2026-04-19,P008,Snacks,Packaged Foods,40
2026-04-20,P001,Rice,Staples,50
2026-04-20,P002,Milk,Dairy,38
2026-04-20,P003,Biscuits,Packaged Foods,29
2026-04-20,P004,Cooking Oil,Cooking Essentials,18
2026-04-20,P005,Bread,Bakery,26
2026-04-20,P006,Soft Drinks,Beverages,23
2026-04-20,P007,Sweets,Confectionery,20
2026-04-20,P008,Snacks,Packaged Foods,31
2026-04-21,P001,Rice,Staples,52
2026-04-21,P002,Milk,Dairy,30
2026-04-21,P003,Biscuits,Packaged Foods,32
2026-04-21,P004,Cooking Oil,Cooking Essentials,20
2026-04-21,P005,Bread,Bakery,24
2026-04-21,P006,Soft Drinks,Beverages,25
2026-04-21,P007,Sweets,Confectionery,19
2026-04-21,P008,Snacks,Packaged Foods,34
2026-04-22,P001,Rice,Staples,51
2026-04-22,P002,Milk,Dairy,38
2026-04-22,P003,Biscuits,Packaged Foods,29
2026-04-22,P004,Cooking Oil,Cooking Essentials,18
2026-04-22,P005,Bread,Bakery,22
2026-04-22,P006,Soft Drinks,Beverages,31
2026-04-22,P007,Sweets,Confectionery,17
2026-04-22,P008,Snacks,Packaged Foods,36
2026-04-23,P001,Rice,Staples,47
2026-04-23,P002,Milk,Dairy,36
2026-04-23,P003,Biscuits,Packaged Foods,29
2026-04-23,P004,Cooking Oil,Cooking Essentials,21
2026-04-23,P005,Bread,Bakery,25
2026-04-23,P006,Soft Drinks,Beverages,27
2026-04-23,P007,Sweets,Confectionery,19
2026-04-23,P008,Snacks,Packaged Foods,32
2026-04-24,P001,Rice,Staples,42
2026-04-24,P002,Milk,Dairy,37
2026-04-24,P003,Biscuits,Packaged Foods,30
2026-04-24,P004,Cooking Oil,Cooking Essentials,21
2026-04-24,P005,Bread,Bakery,24
2026-04-24,P006,Soft Drinks,Beverages,25
2026-04-24,P007,Sweets,Confectionery,20
2026-04-24,P008,Snacks,Packaged Foods,36
2026-04-25,P001,Rice,Staples,53
2026-04-25,P002,Milk,Dairy,36
2026-04-25,P003,Biscuits,Packaged Foods,35
2026-04-25,P004,Cooking Oil,Cooking Essentials,24
2026-04-25,P005,Bread,Bakery,28
2026-04-25,P006,Soft Drinks,Beverages,35
2026-04-25,P007,Sweets,Confectionery,25
2026-04-25,P008,Snacks,Packaged Foods,40
2026-04-26,P001,Rice,Staples,56
2026-04-26,P002,Milk,Dairy,33
2026-04-26,P003,Biscuits,Packaged Foods,37
2026-04-26,P004,Cooking Oil,Cooking Essentials,25
2026-04-26,P005,Bread,Bakery,29
2026-04-26,P006,Soft Drinks,Beverages,36
2026-04-26,P007,Sweets,Confectionery,21
2026-04-26,P008,Snacks,Packaged Foods,43
2026-04-27,P001,Rice,Staples,42
2026-04-27,P002,Milk,Dairy,35
2026-04-27,P003,Biscuits,Packaged Foods,27
2026-04-27,P004,Cooking Oil,Cooking Essentials,22
2026-04-27,P005,Bread,Bakery,27
2026-04-27,P006,Soft Drinks,Beverages,28
2026-04-27,P007,Sweets,Confectionery,16
2026-04-27,P008,Snacks,Packaged Foods,36
2026-04-28,P001,Rice,Staples,44
2026-04-28,P002,Milk,Dairy,32
2026-04-28,P003,Biscuits,Packaged Foods,26
2026-04-28,P004,Cooking Oil,Cooking Essentials,19
2026-04-28,P005,Bread,Bakery,22
2026-04-28,P006,Soft Drinks,Beverages,27
2026-04-28,P007,Sweets,Confectionery,19
2026-04-28,P008,Snacks,Packaged Foods,31
2026-04-29,P001,Rice,Staples,46
2026-04-29,P002,Milk,Dairy,33
2026-04-29,P003,Biscuits,Packaged Foods,30
2026-04-29,P004,Cooking Oil,Cooking Essentials,23
2026-04-29,P005,Bread,Bakery,24
2026-04-29,P006,Soft Drinks,Beverages,29
2026-04-29,P007,Sweets,Confectionery,16
2026-04-29,P008,Snacks,Packaged Foods,36
2026-04-30,P001,Rice,Staples,43
2026-04-30,P002,Milk,Dairy,38
2026-04-30,P003,Biscuits,Packaged Foods,30
2026-04-30,P004,Cooking Oil,Cooking Essentials,21
2026-04-30,P005,Bread,Bakery,26
2026-04-30,P006,Soft Drinks,Beverages,27
2026-04-30,P007,Sweets,Confectionery,20
2026-04-30,P008,Snacks,Packaged Foods,30
2026-05-01,P001,Rice,Staples,48
2026-05-01,P002,Milk,Dairy,34
2026-05-01,P003,Biscuits,Packaged Foods,31
2026-05-01,P004,Cooking Oil,Cooking Essentials,19
2026-05-01,P005,Bread,Bakery,25
2026-05-01,P006,Soft Drinks,Beverages,26
2026-05-01,P007,Sweets,Confectionery,18
2026-05-01,P008,Snacks,Packaged Foods,32
2026-05-02,P001,Rice,Staples,48
2026-05-02,P002,Milk,Dairy,37
2026-05-02,P003,Biscuits,Packaged Foods,36
2026-05-02,P004,Cooking Oil,Cooking Essentials,21
2026-05-02,P005,Bread,Bakery,28
2026-05-02,P006,Soft Drinks,Beverages,34
2026-05-02,P007,Sweets,Confectionery,26
2026-05-02,P008,Snacks,Packaged Foods,43
2026-05-03,P001,Rice,Staples,50
2026-05-03,P002,Milk,Dairy,40
2026-05-03,P003,Biscuits,Packaged Foods,31
2026-05-03,P004,Cooking Oil,Cooking Essentials,18
2026-05-03,P005,Bread,Bakery,28
2026-05-03,P006,Soft Drinks,Beverages,33
2026-05-03,P007,Sweets,Confectionery,22
2026-05-03,P008,Snacks,Packaged Foods,41
2026-05-04,P001,Rice,Staples,48
2026-05-04,P002,Milk,Dairy,32
2026-05-04,P003,Biscuits,Packaged Foods,31
2026-05-04,P004,Cooking Oil,Cooking Essentials,20
2026-05-04,P005,Bread,Bakery,26
2026-05-04,P006,Soft Drinks,Beverages,27
2026-05-04,P007,Sweets,Confectionery,20
2026-05-04,P008,Snacks,Packaged Foods,32
2026-05-05,P001,Rice,Staples,51
2026-05-05,P002,Milk,Dairy,33
2026-05-05,P003,Biscuits,Packaged Foods,32
2026-05-05,P004,Cooking Oil,Cooking Essentials,20
2026-05-05,P005,Bread,Bakery,24
2026-05-05,P006,Soft Drinks,Beverages,29
2026-05-05,P007,Sweets,Confectionery,18
2026-05-05,P008,Snacks,Packaged Foods,25
2026-05-06,P001,Rice,Staples,34
2026-05-06,P002,Milk,Dairy,39
2026-05-06,P003,Biscuits,Packaged Foods,33
2026-05-06,P004,Cooking Oil,Cooking Essentials,23
2026-05-06,P005,Bread,Bakery,25
2026-05-06,P006,Soft Drinks,Beverages,25
2026-05-06,P007,Sweets,Confectionery,17
2026-05-06,P008,Snacks,Packaged Foods,32
2026-05-07,P001,Rice,Staples,41
2026-05-07,P002,Milk,Dairy,40
2026-05-07,P003,Biscuits,Packaged Foods,35
2026-05-07,P004,Cooking Oil,Cooking Essentials,21
2026-05-07,P005,Bread,Bakery,25
2026-05-07,P006,Soft Drinks,Beverages,25
2026-05-07,P007,Sweets,Confectionery,20
2026-05-07,P008,Snacks,Packaged Foods,32
2026-05-08,P001,Rice,Staples,44
2026-05-08,P002,Milk,Dairy,36
2026-05-08,P003,Biscuits,Packaged Foods,29
2026-05-08,P004,Cooking Oil,Cooking Essentials,20
2026-05-08,P005,Bread,Bakery,22
2026-05-08,P006,Soft Drinks,Beverages,30
2026-05-08,P007,Sweets,Confectionery,18
2026-05-08,P008,Snacks,Packaged Foods,35
2026-05-09,P001,Rice,Staples,49
2026-05-09,P002,Milk,Dairy,36
2026-05-09,P003,Biscuits,Packaged Foods,33
2026-05-09,P004,Cooking Oil,Cooking Essentials,23
2026-05-09,P005,Bread,Bakery,27
2026-05-09,P006,Soft Drinks,Beverages,35
2026-05-09,P007,Sweets,Confectionery,23
2026-05-09,P008,Snacks,Packaged Foods,40
2026-05-10,P001,Rice,Staples,43
2026-05-10,P002,Milk,Dairy,36
2026-05-10,P003,Biscuits,Packaged Foods,38
2026-05-10,P004,Cooking Oil,Cooking Essentials,21
2026-05-10,P005,Bread,Bakery,28
2026-05-10,P006,Soft Drinks,Beverages,37
2026-05-10,P007,Sweets,Confectionery,22
2026-05-10,P008,Snacks,Packaged Foods,37
2026-05-11,P001,Rice,Staples,45
2026-05-11,P002,Milk,Dairy,38
2026-05-11,P003,Biscuits,Packaged Foods,27
2026-05-11,P004,Cooking Oil,Cooking Essentials,19
2026-05-11,P005,Bread,Bakery,22
2026-05-11,P006,Soft Drinks,Beverages,30
2026-05-11,P007,Sweets,Confectionery,18
2026-05-11,P008,Snacks,Packaged Foods,30
2026-05-12,P001,Rice,Staples,45
2026-05-12,P002,Milk,Dairy,32
2026-05-12,P003,Biscuits,Packaged Foods,28
2026-05-12,P004,Cooking Oil,Cooking Essentials,18
2026-05-12,P005,Bread,Bakery,23
2026-05-12,P006,Soft Drinks,Beverages,31
2026-05-12,P007,Sweets,Confectionery,17
2026-05-12,P008,Snacks,Packaged Foods,33
2026-05-13,P001,Rice,Staples,42
2026-05-13,P002,Milk,Dairy,37
2026-05-13,P003,Biscuits,Packaged Foods,28
2026-05-13,P004,Cooking Oil,Cooking Essentials,20
2026-05-13,P005,Bread,Bakery,25
2026-05-13,P006,Soft Drinks,Beverages,33
2026-05-13,P007,Sweets,Confectionery,19
2026-05-13,P008,Snacks,Packaged Foods,30
2026-05-14,P001,Rice,Staples,47
2026-05-14,P002,Milk,Dairy,41
2026-05-14,P003,Biscuits,Packaged Foods,26
2026-05-14,P004,Cooking Oil,Cooking Essentials,19
2026-05-14,P005,Bread,Bakery,25
2026-05-14,P006,Soft Drinks,Beverages,27
2026-05-14,P007,Sweets,Confectionery,18
2026-05-14,P008,Snacks,Packaged Foods,29
2026-05-15,P001,Rice,Staples,50
2026-05-15,P002,Milk,Dairy,31
2026-05-15,P003,Biscuits,Packaged Foods,30
2026-05-15,P004,Cooking Oil,Cooking Essentials,22
2026-05-15,P005,Bread,Bakery,25
2026-05-15,P006,Soft Drinks,Beverages,26
2026-05-15,P007,Sweets,Confectionery,16
2026-05-15,P008,Snacks,Packaged Foods,31
2026-05-16,P001,Rice,Staples,47
2026-05-16,P002,Milk,Dairy,37
2026-05-16,P003,Biscuits,Packaged Foods,33
2026-05-16,P004,Cooking Oil,Cooking Essentials,23
2026-05-16,P005,Bread,Bakery,29
2026-05-16,P006,Soft Drinks,Beverages,37
2026-05-16,P007,Sweets,Confectionery,25
2026-05-16,P008,Snacks,Packaged Foods,39
2026-05-17,P001,Rice,Staples,47
2026-05-17,P002,Milk,Dairy,35
2026-05-17,P003,Biscuits,Packaged Foods,36
2026-05-17,P004,Cooking Oil,Cooking Essentials,21
2026-05-17,P005,Bread,Bakery,27
2026-05-17,P006,Soft Drinks,Beverages,32
2026-05-17,P007,Sweets,Confectionery,22
2026-05-17,P008,Snacks,Packaged Foods,41
2026-05-18,P001,Rice,Staples,45
2026-05-18,P002,Milk,Dairy,38
2026-05-18,P003,Biscuits,Packaged Foods,35
2026-05-18,P004,Cooking Oil,Cooking Essentials,21
2026-05-18,P005,Bread,Bakery,28
2026-05-18,P006,Soft Drinks,Beverages,30
2026-05-18,P007,Sweets,Confectionery,20
2026-05-18,P008,Snacks,Packaged Foods,37
2026-05-19,P001,Rice,Staples,48
2026-05-19,P002,Milk,Dairy,37
2026-05-19,P003,Biscuits,Packaged Foods,30
2026-05-19,P004,Cooking Oil,Cooking Essentials,20
2026-05-19,P005,Bread,Bakery,24
2026-05-19,P006,Soft Drinks,Beverages,29
2026-05-19,P007,Sweets,Confectionery,17
2026-05-19,P008,Snacks,Packaged Foods,32
2026-05-20,P001,Rice,Staples,37
2026-05-20,P002,Milk,Dairy,40
2026-05-20,P003,Biscuits,Packaged Foods,29
2026-05-20,P004,Cooking Oil,Cooking Essentials,21
2026-05-20,P005,Bread,Bakery,28
2026-05-20,P006,Soft Drinks,Beverages,29
2026-05-20,P007,Sweets,Confectionery,20
2026-05-20,P008,Snacks,Packaged Foods,29
2026-05-21,P001,Rice,Staples,54
2026-05-21,P002,Milk,Dairy,38
2026-05-21,P003,Biscuits,Packaged Foods,31
2026-05-21,P004,Cooking Oil,Cooking Essentials,22
2026-05-21,P005,Bread,Bakery,23
2026-05-21,P006,Soft Drinks,Beverages,27
2026-05-21,P007,Sweets,Confectionery,20
2026-05-21,P008,Snacks,Packaged Foods,27
2026-05-22,P001,Rice,Staples,47
2026-05-22,P002,Milk,Dairy,36
2026-05-22,P003,Biscuits,Packaged Foods,35
2026-05-22,P004,Cooking Oil,Cooking Essentials,17
2026-05-22,P005,Bread,Bakery,28
2026-05-22,P006,Soft Drinks,Beverages,27
2026-05-22,P007,Sweets,Confectionery,17
2026-05-22,P008,Snacks,Packaged Foods,29
2026-05-23,P001,Rice,Staples,46
2026-05-23,P002,Milk,Dairy,38
2026-05-23,P003,Biscuits,Packaged Foods,33
2026-05-23,P004,Cooking Oil,Cooking Essentials,23
2026-05-23,P005,Bread,Bakery,27
2026-05-23,P006,Soft Drinks,Beverages,34
2026-05-23,P007,Sweets,Confectionery,22
2026-05-23,P008,Snacks,Packaged Foods,41
2026-05-24,P001,Rice,Staples,49
2026-05-24,P002,Milk,Dairy,37
2026-05-24,P003,Biscuits,Packaged Foods,38
2026-05-24,P004,Cooking Oil,Cooking Essentials,23
2026-05-24,P005,Bread,Bakery,28
2026-05-24,P006,Soft Drinks,Beverages,34
2026-05-24,P007,Sweets,Confectionery,23
2026-05-24,P008,Snacks,Packaged Foods,41
2026-05-25,P001,Rice,Staples,40
2026-05-25,P002,Milk,Dairy,33
2026-05-25,P003,Biscuits,Packaged Foods,28
2026-05-25,P004,Cooking Oil,Cooking Essentials,20
2026-05-25,P005,Bread,Bakery,23
2026-05-25,P006,Soft Drinks,Beverages,30
2026-05-25,P007,Sweets,Confectionery,16
2026-05-25,P008,Snacks,Packaged Foods,28
2026-05-26,P001,Rice,Staples,44
2026-05-26,P002,Milk,Dairy,35
2026-05-26,P003,Biscuits,Packaged Foods,27
2026-05-26,P004,Cooking Oil,Cooking Essentials,19
2026-05-26,P005,Bread,Bakery,24
2026-05-26,P006,Soft Drinks,Beverages,27
2026-05-26,P007,Sweets,Confectionery,18
2026-05-26,P008,Snacks,Packaged Foods,30
2026-05-27,P001,Rice,Staples,50
2026-05-27,P002,Milk,Dairy,36
2026-05-27,P003,Biscuits,Packaged Foods,28
2026-05-27,P004,Cooking Oil,Cooking Essentials,20
2026-05-27,P005,Bread,Bakery,25
2026-05-27,P006,Soft Drinks,Beverages,31
2026-05-27,P007,Sweets,Confectionery,17
2026-05-27,P008,Snacks,Packaged Foods,34
2026-05-28,P001,Rice,Staples,45
2026-05-28,P002,Milk,Dairy,39
2026-05-28,P003,Biscuits,Packaged Foods,33
2026-05-28,P004,Cooking Oil,Cooking Essentials,20
2026-05-28,P005,Bread,Bakery,24
2026-05-28,P006,Soft Drinks,Beverages,29
2026-05-28,P007,Sweets,Confectionery,18
2026-05-28,P008,Snacks,Packaged Foods,36
2026-05-29,P001,Rice,Staples,45
2026-05-29,P002,Milk,Dairy,34
2026-05-29,P003,Biscuits,Packaged Foods,29
2026-05-29,P004,Cooking Oil,Cooking Essentials,18
2026-05-29,P005,Bread,Bakery,26
2026-05-29,P006,Soft Drinks,Beverages,26
2026-05-29,P007,Sweets,Confectionery,20
2026-05-29,P008,Snacks,Packaged Foods,29
2026-05-30,P001,Rice,Staples,50
2026-05-30,P002,Milk,Dairy,40
2026-05-30,P003,Biscuits,Packaged Foods,31
2026-05-30,P004,Cooking Oil,Cooking Essentials,25
2026-05-30,P005,Bread,Bakery,28
2026-05-30,P006,Soft Drinks,Beverages,37
2026-05-30,P007,Sweets,Confectionery,23
2026-05-30,P008,Snacks,Packaged Foods,42
2026-05-31,P001,Rice,Staples,50
2026-05-31,P002,Milk,Dairy,40
2026-05-31,P003,Biscuits,Packaged Foods,37
2026-05-31,P004,Cooking Oil,Cooking Essentials,24
2026-05-31,P005,Bread,Bakery,30
2026-05-31,P006,Soft Drinks,Beverages,41
2026-05-31,P007,Sweets,Confectionery,24
2026-05-31,P008,Snacks,Packaged Foods,35
2026-06-01,P001,Rice,Staples,54
2026-06-01,P002,Milk,Dairy,33
2026-06-01,P003,Biscuits,Packaged Foods,34
2026-06-01,P004,Cooking Oil,Cooking Essentials,20
2026-06-01,P005,Bread,Bakery,27
2026-06-01,P006,Soft Drinks,Beverages,26
2026-06-01,P007,Sweets,Confectionery,19
2026-06-01,P008,Snacks,Packaged Foods,31
2026-06-02,P001,Rice,Staples,51
2026-06-02,P002,Milk,Dairy,36
2026-06-02,P003,Biscuits,Packaged Foods,32
2026-06-02,P004,Cooking Oil,Cooking Essentials,17
2026-06-02,P005,Bread,Bakery,25
2026-06-02,P006,Soft Drinks,Beverages,29
2026-06-02,P007,Sweets,Confectionery,18
2026-06-02,P008,Snacks,Packaged Foods,34
2026-06-03,P001,Rice,Staples,44
2026-06-03,P002,Milk,Dairy,35
2026-06-03,P003,Biscuits,Packaged Foods,33
2026-06-03,P004,Cooking Oil,Cooking Essentials,16
2026-06-03,P005,Bread,Bakery,26
2026-06-03,P006,Soft Drinks,Beverages,27
2026-06-03,P007,Sweets,Confectionery,17
2026-06-03,P008,Snacks,Packaged Foods,33
2026-06-04,P001,Rice,Staples,49
2026-06-04,P002,Milk,Dairy,38
2026-06-04,P003,Biscuits,Packaged Foods,30
2026-06-04,P004,Cooking Oil,Cooking Essentials,21
2026-06-04,P005,Bread,Bakery,27
2026-06-04,P006,Soft Drinks,Beverages,28
2026-06-04,P007,Sweets,Confectionery,17
2026-06-04,P008,Snacks,Packaged Foods,30
2026-06-05,P001,Rice,Staples,48
2026-06-05,P002,Milk,Dairy,35
2026-06-05,P003,Biscuits,Packaged Foods,27
2026-06-05,P004,Cooking Oil,Cooking Essentials,17
2026-06-05,P005,Bread,Bakery,27
2026-06-05,P006,Soft Drinks,Beverages,27
2026-06-05,P007,Sweets,Confectionery,18
2026-06-05,P008,Snacks,Packaged Foods,35
2026-06-06,P001,Rice,Staples,45
2026-06-06,P002,Milk,Dairy,37
2026-06-06,P003,Biscuits,Packaged Foods,36
2026-06-06,P004,Cooking Oil,Cooking Essentials,22
2026-06-06,P005,Bread,Bakery,31
2026-06-06,P006,Soft Drinks,Beverages,33
2026-06-06,P007,Sweets,Confectionery,23
2026-06-06,P008,Snacks,Packaged Foods,43
2026-06-07,P001,Rice,Staples,49
2026-06-07,P002,Milk,Dairy,36
2026-06-07,P003,Biscuits,Packaged Foods,37
2026-06-07,P004,Cooking Oil,Cooking Essentials,22
2026-06-07,P005,Bread,Bakery,30
2026-06-07,P006,Soft Drinks,Beverages,38
2026-06-07,P007,Sweets,Confectionery,21
2026-06-07,P008,Snacks,Packaged Foods,43
2026-06-08,P001,Rice,Staples,49
2026-06-08,P002,Milk,Dairy,36
2026-06-08,P003,Biscuits,Packaged Foods,26
2026-06-08,P004,Cooking Oil,Cooking Essentials,20
2026-06-08,P005,Bread,Bakery,25
2026-06-08,P006,Soft Drinks,Beverages,25
2026-06-08,P007,Sweets,Confectionery,17
2026-06-08,P008,Snacks,Packaged Foods,28
2026-06-09,P001,Rice,Staples,47
2026-06-09,P002,Milk,Dairy,35
2026-06-09,P003,Biscuits,Packaged Foods,26
2026-06-09,P004,Cooking Oil,Cooking Essentials,21
2026-06-09,P005,Bread,Bakery,25
2026-06-09,P006,Soft Drinks,Beverages,29
2026-06-09,P007,Sweets,Confectionery,17
2026-06-09,P008,Snacks,Packaged Foods,30
2026-06-10,P001,Rice,Staples,42
2026-06-10,P002,Milk,Dairy,33
2026-06-10,P003,Biscuits,Packaged Foods,30
2026-06-10,P004,Cooking Oil,Cooking Essentials,20
2026-06-10,P005,Bread,Bakery,25
2026-06-10,P006,Soft Drinks,Beverages,27
2026-06-10,P007,Sweets,Confectionery,17
2026-06-10,P008,Snacks,Packaged Foods,38
2026-06-11,P001,Rice,Staples,42
2026-06-11,P002,Milk,Dairy,33
2026-06-11,P003,Biscuits,Packaged Foods,38
2026-06-11,P004,Cooking Oil,Cooking Essentials,21
2026-06-11,P005,Bread,Bakery,22
2026-06-11,P006,Soft Drinks,Beverages,30
2026-06-11,P007,Sweets,Confectionery,17
2026-06-11,P008,Snacks,Packaged Foods,34
2026-06-12,P001,Rice,Staples,44
2026-06-12,P002,Milk,Dairy,34
2026-06-12,P003,Biscuits,Packaged Foods,34
2026-06-12,P004,Cooking Oil,Cooking Essentials,21
2026-06-12,P005,Bread,Bakery,27
2026-06-12,P006,Soft Drinks,Beverages,29
2026-06-12,P007,Sweets,Confectionery,17
2026-06-12,P008,Snacks,Packaged Foods,34
2026-06-13,P001,Rice,Staples,54
2026-06-13,P002,Milk,Dairy,37
2026-06-13,P003,Biscuits,Packaged Foods,40
2026-06-13,P004,Cooking Oil,Cooking Essentials,23
2026-06-13,P005,Bread,Bakery,29
2026-06-13,P006,Soft Drinks,Beverages,37
2026-06-13,P007,Sweets,Confectionery,23
2026-06-13,P008,Snacks,Packaged Foods,37
2026-06-14,P001,Rice,Staples,49
2026-06-14,P002,Milk,Dairy,37
2026-06-14,P003,Biscuits,Packaged Foods,35
2026-06-14,P004,Cooking Oil,Cooking Essentials,22
2026-06-14,P005,Bread,Bakery,29
2026-06-14,P006,Soft Drinks,Beverages,38
2026-06-14,P007,Sweets,Confectionery,23
2026-06-14,P008,Snacks,Packaged Foods,40
2026-06-15,P001,Rice,Staples,40
2026-06-15,P002,Milk,Dairy,40
2026-06-15,P003,Biscuits,Packaged Foods,30
2026-06-15,P004,Cooking Oil,Cooking Essentials,20
2026-06-15,P005,Bread,Bakery,24
2026-06-15,P006,Soft Drinks,Beverages,27
2026-06-15,P007,Sweets,Confectionery,20
2026-06-15,P008,Snacks,Packaged Foods,36
2026-06-16,P001,Rice,Staples,47
2026-06-16,P002,Milk,Dairy,35
2026-06-16,P003,Biscuits,Packaged Foods,31
2026-06-16,P004,Cooking Oil,Cooking Essentials,20
2026-06-16,P005,Bread,Bakery,25
2026-06-16,P006,Soft Drinks,Beverages,29
2026-06-16,P007,Sweets,Confectionery,17
2026-06-16,P008,Snacks,Packaged Foods,33
2026-06-17,P001,Rice,Staples,46
2026-06-17,P002,Milk,Dairy,37
2026-06-17,P003,Biscuits,Packaged Foods,29
2026-06-17,P004,Cooking Oil,Cooking Essentials,21
2026-06-17,P005,Bread,Bakery,23
2026-06-17,P006,Soft Drinks,Beverages,27
2026-06-17,P007,Sweets,Confectionery,17
2026-06-17,P008,Snacks,Packaged Foods,29
2026-06-18,P001,Rice,Staples,49
2026-06-18,P002,Milk,Dairy,32
2026-06-18,P003,Biscuits,Packaged Foods,28
2026-06-18,P004,Cooking Oil,Cooking Essentials,22
2026-06-18,P005,Bread,Bakery,24
2026-06-18,P006,Soft Drinks,Beverages,28
2026-06-18,P007,Sweets,Confectionery,17
2026-06-18,P008,Snacks,Packaged Foods,34
2026-06-19,P001,Rice,Staples,48
2026-06-19,P002,Milk,Dairy,37
2026-06-19,P003,Biscuits,Packaged Foods,31
2026-06-19,P004,Cooking Oil,Cooking Essentials,20
2026-06-19,P005,Bread,Bakery,24
2026-06-19,P006,Soft Drinks,Beverages,26
2026-06-19,P007,Sweets,Confectionery,20
2026-06-19,P008,Snacks,Packaged Foods,34
2026-06-20,P001,Rice,Staples,47
2026-06-20,P002,Milk,Dairy,37
2026-06-20,P003,Biscuits,Packaged Foods,35
2026-06-20,P004,Cooking Oil,Cooking Essentials,20
2026-06-20,P005,Bread,Bakery,29
2026-06-20,P006,Soft Drinks,Beverages,35
2026-06-20,P007,Sweets,Confectionery,21
2026-06-20,P008,Snacks,Packaged Foods,36
2026-06-21,P001,Rice,Staples,44
2026-06-21,P002,Milk,Dairy,36
2026-06-21,P003,Biscuits,Packaged Foods,36
2026-06-21,P004,Cooking Oil,Cooking Essentials,20
2026-06-21,P005,Bread,Bakery,30
2026-06-21,P006,Soft Drinks,Beverages,36
2026-06-21,P007,Sweets,Confectionery,23
2026-06-21,P008,Snacks,Packaged Foods,40
2026-06-22,P001,Rice,Staples,42
2026-06-22,P002,Milk,Dairy,35
2026-06-22,P003,Biscuits,Packaged Foods,27
2026-06-22,P004,Cooking Oil,Cooking Essentials,21
2026-06-22,P005,Bread,Bakery,23
2026-06-22,P006,Soft Drinks,Beverages,30
2026-06-22,P007,Sweets,Confectionery,18
2026-06-22,P008,Snacks,Packaged Foods,35
2026-06-23,P001,Rice,Staples,41
2026-06-23,P002,Milk,Dairy,33
2026-06-23,P003,Biscuits,Packaged Foods,31
2026-06-23,P004,Cooking Oil,Cooking Essentials,22
2026-06-23,P005,Bread,Bakery,28
2026-06-23,P006,Soft Drinks,Beverages,28
2026-06-23,P007,Sweets,Confectionery,21
2026-06-23,P008,Snacks,Packaged Foods,31
2026-06-24,P001,Rice,Staples,49
2026-06-24,P002,Milk,Dairy,32
2026-06-24,P003,Biscuits,Packaged Foods,31
2026-06-24,P004,Cooking Oil,Cooking Essentials,16
2026-06-24,P005,Bread,Bakery,23
2026-06-24,P006,Soft Drinks,Beverages,29
2026-06-24,P007,Sweets,Confectionery,16
2026-06-24,P008,Snacks,Packaged Foods,33
2026-06-25,P001,Rice,Staples,48
2026-06-25,P002,Milk,Dairy,34
2026-06-25,P003,Biscuits,Packaged Foods,28
2026-06-25,P004,Cooking Oil,Cooking Essentials,19
2026-06-25,P005,Bread,Bakery,23
2026-06-25,P006,Soft Drinks,Beverages,28
2026-06-25,P007,Sweets,Confectionery,18
2026-06-25,P008,Snacks,Packaged Foods,31
2026-06-26,P001,Rice,Staples,51
2026-06-26,P002,Milk,Dairy,33
2026-06-26,P003,Biscuits,Packaged Foods,33
2026-06-26,P004,Cooking Oil,Cooking Essentials,18
2026-06-26,P005,Bread,Bakery,25
2026-06-26,P006,Soft Drinks,Beverages,31
2026-06-26,P007,Sweets,Confectionery,20
2026-06-26,P008,Snacks,Packaged Foods,31
2026-06-27,P001,Rice,Staples,51
2026-06-27,P002,Milk,Dairy,38
2026-06-27,P003,Biscuits,Packaged Foods,35
2026-06-27,P004,Cooking Oil,Cooking Essentials,23
2026-06-27,P005,Bread,Bakery,32
2026-06-27,P006,Soft Drinks,Beverages,37
2026-06-27,P007,Sweets,Confectionery,23
2026-06-27,P008,Snacks,Packaged Foods,42
2026-06-28,P001,Rice,Staples,44
2026-06-28,P002,Milk,Dairy,38
2026-06-28,P003,Biscuits,Packaged Foods,34
2026-06-28,P004,Cooking Oil,Cooking Essentials,21
2026-06-28,P005,Bread,Bakery,33
2026-06-28,P006,Soft Drinks,Beverages,36
2026-06-28,P007,Sweets,Confectionery,21
2026-06-28,P008,Snacks,Packaged Foods,43
2026-06-29,P001,Rice,Staples,42
2026-06-29,P002,Milk,Dairy,34
2026-06-29,P003,Biscuits,Packaged Foods,33
2026-06-29,P004,Cooking Oil,Cooking Essentials,20
2026-06-29,P005,Bread,Bakery,22
2026-06-29,P006,Soft Drinks,Beverages,29
2026-06-29,P007,Sweets,Confectionery,17
2026-06-29,P008,Snacks,Packaged Foods,36
2026-06-30,P001,Rice,Staples,43
2026-06-30,P002,Milk,Dairy,38
2026-06-30,P003,Biscuits,Packaged Foods,34
2026-06-30,P004,Cooking Oil,Cooking Essentials,19
2026-06-30,P005,Bread,Bakery,25
2026-06-30,P006,Soft Drinks,Beverages,29
2026-06-30,P007,Sweets,Confectionery,17
2026-06-30,P008,Snacks,Packaged Foods,33
2026-07-01,P001,Rice,Staples,44
2026-07-01,P002,Milk,Dairy,34
2026-07-01,P003,Biscuits,Packaged Foods,30
2026-07-01,P004,Cooking Oil,Cooking Essentials,20
2026-07-01,P005,Bread,Bakery,25
2026-07-01,P006,Soft Drinks,Beverages,27
2026-07-01,P007,Sweets,Confectionery,17
2026-07-01,P008,Snacks,Packaged Foods,32
2026-07-02,P001,Rice,Staples,45
2026-07-02,P002,Milk,Dairy,34
2026-07-02,P003,Biscuits,Packaged Foods,31
2026-07-02,P004,Cooking Oil,Cooking Essentials,17
2026-07-02,P005,Bread,Bakery,24
2026-07-02,P006,Soft Drinks,Beverages,27
2026-07-02,P007,Sweets,Confectionery,17
2026-07-02,P008,Snacks,Packaged Foods,36
2026-07-03,P001,Rice,Staples,45
2026-07-03,P002,Milk,Dairy,35
2026-07-03,P003,Biscuits,Packaged Foods,29
2026-07-03,P004,Cooking Oil,Cooking Essentials,20
2026-07-03,P005,Bread,Bakery,23
2026-07-03,P006,Soft Drinks,Beverages,28
2026-07-03,P007,Sweets,Confectionery,17
2026-07-03,P008,Snacks,Packaged Foods,31
2026-07-04,P001,Rice,Staples,40
2026-07-04,P002,Milk,Dairy,34
2026-07-04,P003,Biscuits,Packaged Foods,40
2026-07-04,P004,Cooking Oil,Cooking Essentials,23
2026-07-04,P005,Bread,Bakery,31
2026-07-04,P006,Soft Drinks,Beverages,40
2026-07-04,P007,Sweets,Confectionery,23
2026-07-04,P008,Snacks,Packaged Foods,39
2026-07-05,P001,Rice,Staples,46
2026-07-05,P002,Milk,Dairy,40
2026-07-05,P003,Biscuits,Packaged Foods,36
2026-07-05,P004,Cooking Oil,Cooking Essentials,26
2026-07-05,P005,Bread,Bakery,28
2026-07-05,P006,Soft Drinks,Beverages,41
2026-07-05,P007,Sweets,Confectionery,22
2026-07-05,P008,Snacks,Packaged Foods,43
2026-07-06,P001,Rice,Staples,51
2026-07-06,P002,Milk,Dairy,32
2026-07-06,P003,Biscuits,Packaged Foods,29
2026-07-06,P004,Cooking Oil,Cooking Essentials,18
2026-07-06,P005,Bread,Bakery,23
2026-07-06,P006,Soft Drinks,Beverages,29
2026-07-06,P007,Sweets,Confectionery,18
2026-07-06,P008,Snacks,Packaged Foods,32
2026-07-07,P001,Rice,Staples,47
2026-07-07,P002,Milk,Dairy,30
2026-07-07,P003,Biscuits,Packaged Foods,33
2026-07-07,P004,Cooking Oil,Cooking Essentials,19
2026-07-07,P005,Bread,Bakery,26
2026-07-07,P006,Soft Drinks,Beverages,29
2026-07-07,P007,Sweets,Confectionery,20
2026-07-07,P008,Snacks,Packaged Foods,32
2026-07-08,P001,Rice,Staples,37
2026-07-08,P002,Milk,Dairy,35
2026-07-08,P003,Biscuits,Packaged Foods,30
2026-07-08,P004,Cooking Oil,Cooking Essentials,18
2026-07-08,P005,Bread,Bakery,25
2026-07-08,P006,Soft Drinks,Beverages,27
2026-07-08,P007,Sweets,Confectionery,16
2026-07-08,P008,Snacks,Packaged Foods,34
2026-07-09,P001,Rice,Staples,43
2026-07-09,P002,Milk,Dairy,34
2026-07-09,P003,Biscuits,Packaged Foods,29
2026-07-09,P004,Cooking Oil,Cooking Essentials,22
2026-07-09,P005,Bread,Bakery,25
2026-07-09,P006,Soft Drinks,Beverages,28
2026-07-09,P007,Sweets,Confectionery,17
2026-07-09,P008,Snacks,Packaged Foods,33
2026-07-10,P001,Rice,Staples,50
2026-07-10,P002,Milk,Dairy,37
2026-07-10,P003,Biscuits,Packaged Foods,32
2026-07-10,P004,Cooking Oil,Cooking Essentials,21
2026-07-10,P005,Bread,Bakery,22
2026-07-10,P006,Soft Drinks,Beverages,26
2026-07-10,P007,Sweets,Confectionery,18
2026-07-10,P008,Snacks,Packaged Foods,30
2026-07-11,P001,Rice,Staples,46
2026-07-11,P002,Milk,Dairy,32
2026-07-11,P003,Biscuits,Packaged Foods,33
2026-07-11,P004,Cooking Oil,Cooking Essentials,21
2026-07-11,P005,Bread,Bakery,29
2026-07-11,P006,Soft Drinks,Beverages,35
2026-07-11,P007,Sweets,Confectionery,23
2026-07-11,P008,Snacks,Packaged Foods,39
2026-07-12,P001,Rice,Staples,53
2026-07-12,P002,Milk,Dairy,36
2026-07-12,P003,Biscuits,Packaged Foods,38
2026-07-12,P004,Cooking Oil,Cooking Essentials,22
2026-07-12,P005,Bread,Bakery,26
2026-07-12,P006,Soft Drinks,Beverages,36
2026-07-12,P007,Sweets,Confectionery,21
2026-07-12,P008,Snacks,Packaged Foods,40
2026-07-13,P001,Rice,Staples,42
2026-07-13,P002,Milk,Dairy,36
2026-07-13,P003,Biscuits,Packaged Foods,27
2026-07-13,P004,Cooking Oil,Cooking Essentials,20
2026-07-13,P005,Bread,Bakery,26
2026-07-13,P006,Soft Drinks,Beverages,30
2026-07-13,P007,Sweets,Confectionery,17
2026-07-13,P008,Snacks,Packaged Foods,32
2026-07-14,P001,Rice,Staples,46
2026-07-14,P002,Milk,Dairy,39
2026-07-14,P003,Biscuits,Packaged Foods,26
2026-07-14,P004,Cooking Oil,Cooking Essentials,19
2026-07-14,P005,Bread,Bakery,31
2026-07-14,P006,Soft Drinks,Beverages,27
2026-07-14,P007,Sweets,Confectionery,15
2026-07-14,P008,Snacks,Packaged Foods,31
2026-07-15,P001,Rice,Staples,35
2026-07-15,P002,Milk,Dairy,36
2026-07-15,P003,Biscuits,Packaged Foods,32
2026-07-15,P004,Cooking Oil,Cooking Essentials,19
2026-07-15,P005,Bread,Bakery,24
2026-07-15,P006,Soft Drinks,Beverages,30
2026-07-15,P007,Sweets,Confectionery,15
2026-07-15,P008,Snacks,Packaged Foods,29
2026-07-16,P001,Rice,Staples,44
2026-07-16,P002,Milk,Dairy,33
2026-07-16,P003,Biscuits,Packaged Foods,29
2026-07-16,P004,Cooking Oil,Cooking Essentials,18
2026-07-16,P005,Bread,Bakery,25
2026-07-16,P006,Soft Drinks,Beverages,28
2026-07-16,P007,Sweets,Confectionery,19
2026-07-16,P008,Snacks,Packaged Foods,33
2026-07-17,P001,Rice,Staples,46
2026-07-17,P002,Milk,Dairy,31
2026-07-17,P003,Biscuits,Packaged Foods,31
2026-07-17,P004,Cooking Oil,Cooking Essentials,19
2026-07-17,P005,Bread,Bakery,25
2026-07-17,P006,Soft Drinks,Beverages,30
2026-07-17,P007,Sweets,Confectionery,17
2026-07-17,P008,Snacks,Packaged Foods,35
2026-07-18,P001,Rice,Staples,55
2026-07-18,P002,Milk,Dairy,39
2026-07-18,P003,Biscuits,Packaged Foods,34
2026-07-18,P004,Cooking Oil,Cooking Essentials,18
2026-07-18,P005,Bread,Bakery,31
2026-07-18,P006,Soft Drinks,Beverages,37
2026-07-18,P007,Sweets,Confectionery,21
2026-07-18,P008,Snacks,Packaged Foods,43
2026-07-19,P001,Rice,Staples,46
2026-07-19,P002,Milk,Dairy,36
2026-07-19,P003,Biscuits,Packaged Foods,37
2026-07-19,P004,Cooking Oil,Cooking Essentials,20
2026-07-19,P005,Bread,Bakery,29
2026-07-19,P006,Soft Drinks,Beverages,39
2026-07-19,P007,Sweets,Confectionery,23
2026-07-19,P008,Snacks,Packaged Foods,43
2026-07-20,P001,Rice,Staples,49
2026-07-20,P002,Milk,Dairy,35
2026-07-20,P003,Biscuits,Packaged Foods,24
2026-07-20,P004,Cooking Oil,Cooking Essentials,18
2026-07-20,P005,Bread,Bakery,27
2026-07-20,P006,Soft Drinks,Beverages,25
2026-07-20,P007,Sweets,Confectionery,18
2026-07-20,P008,Snacks,Packaged Foods,33
2026-07-21,P001,Rice,Staples,50
2026-07-21,P002,Milk,Dairy,33
2026-07-21,P003,Biscuits,Packaged Foods,28
2026-07-21,P004,Cooking Oil,Cooking Essentials,20
2026-07-21,P005,Bread,Bakery,26
2026-07-21,P006,Soft Drinks,Beverages,28
2026-07-21,P007,Sweets,Confectionery,20
2026-07-21,P008,Snacks,Packaged Foods,30
2026-07-22,P001,Rice,Staples,45
2026-07-22,P002,Milk,Dairy,36
2026-07-22,P003,Biscuits,Packaged Foods,29
2026-07-22,P004,Cooking Oil,Cooking Essentials,21
2026-07-22,P005,Bread,Bakery,25
2026-07-22,P006,Soft Drinks,Beverages,30
2026-07-22,P007,Sweets,Confectionery,18
2026-07-22,P008,Snacks,Packaged Foods,33
2026-07-23,P001,Rice,Staples,43
2026-07-23,P002,Milk,Dairy,33
2026-07-23,P003,Biscuits,Packaged Foods,33
2026-07-23,P004,Cooking Oil,Cooking Essentials,21
2026-07-23,P005,Bread,Bakery,23
2026-07-23,P006,Soft Drinks,Beverages,28
2026-07-23,P007,Sweets,Confectionery,15
2026-07-23,P008,Snacks,Packaged Foods,31
2026-07-24,P001,Rice,Staples,48
2026-07-24,P002,Milk,Dairy,35
2026-07-24,P003,Biscuits,Packaged Foods,30
2026-07-24,P004,Cooking Oil,Cooking Essentials,15
2026-07-24,P005,Bread,Bakery,24
2026-07-24,P006,Soft Drinks,Beverages,29
2026-07-24,P007,Sweets,Confectionery,19
2026-07-24,P008,Snacks,Packaged Foods,34
2026-07-25,P001,Rice,Staples,49
2026-07-25,P002,Milk,Dairy,36
2026-07-25,P003,Biscuits,Packaged Foods,33
2026-07-25,P004,Cooking Oil,Cooking Essentials,21
2026-07-25,P005,Bread,Bakery,26
2026-07-25,P006,Soft Drinks,Beverages,32
2026-07-25,P007,Sweets,Confectionery,21
2026-07-25,P008,Snacks,Packaged Foods,44
2026-07-26,P001,Rice,Staples,49
2026-07-26,P002,Milk,Dairy,37
2026-07-26,P003,Biscuits,Packaged Foods,35
2026-07-26,P004,Cooking Oil,Cooking Essentials,19
2026-07-26,P005,Bread,Bakery,31
2026-07-26,P006,Soft Drinks,Beverages,32
2026-07-26,P007,Sweets,Confectionery,22
2026-07-26,P008,Snacks,Packaged Foods,40
2026-07-27,P001,Rice,Staples,46
2026-07-27,P002,Milk,Dairy,33
2026-07-27,P003,Biscuits,Packaged Foods,26
2026-07-27,P004,Cooking Oil,Cooking Essentials,19
2026-07-27,P005,Bread,Bakery,24
2026-07-27,P006,Soft Drinks,Beverages,26
2026-07-27,P007,Sweets,Confectionery,19
2026-07-27,P008,Snacks,Packaged Foods,29
2026-07-28,P001,Rice,Staples,46
2026-07-28,P002,Milk,Dairy,35
2026-07-28,P003,Biscuits,Packaged Foods,32
2026-07-28,P004,Cooking Oil,Cooking Essentials,20
2026-07-28,P005,Bread,Bakery,27
2026-07-28,P006,Soft Drinks,Beverages,28
2026-07-28,P007,Sweets,Confectionery,19
2026-07-28,P008,Snacks,Packaged Foods,28
2026-07-29,P001,Rice,Staples,36
2026-07-29,P002,Milk,Dairy,36
2026-07-29,P003,Biscuits,Packaged Foods,31
2026-07-29,P004,Cooking Oil,Cooking Essentials,21
2026-07-29,P005,Bread,Bakery,24
2026-07-29,P006,Soft Drinks,Beverages,31
2026-07-29,P007,Sweets,Confectionery,17
2026-07-29,P008,Snacks,Packaged Foods,33
2026-07-30,P001,Rice,Staples,47
2026-07-30,P002,Milk,Dairy,40
2026-07-30,P003,Biscuits,Packaged Foods,29
2026-07-30,P004,Cooking Oil,Cooking Essentials,19
2026-07-30,P005,Bread,Bakery,22
2026-07-30,P006,Soft Drinks,Beverages,31
2026-07-30,P007,Sweets,Confectionery,19
2026-07-30,P008,Snacks,Packaged Foods,33
2026-07-31,P001,Rice,Staples,56
2026-07-31,P002,Milk,Dairy,36
2026-07-31,P003,Biscuits,Packaged Foods,27
2026-07-31,P004,Cooking Oil,Cooking Essentials,20
2026-07-31,P005,Bread,Bakery,23
2026-07-31,P006,Soft Drinks,Beverages,27
2026-07-31,P007,Sweets,Confectionery,17
2026-07-31,P008,Snacks,Packaged Foods,30
2026-08-01,P001,Rice,Staples,44
2026-08-01,P002,Milk,Dairy,41
2026-08-01,P003,Biscuits,Packaged Foods,37
2026-08-01,P004,Cooking Oil,Cooking Essentials,21
2026-08-01,P005,Bread,Bakery,30
2026-08-01,P006,Soft Drinks,Beverages,37
2026-08-01,P007,Sweets,Confectionery,23
2026-08-01,P008,Snacks,Packaged Foods,42
2026-08-02,P001,Rice,Staples,50
2026-08-02,P002,Milk,Dairy,39
2026-08-02,P003,Biscuits,Packaged Foods,38
2026-08-02,P004,Cooking Oil,Cooking Essentials,22
2026-08-02,P005,Bread,Bakery,28
2026-08-02,P006,Soft Drinks,Beverages,40
2026-08-02,P007,Sweets,Confectionery,22
2026-08-02,P008,Snacks,Packaged Foods,41
2026-08-03,P001,Rice,Staples,46
2026-08-03,P002,Milk,Dairy,33
2026-08-03,P003,Biscuits,Packaged Foods,28
2026-08-03,P004,Cooking Oil,Cooking Essentials,19
2026-08-03,P005,Bread,Bakery,24
2026-08-03,P006,Soft Drinks,Beverages,25
2026-08-03,P007,Sweets,Confectionery,17
2026-08-03,P008,Snacks,Packaged Foods,33
2026-08-04,P001,Rice,Staples,50
2026-08-04,P002,Milk,Dairy,37
2026-08-04,P003,Biscuits,Packaged Foods,24
2026-08-04,P004,Cooking Oil,Cooking Essentials,21
2026-08-04,P005,Bread,Bakery,24
2026-08-04,P006,Soft Drinks,Beverages,29
2026-08-04,P007,Sweets,Confectionery,18
2026-08-04,P008,Snacks,Packaged Foods,32
2026-08-05,P001,Rice,Staples,45
2026-08-05,P002,Milk,Dairy,35
2026-08-05,P003,Biscuits,Packaged Foods,33
2026-08-05,P004,Cooking Oil,Cooking Essentials,20
2026-08-05,P005,Bread,Bakery,27
2026-08-05,P006,Soft Drinks,Beverages,30
2026-08-05,P007,Sweets,Confectionery,19
2026-08-05,P008,Snacks,Packaged Foods,27
2026-08-06,P001,Rice,Staples,49
2026-08-06,P002,Milk,Dairy,34
2026-08-06,P003,Biscuits,Packaged Foods,32
2026-08-06,P004,Cooking Oil,Cooking Essentials,18
2026-08-06,P005,Bread,Bakery,23
2026-08-06,P006,Soft Drinks,Beverages,32
2026-08-06,P007,Sweets,Confectionery,17
2026-08-06,P008,Snacks,Packaged Foods,35
2026-08-07,P001,Rice,Staples,45
2026-08-07,P002,Milk,Dairy,34
2026-08-07,P003,Biscuits,Packaged Foods,30
2026-08-07,P004,Cooking Oil,Cooking Essentials,18
2026-08-07,P005,Bread,Bakery,25
2026-08-07,P006,Soft Drinks,Beverages,26
2026-08-07,P007,Sweets,Confectionery,17
2026-08-07,P008,Snacks,Packaged Foods,34
2026-08-08,P001,Rice,Staples,50
2026-08-08,P002,Milk,Dairy,33
2026-08-08,P003,Biscuits,Packaged Foods,38
2026-08-08,P004,Cooking Oil,Cooking Essentials,22
2026-08-08,P005,Bread,Bakery,28
2026-08-08,P006,Soft Drinks,Beverages,38
2026-08-08,P007,Sweets,Confectionery,22
2026-08-08,P008,Snacks,Packaged Foods,37
2026-08-09,P001,Rice,Staples,56
2026-08-09,P002,Milk,Dairy,37
2026-08-09,P003,Biscuits,Packaged Foods,36
2026-08-09,P004,Cooking Oil,Cooking Essentials,21
2026-08-09,P005,Bread,Bakery,31
2026-08-09,P006,Soft Drinks,Beverages,35
2026-08-09,P007,Sweets,Confectionery,20
2026-08-09,P008,Snacks,Packaged Foods,38
2026-08-10,P001,Rice,Staples,50
2026-08-10,P002,Milk,Dairy,37
2026-08-10,P003,Biscuits,Packaged Foods,29
2026-08-10,P004,Cooking Oil,Cooking Essentials,22
2026-08-10,P005,Bread,Bakery,26
2026-08-10,P006,Soft Drinks,Beverages,27
2026-08-10,P007,Sweets,Confectionery,18
2026-08-10,P008,Snacks,Packaged Foods,33
2026-08-11,P001,Rice,Staples,42
2026-08-11,P002,Milk,Dairy,35
2026-08-11,P003,Biscuits,Packaged Foods,31
2026-08-11,P004,Cooking Oil,Cooking Essentials,17
2026-08-11,P005,Bread,Bakery,25
2026-08-11,P006,Soft Drinks,Beverages,27
2026-08-11,P007,Sweets,Confectionery,19
2026-08-11,P008,Snacks,Packaged Foods,27
2026-08-12,P001,Rice,Staples,44
2026-08-12,P002,Milk,Dairy,34
2026-08-12,P003,Biscuits,Packaged Foods,32
2026-08-12,P004,Cooking Oil,Cooking Essentials,20
2026-08-12,P005,Bread,Bakery,29
2026-08-12,P006,Soft Drinks,Beverages,29
2026-08-12,P007,Sweets,Confectionery,17
2026-08-12,P008,Snacks,Packaged Foods,33
2026-08-13,P001,Rice,Staples,44
2026-08-13,P002,Milk,Dairy,37
2026-08-13,P003,Biscuits,Packaged Foods,27
2026-08-13,P004,Cooking Oil,Cooking Essentials,19
2026-08-13,P005,Bread,Bakery,26
2026-08-13,P006,Soft Drinks,Beverages,31
2026-08-13,P007,Sweets,Confectionery,15
2026-08-13,P008,Snacks,Packaged Foods,36
2026-08-14,P001,Rice,Staples,44
2026-08-14,P002,Milk,Dairy,30
2026-08-14,P003,Biscuits,Packaged Foods,23
2026-08-14,P004,Cooking Oil,Cooking Essentials,18
2026-08-14,P005,Bread,Bakery,25
2026-08-14,P006,Soft Drinks,Beverages,28
2026-08-14,P007,Sweets,Confectionery,19
2026-08-14,P008,Snacks,Packaged Foods,31
2026-08-15,P001,Rice,Staples,55
2026-08-15,P002,Milk,Dairy,43
2026-08-15,P003,Biscuits,Packaged Foods,43
2026-08-15,P004,Cooking Oil,Cooking Essentials,26
2026-08-15,P005,Bread,Bakery,33
2026-08-15,P006,Soft Drinks,Beverages,46
2026-08-15,P007,Sweets,Confectionery,26
2026-08-15,P008,Snacks,Packaged Foods,46
2026-08-16,P001,Rice,Staples,48
2026-08-16,P002,Milk,Dairy,40
2026-08-16,P003,Biscuits,Packaged Foods,36
2026-08-16,P004,Cooking Oil,Cooking Essentials,20
2026-08-16,P005,Bread,Bakery,31
2026-08-16,P006,Soft Drinks,Beverages,41
2026-08-16,P007,Sweets,Confectionery,23
2026-08-16,P008,Snacks,Packaged Foods,43
2026-08-17,P001,Rice,Staples,49
2026-08-17,P002,Milk,Dairy,33
2026-08-17,P003,Biscuits,Packaged Foods,30
2026-08-17,P004,Cooking Oil,Cooking Essentials,18
2026-08-17,P005,Bread,Bakery,25
2026-08-17,P006,Soft Drinks,Beverages,27
2026-08-17,P007,Sweets,Confectionery,17
2026-08-17,P008,Snacks,Packaged Foods,30
2026-08-18,P001,Rice,Staples,44
2026-08-18,P002,Milk,Dairy,36
2026-08-18,P003,Biscuits,Packaged Foods,30
2026-08-18,P004,Cooking Oil,Cooking Essentials,17
2026-08-18,P005,Bread,Bakery,24
2026-08-18,P006,Soft Drinks,Beverages,25
2026-08-18,P007,Sweets,Confectionery,18
2026-08-18,P008,Snacks,Packaged Foods,33
2026-08-19,P001,Rice,Staples,46
2026-08-19,P002,Milk,Dairy,33
2026-08-19,P003,Biscuits,Packaged Foods,31
2026-08-19,P004,Cooking Oil,Cooking Essentials,19
2026-08-19,P005,Bread,Bakery,23
2026-08-19,P006,Soft Drinks,Beverages,30
2026-08-19,P007,Sweets,Confectionery,19
2026-08-19,P008,Snacks,Packaged Foods,34
2026-08-20,P001,Rice,Staples,43
2026-08-20,P002,Milk,Dairy,38
2026-08-20,P003,Biscuits,Packaged Foods,29
2026-08-20,P004,Cooking Oil,Cooking Essentials,21
2026-08-20,P005,Bread,Bakery,24
2026-08-20,P006,Soft Drinks,Beverages,27
2026-08-20,P007,Sweets,Confectionery,15
2026-08-20,P008,Snacks,Packaged Foods,31
2026-08-21,P001,Rice,Staples,45
2026-08-21,P002,Milk,Dairy,34
2026-08-21,P003,Biscuits,Packaged Foods,34
2026-08-21,P004,Cooking Oil,Cooking Essentials,18
2026-08-21,P005,Bread,Bakery,24
2026-08-21,P006,Soft Drinks,Beverages,26
2026-08-21,P007,Sweets,Confectionery,17
2026-08-21,P008,Snacks,Packaged Foods,35
2026-08-22,P001,Rice,Staples,55
2026-08-22,P002,Milk,Dairy,35
2026-08-22,P003,Biscuits,Packaged Foods,34
2026-08-22,P004,Cooking Oil,Cooking Essentials,20
2026-08-22,P005,Bread,Bakery,31
2026-08-22,P006,Soft Drinks,Beverages,39
2026-08-22,P007,Sweets,Confectionery,22
2026-08-22,P008,Snacks,Packaged Foods,36
2026-08-23,P001,Rice,Staples,45
2026-08-23,P002,Milk,Dairy,37
2026-08-23,P003,Biscuits,Packaged Foods,37
2026-08-23,P004,Cooking Oil,Cooking Essentials,18
2026-08-23,P005,Bread,Bakery,28
2026-08-23,P006,Soft Drinks,Beverages,40
2026-08-23,P007,Sweets,Confectionery,22
2026-08-23,P008,Snacks,Packaged Foods,44
2026-08-24,P001,Rice,Staples,47
2026-08-24,P002,Milk,Dairy,32
2026-08-24,P003,Biscuits,Packaged Foods,29
2026-08-24,P004,Cooking Oil,Cooking Essentials,20
2026-08-24,P005,Bread,Bakery,23
2026-08-24,P006,Soft Drinks,Beverages,26
2026-08-24,P007,Sweets,Confectionery,20
2026-08-24,P008,Snacks,Packaged Foods,29
2026-08-25,P001,Rice,Staples,49
2026-08-25,P002,Milk,Dairy,34
2026-08-25,P003,Biscuits,Packaged Foods,30
2026-08-25,P004,Cooking Oil,Cooking Essentials,21
2026-08-25,P005,Bread,Bakery,24
2026-08-25,P006,Soft Drinks,Beverages,29
2026-08-25,P007,Sweets,Confectionery,15
2026-08-25,P008,Snacks,Packaged Foods,33
2026-08-26,P001,Rice,Staples,36
2026-08-26,P002,Milk,Dairy,34
2026-08-26,P003,Biscuits,Packaged Foods,32
2026-08-26,P004,Cooking Oil,Cooking Essentials,21
2026-08-26,P005,Bread,Bakery,22
2026-08-26,P006,Soft Drinks,Beverages,25
2026-08-26,P007,Sweets,Confectionery,17
2026-08-26,P008,Snacks,Packaged Foods,32
2026-08-27,P001,Rice,Staples,38
2026-08-27,P002,Milk,Dairy,35
2026-08-27,P003,Biscuits,Packaged Foods,31
2026-08-27,P004,Cooking Oil,Cooking Essentials,20
2026-08-27,P005,Bread,Bakery,26
2026-08-27,P006,Soft Drinks,Beverages,29
2026-08-27,P007,Sweets,Confectionery,17
2026-08-27,P008,Snacks,Packaged Foods,27
2026-08-28,P001,Rice,Staples,45
2026-08-28,P002,Milk,Dairy,32
2026-08-28,P003,Biscuits,Packaged Foods,29
2026-08-28,P004,Cooking Oil,Cooking Essentials,21
2026-08-28,P005,Bread,Bakery,28
2026-08-28,P006,Soft Drinks,Beverages,28
2026-08-28,P007,Sweets,Confectionery,19
2026-08-28,P008,Snacks,Packaged Foods,28
2026-08-29,P001,Rice,Staples,50
2026-08-29,P002,Milk,Dairy,37
2026-08-29,P003,Biscuits,Packaged Foods,39
2026-08-29,P004,Cooking Oil,Cooking Essentials,21
2026-08-29,P005,Bread,Bakery,28
2026-08-29,P006,Soft Drinks,Beverages,39
2026-08-29,P007,Sweets,Confectionery,22
2026-08-29,P008,Snacks,Packaged Foods,37
2026-08-30,P001,Rice,Staples,59
2026-08-30,P002,Milk,Dairy,34
2026-08-30,P003,Biscuits,Packaged Foods,36
2026-08-30,P004,Cooking Oil,Cooking Essentials,22
2026-08-30,P005,Bread,Bakery,29
2026-08-30,P006,Soft Drinks,Beverages,36
2026-08-30,P007,Sweets,Confectionery,22
2026-08-30,P008,Snacks,Packaged Foods,39
2026-08-31,P001,Rice,Staples,41
2026-08-31,P002,Milk,Dairy,41
2026-08-31,P003,Biscuits,Packaged Foods,29
2026-08-31,P004,Cooking Oil,Cooking Essentials,21
2026-08-31,P005,Bread,Bakery,24
2026-08-31,P006,Soft Drinks,Beverages,27
2026-08-31,P007,Sweets,Confectionery,17
2026-08-31,P008,Snacks,Packaged Foods,28
2026-09-01,P001,Rice,Staples,44
2026-09-01,P002,Milk,Dairy,34
2026-09-01,P003,Biscuits,Packaged Foods,33
2026-09-01,P004,Cooking Oil,Cooking Essentials,18
2026-09-01,P005,Bread,Bakery,24
2026-09-01,P006,Soft Drinks,Beverages,26
2026-09-01,P007,Sweets,Confectionery,20
2026-09-01,P008,Snacks,Packaged Foods,30
2026-09-02,P001,Rice,Staples,47
2026-09-02,P002,Milk,Dairy,38
2026-09-02,P003,Biscuits,Packaged Foods,30
2026-09-02,P004,Cooking Oil,Cooking Essentials,18
2026-09-02,P005,Bread,Bakery,22
2026-09-02,P006,Soft Drinks,Beverages,30
2026-09-02,P007,Sweets,Confectionery,16
2026-09-02,P008,Snacks,Packaged Foods,33
2026-09-03,P001,Rice,Staples,45
2026-09-03,P002,Milk,Dairy,36
2026-09-03,P003,Biscuits,Packaged Foods,31
2026-09-03,P004,Cooking Oil,Cooking Essentials,19
2026-09-03,P005,Bread,Bakery,23
2026-09-03,P006,Soft Drinks,Beverages,30
2026-09-03,P007,Sweets,Confectionery,17
2026-09-03,P008,Snacks,Packaged Foods,25
2026-09-04,P001,Rice,Staples,47
2026-09-04,P002,Milk,Dairy,32
2026-09-04,P003,Biscuits,Packaged Foods,31
2026-09-04,P004,Cooking Oil,Cooking Essentials,22
2026-09-04,P005,Bread,Bakery,25
2026-09-04,P006,Soft Drinks,Beverages,30
2026-09-04,P007,Sweets,Confectionery,18
2026-09-04,P008,Snacks,Packaged Foods,36
2026-09-05,P001,Rice,Staples,46
2026-09-05,P002,Milk,Dairy,37
2026-09-05,P003,Biscuits,Packaged Foods,38
2026-09-05,P004,Cooking Oil,Cooking Essentials,21
2026-09-05,P005,Bread,Bakery,31
2026-09-05,P006,Soft Drinks,Beverages,35
2026-09-05,P007,Sweets,Confectionery,25
2026-09-05,P008,Snacks,Packaged Foods,45
2026-09-06,P001,Rice,Staples,51
2026-09-06,P002,Milk,Dairy,38
2026-09-06,P003,Biscuits,Packaged Foods,39
2026-09-06,P004,Cooking Oil,Cooking Essentials,20
2026-09-06,P005,Bread,Bakery,26
2026-09-06,P006,Soft Drinks,Beverages,39
2026-09-06,P007,Sweets,Confectionery,23
2026-09-06,P008,Snacks,Packaged Foods,39
2026-09-07,P001,Rice,Staples,45
2026-09-07,P002,Milk,Dairy,28
2026-09-07,P003,Biscuits,Packaged Foods,30
2026-09-07,P004,Cooking Oil,Cooking Essentials,19
2026-09-07,P005,Bread,Bakery,27
2026-09-07,P006,Soft Drinks,Beverages,30
2026-09-07,P007,Sweets,Confectionery,19
2026-09-07,P008,Snacks,Packaged Foods,33
2026-09-08,P001,Rice,Staples,40
2026-09-08,P002,Milk,Dairy,37
2026-09-08,P003,Biscuits,Packaged Foods,32
2026-09-08,P004,Cooking Oil,Cooking Essentials,22
2026-09-08,P005,Bread,Bakery,29
2026-09-08,P006,Soft Drinks,Beverages,24
2026-09-08,P007,Sweets,Confectionery,17
2026-09-08,P008,Snacks,Packaged Foods,30
2026-09-09,P001,Rice,Staples,46
2026-09-09,P002,Milk,Dairy,35
2026-09-09,P003,Biscuits,Packaged Foods,29
2026-09-09,P004,Cooking Oil,Cooking Essentials,22
2026-09-09,P005,Bread,Bakery,23
2026-09-09,P006,Soft Drinks,Beverages,26
2026-09-09,P007,Sweets,Confectionery,17
2026-09-09,P008,Snacks,Packaged Foods,31
2026-09-10,P001,Rice,Staples,41
2026-09-10,P002,Milk,Dairy,35
2026-09-10,P003,Biscuits,Packaged Foods,30
2026-09-10,P004,Cooking Oil,Cooking Essentials,19
2026-09-10,P005,Bread,Bakery,27
2026-09-10,P006,Soft Drinks,Beverages,28
2026-09-10,P007,Sweets,Confectionery,20
2026-09-10,P008,Snacks,Packaged Foods,32
2026-09-11,P001,Rice,Staples,45
2026-09-11,P002,Milk,Dairy,33
2026-09-11,P003,Biscuits,Packaged Foods,30
2026-09-11,P004,Cooking Oil,Cooking Essentials,21
2026-09-11,P005,Bread,Bakery,24
2026-09-11,P006,Soft Drinks,Beverages,29
2026-09-11,P007,Sweets,Confectionery,17
2026-09-11,P008,Snacks,Packaged Foods,34
2026-09-12,P001,Rice,Staples,47
2026-09-12,P002,Milk,Dairy,39
2026-09-12,P003,Biscuits,Packaged Foods,36
2026-09-12,P004,Cooking Oil,Cooking Essentials,24
2026-09-12,P005,Bread,Bakery,26
2026-09-12,P006,Soft Drinks,Beverages,33
2026-09-12,P007,Sweets,Confectionery,22
2026-09-12,P008,Snacks,Packaged Foods,36
2026-09-13,P001,Rice,Staples,45
2026-09-13,P002,Milk,Dairy,38
2026-09-13,P003,Biscuits,Packaged Foods,36
2026-09-13,P004,Cooking Oil,Cooking Essentials,21
2026-09-13,P005,Bread,Bakery,28
2026-09-13,P006,Soft Drinks,Beverages,35
2026-09-13,P007,Sweets,Confectionery,25
2026-09-13,P008,Snacks,Packaged Foods,38
2026-09-14,P001,Rice,Staples,40
2026-09-14,P002,Milk,Dairy,37
2026-09-14,P003,Biscuits,Packaged Foods,29
2026-09-14,P004,Cooking Oil,Cooking Essentials,23
2026-09-14,P005,Bread,Bakery,24
2026-09-14,P006,Soft Drinks,Beverages,30
2026-09-14,P007,Sweets,Confectionery,20
2026-09-14,P008,Snacks,Packaged Foods,31
2026-09-15,P001,Rice,Staples,42
2026-09-15,P002,Milk,Dairy,37
2026-09-15,P003,Biscuits,Packaged Foods,31
2026-09-15,P004,Cooking Oil,Cooking Essentials,18
2026-09-15,P005,Bread,Bakery,23
2026-09-15,P006,Soft Drinks,Beverages,22
2026-09-15,P007,Sweets,Confectionery,19
2026-09-15,P008,Snacks,Packaged Foods,31
2026-09-16,P001,Rice,Staples,44
2026-09-16,P002,Milk,Dairy,30
2026-09-16,P003,Biscuits,Packaged Foods,27
2026-09-16,P004,Cooking Oil,Cooking Essentials,19
2026-09-16,P005,Bread,Bakery,24
2026-09-16,P006,Soft Drinks,Beverages,28
2026-09-16,P007,Sweets,Confectionery,19
2026-09-16,P008,Snacks,Packaged Foods,38
2026-09-17,P001,Rice,Staples,45
2026-09-17,P002,Milk,Dairy,38
2026-09-17,P003,Biscuits,Packaged Foods,28
2026-09-17,P004,Cooking Oil,Cooking Essentials,17
2026-09-17,P005,Bread,Bakery,24
2026-09-17,P006,Soft Drinks,Beverages,24
2026-09-17,P007,Sweets,Confectionery,18
2026-09-17,P008,Snacks,Packaged Foods,30
2026-09-18,P001,Rice,Staples,38
2026-09-18,P002,Milk,Dairy,40
2026-09-18,P003,Biscuits,Packaged Foods,29
2026-09-18,P004,Cooking Oil,Cooking Essentials,17
2026-09-18,P005,Bread,Bakery,27
2026-09-18,P006,Soft Drinks,Beverages,26
2026-09-18,P007,Sweets,Confectionery,20
2026-09-18,P008,Snacks,Packaged Foods,30
2026-09-19,P001,Rice,Staples,48
2026-09-19,P002,Milk,Dairy,38
2026-09-19,P003,Biscuits,Packaged Foods,37
2026-09-19,P004,Cooking Oil,Cooking Essentials,23
2026-09-19,P005,Bread,Bakery,29
2026-09-19,P006,Soft Drinks,Beverages,38
2026-09-19,P007,Sweets,Confectionery,24
2026-09-19,P008,Snacks,Packaged Foods,41
2026-09-20,P001,Rice,Staples,49
2026-09-20,P002,Milk,Dairy,33
2026-09-20,P003,Biscuits,Packaged Foods,37
2026-09-20,P004,Cooking Oil,Cooking Essentials,22
2026-09-20,P005,Bread,Bakery,28
2026-09-20,P006,Soft Drinks,Beverages,39
2026-09-20,P007,Sweets,Confectionery,20
2026-09-20,P008,Snacks,Packaged Foods,44
2026-09-21,P001,Rice,Staples,45
2026-09-21,P002,Milk,Dairy,36
2026-09-21,P003,Biscuits,Packaged Foods,29
2026-09-21,P004,Cooking Oil,Cooking Essentials,17
2026-09-21,P005,Bread,Bakery,25
2026-09-21,P006,Soft Drinks,Beverages,29
2026-09-21,P007,Sweets,Confectionery,19
2026-09-21,P008,Snacks,Packaged Foods,31
2026-09-22,P001,Rice,Staples,37
2026-09-22,P002,Milk,Dairy,31
2026-09-22,P003,Biscuits,Packaged Foods,35
2026-09-22,P004,Cooking Oil,Cooking Essentials,18
2026-09-22,P005,Bread,Bakery,28
2026-09-22,P006,Soft Drinks,Beverages,26
2026-09-22,P007,Sweets,Confectionery,18
2026-09-22,P008,Snacks,Packaged Foods,34
2026-09-23,P001,Rice,Staples,42
2026-09-23,P002,Milk,Dairy,39
2026-09-23,P003,Biscuits,Packaged Foods,30
2026-09-23,P004,Cooking Oil,Cooking Essentials,21
2026-09-23,P005,Bread,Bakery,24
2026-09-23,P006,Soft Drinks,Beverages,29
2026-09-23,P007,Sweets,Confectionery,20
2026-09-23,P008,Snacks,Packaged Foods,32
2026-09-24,P001,Rice,Staples,51
2026-09-24,P002,Milk,Dairy,33
2026-09-24,P003,Biscuits,Packaged Foods,32
2026-09-24,P004,Cooking Oil,Cooking Essentials,21
2026-09-24,P005,Bread,Bakery,23
2026-09-24,P006,Soft Drinks,Beverages,28
2026-09-24,P007,Sweets,Confectionery,18
2026-09-24,P008,Snacks,Packaged Foods,30
2026-09-25,P001,Rice,Staples,46
2026-09-25,P002,Milk,Dairy,35
2026-09-25,P003,Biscuits,Packaged Foods,30
2026-09-25,P004,Cooking Oil,Cooking Essentials,20
2026-09-25,P005,Bread,Bakery,25
2026-09-25,P006,Soft Drinks,Beverages,27
2026-09-25,P007,Sweets,Confectionery,18
2026-09-25,P008,Snacks,Packaged Foods,30
2026-09-26,P001,Rice,Staples,59
2026-09-26,P002,Milk,Dairy,33
2026-09-26,P003,Biscuits,Packaged Foods,35
2026-09-26,P004,Cooking Oil,Cooking Essentials,21
2026-09-26,P005,Bread,Bakery,33
2026-09-26,P006,Soft Drinks,Beverages,33
2026-09-26,P007,Sweets,Confectionery,23
2026-09-26,P008,Snacks,Packaged Foods,41
2026-09-27,P001,Rice,Staples,51
2026-09-27,P002,Milk,Dairy,40
2026-09-27,P003,Biscuits,Packaged Foods,39
2026-09-27,P004,Cooking Oil,Cooking Essentials,21
2026-09-27,P005,Bread,Bakery,29
2026-09-27,P006,Soft Drinks,Beverages,32
2026-09-27,P007,Sweets,Confectionery,23
2026-09-27,P008,Snacks,Packaged Foods,38
2026-09-28,P001,Rice,Staples,44
2026-09-28,P002,Milk,Dairy,30
2026-09-28,P003,Biscuits,Packaged Foods,31
2026-09-28,P004,Cooking Oil,Cooking Essentials,17
2026-09-28,P005,Bread,Bakery,25
2026-09-28,P006,Soft Drinks,Beverages,25
2026-09-28,P007,Sweets,Confectionery,17
2026-09-28,P008,Snacks,Packaged Foods,35
2026-09-29,P001,Rice,Staples,47
2026-09-29,P002,Milk,Dairy,38
2026-09-29,P003,Biscuits,Packaged Foods,34
2026-09-29,P004,Cooking Oil,Cooking Essentials,19
2026-09-29,P005,Bread,Bakery,28
2026-09-29,P006,Soft Drinks,Beverages,25
2026-09-29,P007,Sweets,Confectionery,19
2026-09-29,P008,Snacks,Packaged Foods,31
2026-09-30,P001,Rice,Staples,42
2026-09-30,P002,Milk,Dairy,37
2026-09-30,P003,Biscuits,Packaged Foods,32
2026-09-30,P004,Cooking Oil,Cooking Essentials,21
2026-09-30,P005,Bread,Bakery,25
2026-09-30,P006,Soft Drinks,Beverages,28
2026-09-30,P007,Sweets,Confectionery,19
2026-09-30,P008,Snacks,Packaged Foods,33
2026-10-01,P001,Rice,Staples,47
2026-10-01,P002,Milk,Dairy,36
2026-10-01,P003,Biscuits,Packaged Foods,32
2026-10-01,P004,Cooking Oil,Cooking Essentials,17
2026-10-01,P005,Bread,Bakery,25
2026-10-01,P006,Soft Drinks,Beverages,25
2026-10-01,P007,Sweets,Confectionery,18
2026-10-01,P008,Snacks,Packaged Foods,36
2026-10-02,P001,Rice,Staples,43
2026-10-02,P002,Milk,Dairy,35
2026-10-02,P003,Biscuits,Packaged Foods,32
2026-10-02,P004,Cooking Oil,Cooking Essentials,17
2026-10-02,P005,Bread,Bakery,24
2026-10-02,P006,Soft Drinks,Beverages,29
2026-10-02,P007,Sweets,Confectionery,14
2026-10-02,P008,Snacks,Packaged Foods,29
2026-10-03,P001,Rice,Staples,53
2026-10-03,P002,Milk,Dairy,40
2026-10-03,P003,Biscuits,Packaged Foods,37
2026-10-03,P004,Cooking Oil,Cooking Essentials,23
2026-10-03,P005,Bread,Bakery,29
2026-10-03,P006,Soft Drinks,Beverages,38
2026-10-03,P007,Sweets,Confectionery,22
2026-10-03,P008,Snacks,Packaged Foods,40
2026-10-04,P001,Rice,Staples,47
2026-10-04,P002,Milk,Dairy,40
2026-10-04,P003,Biscuits,Packaged Foods,40
2026-10-04,P004,Cooking Oil,Cooking Essentials,24
2026-10-04,P005,Bread,Bakery,28
2026-10-04,P006,Soft Drinks,Beverages,34
2026-10-04,P007,Sweets,Confectionery,24
2026-10-04,P008,Snacks,Packaged Foods,41
2026-10-05,P001,Rice,Staples,46
2026-10-05,P002,Milk,Dairy,33
2026-10-05,P003,Biscuits,Packaged Foods,31
2026-10-05,P004,Cooking Oil,Cooking Essentials,18
2026-10-05,P005,Bread,Bakery,26
2026-10-05,P006,Soft Drinks,Beverages,31
2026-10-05,P007,Sweets,Confectionery,20
2026-10-05,P008,Snacks,Packaged Foods,34
2026-10-06,P001,Rice,Staples,40
2026-10-06,P002,Milk,Dairy,36
2026-10-06,P003,Biscuits,Packaged Foods,35
2026-10-06,P004,Cooking Oil,Cooking Essentials,19
2026-10-06,P005,Bread,Bakery,25
2026-10-06,P006,Soft Drinks,Beverages,31
2026-10-06,P007,Sweets,Confectionery,19
2026-10-06,P008,Snacks,Packaged Foods,38
2026-10-07,P001,Rice,Staples,42
2026-10-07,P002,Milk,Dairy,32
2026-10-07,P003,Biscuits,Packaged Foods,33
2026-10-07,P004,Cooking Oil,Cooking Essentials,18
2026-10-07,P005,Bread,Bakery,25
2026-10-07,P006,Soft Drinks,Beverages,28
2026-10-07,P007,Sweets,Confectionery,19
2026-10-07,P008,Snacks,Packaged Foods,34
2026-10-08,P001,Rice,Staples,47
2026-10-08,P002,Milk,Dairy,34
2026-10-08,P003,Biscuits,Packaged Foods,33
2026-10-08,P004,Cooking Oil,Cooking Essentials,26
2026-10-08,P005,Bread,Bakery,26
2026-10-08,P006,Soft Drinks,Beverages,28
2026-10-08,P007,Sweets,Confectionery,16
2026-10-08,P008,Snacks,Packaged Foods,30
2026-10-09,P001,Rice,Staples,44
2026-10-09,P002,Milk,Dairy,34
2026-10-09,P003,Biscuits,Packaged Foods,30
2026-10-09,P004,Cooking Oil,Cooking Essentials,23
2026-10-09,P005,Bread,Bakery,27
2026-10-09,P006,Soft Drinks,Beverages,28
2026-10-09,P007,Sweets,Confectionery,16
2026-10-09,P008,Snacks,Packaged Foods,35
2026-10-10,P001,Rice,Staples,49
2026-10-10,P002,Milk,Dairy,32
2026-10-10,P003,Biscuits,Packaged Foods,38
2026-10-10,P004,Cooking Oil,Cooking Essentials,23
2026-10-10,P005,Bread,Bakery,24
2026-10-10,P006,Soft Drinks,Beverages,35
2026-10-10,P007,Sweets,Confectionery,22
2026-10-10,P008,Snacks,Packaged Foods,42
2026-10-11,P001,Rice,Staples,48
2026-10-11,P002,Milk,Dairy,34
2026-10-11,P003,Biscuits,Packaged Foods,38
2026-10-11,P004,Cooking Oil,Cooking Essentials,21
2026-10-11,P005,Bread,Bakery,30
2026-10-11,P006,Soft Drinks,Beverages,34
2026-10-11,P007,Sweets,Confectionery,21
2026-10-11,P008,Snacks,Packaged Foods,42
2026-10-12,P001,Rice,Staples,46
2026-10-12,P002,Milk,Dairy,38
2026-10-12,P003,Biscuits,Packaged Foods,29
2026-10-12,P004,Cooking Oil,Cooking Essentials,19
2026-10-12,P005,Bread,Bakery,28
2026-10-12,P006,Soft Drinks,Beverages,25
2026-10-12,P007,Sweets,Confectionery,20
2026-10-12,P008,Snacks,Packaged Foods,35
2026-10-13,P001,Rice,Staples,48
2026-10-13,P002,Milk,Dairy,33
2026-10-13,P003,Biscuits,Packaged Foods,28
2026-10-13,P004,Cooking Oil,Cooking Essentials,20
2026-10-13,P005,Bread,Bakery,22
2026-10-13,P006,Soft Drinks,Beverages,26
2026-10-13,P007,Sweets,Confectionery,19
2026-10-13,P008,Snacks,Packaged Foods,34
2026-10-14,P001,Rice,Staples,41
2026-10-14,P002,Milk,Dairy,37
2026-10-14,P003,Biscuits,Packaged Foods,31
2026-10-14,P004,Cooking Oil,Cooking Essentials,22
2026-10-14,P005,Bread,Bakery,26
2026-10-14,P006,Soft Drinks,Beverages,30
2026-10-14,P007,Sweets,Confectionery,19
2026-10-14,P008,Snacks,Packaged Foods,35
2026-10-15,P001,Rice,Staples,40
2026-10-15,P002,Milk,Dairy,35
2026-10-15,P003,Biscuits,Packaged Foods,30
2026-10-15,P004,Cooking Oil,Cooking Essentials,20
2026-10-15,P005,Bread,Bakery,26
2026-10-15,P006,Soft Drinks,Beverages,29
2026-10-15,P007,Sweets,Confectionery,19
2026-10-15,P008,Snacks,Packaged Foods,32
2026-10-16,P001,Rice,Staples,42
2026-10-16,P002,Milk,Dairy,38
2026-10-16,P003,Biscuits,Packaged Foods,31
2026-10-16,P004,Cooking Oil,Cooking Essentials,18
2026-10-16,P005,Bread,Bakery,25
2026-10-16,P006,Soft Drinks,Beverages,24
2026-10-16,P007,Sweets,Confectionery,18
2026-10-16,P008,Snacks,Packaged Foods,31
2026-10-17,P001,Rice,Staples,47
2026-10-17,P002,Milk,Dairy,41
2026-10-17,P003,Biscuits,Packaged Foods,33
2026-10-17,P004,Cooking Oil,Cooking Essentials,23
2026-10-17,P005,Bread,Bakery,33
2026-10-17,P006,Soft Drinks,Beverages,39
2026-10-17,P007,Sweets,Confectionery,22
2026-10-17,P008,Snacks,Packaged Foods,37
2026-10-18,P001,Rice,Staples,45
2026-10-18,P002,Milk,Dairy,36
2026-10-18,P003,Biscuits,Packaged Foods,34
2026-10-18,P004,Cooking Oil,Cooking Essentials,20
2026-10-18,P005,Bread,Bakery,28
2026-10-18,P006,Soft Drinks,Beverages,36
2026-10-18,P007,Sweets,Confectionery,23
2026-10-18,P008,Snacks,Packaged Foods,37
2026-10-19,P001,Rice,Staples,43
2026-10-19,P002,Milk,Dairy,35
2026-10-19,P003,Biscuits,Packaged Foods,30
2026-10-19,P004,Cooking Oil,Cooking Essentials,23
2026-10-19,P005,Bread,Bakery,25
2026-10-19,P006,Soft Drinks,Beverages,24
2026-10-19,P007,Sweets,Confectionery,19
2026-10-19,P008,Snacks,Packaged Foods,33
2026-10-20,P001,Rice,Staples,45
2026-10-20,P002,Milk,Dairy,32
2026-10-20,P003,Biscuits,Packaged Foods,34
2026-10-20,P004,Cooking Oil,Cooking Essentials,18
2026-10-20,P005,Bread,Bakery,26
2026-10-20,P006,Soft Drinks,Beverages,28
2026-10-20,P007,Sweets,Confectionery,19
2026-10-20,P008,Snacks,Packaged Foods,36
2026-10-21,P001,Rice,Staples,47
2026-10-21,P002,Milk,Dairy,33
2026-10-21,P003,Biscuits,Packaged Foods,33
2026-10-21,P004,Cooking Oil,Cooking Essentials,19
2026-10-21,P005,Bread,Bakery,25
2026-10-21,P006,Soft Drinks,Beverages,25
2026-10-21,P007,Sweets,Confectionery,17
2026-10-21,P008,Snacks,Packaged Foods,32
2026-10-22,P001,Rice,Staples,46
2026-10-22,P002,Milk,Dairy,30
2026-10-22,P003,Biscuits,Packaged Foods,31
2026-10-22,P004,Cooking Oil,Cooking Essentials,19
2026-10-22,P005,Bread,Bakery,28
2026-10-22,P006,Soft Drinks,Beverages,27
2026-10-22,P007,Sweets,Confectionery,16
2026-10-22,P008,Snacks,Packaged Foods,32
2026-10-23,P001,Rice,Staples,42
2026-10-23,P002,Milk,Dairy,39
2026-10-23,P003,Biscuits,Packaged Foods,30
2026-10-23,P004,Cooking Oil,Cooking Essentials,20
2026-10-23,P005,Bread,Bakery,26
2026-10-23,P006,Soft Drinks,Beverages,26
2026-10-23,P007,Sweets,Confectionery,16
2026-10-23,P008,Snacks,Packaged Foods,33
2026-10-24,P001,Rice,Staples,46
2026-10-24,P002,Milk,Dairy,34
2026-10-24,P003,Biscuits,Packaged Foods,38
2026-10-24,P004,Cooking Oil,Cooking Essentials,22
2026-10-24,P005,Bread,Bakery,26
2026-10-24,P006,Soft Drinks,Beverages,35
2026-10-24,P007,Sweets,Confectionery,21
2026-10-24,P008,Snacks,Packaged Foods,45
2026-10-25,P001,Rice,Staples,53
2026-10-25,P002,Milk,Dairy,36
2026-10-25,P003,Biscuits,Packaged Foods,37
2026-10-25,P004,Cooking Oil,Cooking Essentials,19
2026-10-25,P005,Bread,Bakery,27
2026-10-25,P006,Soft Drinks,Beverages,37
2026-10-25,P007,Sweets,Confectionery,23
2026-10-25,P008,Snacks,Packaged Foods,40
2026-10-26,P001,Rice,Staples,46
2026-10-26,P002,Milk,Dairy,35
2026-10-26,P003,Biscuits,Packaged Foods,30
2026-10-26,P004,Cooking Oil,Cooking Essentials,20
2026-10-26,P005,Bread,Bakery,24
2026-10-26,P006,Soft Drinks,Beverages,29
2026-10-26,P007,Sweets,Confectionery,19
2026-10-26,P008,Snacks,Packaged Foods,33
2026-10-27,P001,Rice,Staples,41
2026-10-27,P002,Milk,Dairy,32
2026-10-27,P003,Biscuits,Packaged Foods,31
2026-10-27,P004,Cooking Oil,Cooking Essentials,22
2026-10-27,P005,Bread,Bakery,25
2026-10-27,P006,Soft Drinks,Beverages,27
2026-10-27,P007,Sweets,Confectionery,18
2026-10-27,P008,Snacks,Packaged Foods,29
2026-10-28,P001,Rice,Staples,50
2026-10-28,P002,Milk,Dairy,36
2026-10-28,P003,Biscuits,Packaged Foods,28
2026-10-28,P004,Cooking Oil,Cooking Essentials,20
2026-10-28,P005,Bread,Bakery,24
2026-10-28,P006,Soft Drinks,Beverages,31
2026-10-28,P007,Sweets,Confectionery,18
2026-10-28,P008,Snacks,Packaged Foods,32
2026-10-29,P001,Rice,Staples,47
2026-10-29,P002,Milk,Dairy,33
2026-10-29,P003,Biscuits,Packaged Foods,30
2026-10-29,P004,Cooking Oil,Cooking Essentials,20
2026-10-29,P005,Bread,Bakery,22
2026-10-29,P006,Soft Drinks,Beverages,29
2026-10-29,P007,Sweets,Confectionery,18
2026-10-29,P008,Snacks,Packaged Foods,32
2026-10-30,P001,Rice,Staples,45
2026-10-30,P002,Milk,Dairy,36
2026-10-30,P003,Biscuits,Packaged Foods,33
2026-10-30,P004,Cooking Oil,Cooking Essentials,18
2026-10-30,P005,Bread,Bakery,24
2026-10-30,P006,Soft Drinks,Beverages,29
2026-10-30,P007,Sweets,Confectionery,19
2026-10-30,P008,Snacks,Packaged Foods,33
2026-10-31,P001,Rice,Staples,59
2026-10-31,P002,Milk,Dairy,38
2026-10-31,P003,Biscuits,Packaged Foods,39
2026-10-31,P004,Cooking Oil,Cooking Essentials,21
2026-10-31,P005,Bread,Bakery,27
2026-10-31,P006,Soft Drinks,Beverages,36
2026-10-31,P007,Sweets,Confectionery,24
2026-10-31,P008,Snacks,Packaged Foods,41
2026-11-01,P001,Rice,Staples,51
2026-11-01,P002,Milk,Dairy,36
2026-11-01,P003,Biscuits,Packaged Foods,35
2026-11-01,P004,Cooking Oil,Cooking Essentials,21
2026-11-01,P005,Bread,Bakery,30
2026-11-01,P006,Soft Drinks,Beverages,38
2026-11-01,P007,Sweets,Confectionery,21
2026-11-01,P008,Snacks,Packaged Foods,42
2026-11-02,P001,Rice,Staples,43
2026-11-02,P002,Milk,Dairy,36
2026-11-02,P003,Biscuits,Packaged Foods,30
2026-11-02,P004,Cooking Oil,Cooking Essentials,23
2026-11-02,P005,Bread,Bakery,24
2026-11-02,P006,Soft Drinks,Beverages,28
2026-11-02,P007,Sweets,Confectionery,19
2026-11-02,P008,Snacks,Packaged Foods,30
2026-11-03,P001,Rice,Staples,45
2026-11-03,P002,Milk,Dairy,34
2026-11-03,P003,Biscuits,Packaged Foods,29
2026-11-03,P004,Cooking Oil,Cooking Essentials,19
2026-11-03,P005,Bread,Bakery,27
2026-11-03,P006,Soft Drinks,Beverages,27
2026-11-03,P007,Sweets,Confectionery,19
2026-11-03,P008,Snacks,Packaged Foods,33
2026-11-04,P001,Rice,Staples,41
2026-11-04,P002,Milk,Dairy,37
2026-11-04,P003,Biscuits,Packaged Foods,27
2026-11-04,P004,Cooking Oil,Cooking Essentials,21
2026-11-04,P005,Bread,Bakery,24
2026-11-04,P006,Soft Drinks,Beverages,29
2026-11-04,P007,Sweets,Confectionery,17
2026-11-04,P008,Snacks,Packaged Foods,34
2026-11-05,P001,Rice,Staples,50
2026-11-05,P002,Milk,Dairy,34
2026-11-05,P003,Biscuits,Packaged Foods,30
2026-11-05,P004,Cooking Oil,Cooking Essentials,22
2026-11-05,P005,Bread,Bakery,27
2026-11-05,P006,Soft Drinks,Beverages,25
2026-11-05,P007,Sweets,Confectionery,23
2026-11-05,P008,Snacks,Packaged Foods,37
2026-11-06,P001,Rice,Staples,50
2026-11-06,P002,Milk,Dairy,37
2026-11-06,P003,Biscuits,Packaged Foods,27
2026-11-06,P004,Cooking Oil,Cooking Essentials,22
2026-11-06,P005,Bread,Bakery,25
2026-11-06,P006,Soft Drinks,Beverages,33
2026-11-06,P007,Sweets,Confectionery,20
2026-11-06,P008,Snacks,Packaged Foods,37
2026-11-07,P001,Rice,Staples,51
2026-11-07,P002,Milk,Dairy,42
2026-11-07,P003,Biscuits,Packaged Foods,36
2026-11-07,P004,Cooking Oil,Cooking Essentials,27
2026-11-07,P005,Bread,Bakery,36
2026-11-07,P006,Soft Drinks,Beverages,47
2026-11-07,P007,Sweets,Confectionery,29
2026-11-07,P008,Snacks,Packaged Foods,48
2026-11-08,P001,Rice,Staples,83
2026-11-08,P002,Milk,Dairy,59
2026-11-08,P003,Biscuits,Packaged Foods,54
2026-11-08,P004,Cooking Oil,Cooking Essentials,37
2026-11-08,P005,Bread,Bakery,48
2026-11-08,P006,Soft Drinks,Beverages,67
2026-11-08,P007,Sweets,Confectionery,56
2026-11-08,P008,Snacks,Packaged Foods,72
2026-11-09,P001,Rice,Staples,38
2026-11-09,P002,Milk,Dairy,38
2026-11-09,P003,Biscuits,Packaged Foods,26
2026-11-09,P004,Cooking Oil,Cooking Essentials,20
2026-11-09,P005,Bread,Bakery,23
2026-11-09,P006,Soft Drinks,Beverages,25
2026-11-09,P007,Sweets,Confectionery,18
2026-11-09,P008,Snacks,Packaged Foods,31
2026-11-10,P001,Rice,Staples,48
2026-11-10,P002,Milk,Dairy,31
2026-11-10,P003,Biscuits,Packaged Foods,28
2026-11-10,P004,Cooking Oil,Cooking Essentials,16
2026-11-10,P005,Bread,Bakery,21
2026-11-10,P006,Soft Drinks,Beverages,32
2026-11-10,P007,Sweets,Confectionery,21
2026-11-10,P008,Snacks,Packaged Foods,32
2026-11-11,P001,Rice,Staples,42
2026-11-11,P002,Milk,Dairy,34
2026-11-11,P003,Biscuits,Packaged Foods,32
2026-11-11,P004,Cooking Oil,Cooking Essentials,19
2026-11-11,P005,Bread,Bakery,25
2026-11-11,P006,Soft Drinks,Beverages,28
2026-11-11,P007,Sweets,Confectionery,17
2026-11-11,P008,Snacks,Packaged Foods,31
2026-11-12,P001,Rice,Staples,46
2026-11-12,P002,Milk,Dairy,32
2026-11-12,P003,Biscuits,Packaged Foods,31
2026-11-12,P004,Cooking Oil,Cooking Essentials,19
2026-11-12,P005,Bread,Bakery,25
2026-11-12,P006,Soft Drinks,Beverages,31
2026-11-12,P007,Sweets,Confectionery,18
2026-11-12,P008,Snacks,Packaged Foods,34
2026-11-13,P001,Rice,Staples,39
2026-11-13,P002,Milk,Dairy,34
2026-11-13,P003,Biscuits,Packaged Foods,30
2026-11-13,P004,Cooking Oil,Cooking Essentials,23
2026-11-13,P005,Bread,Bakery,21
2026-11-13,P006,Soft Drinks,Beverages,28
2026-11-13,P007,Sweets,Confectionery,20
2026-11-13,P008,Snacks,Packaged Foods,30
2026-11-14,P001,Rice,Staples,49
2026-11-14,P002,Milk,Dairy,38
2026-11-14,P003,Biscuits,Packaged Foods,36
2026-11-14,P004,Cooking Oil,Cooking Essentials,24
2026-11-14,P005,Bread,Bakery,30
2026-11-14,P006,Soft Drinks,Beverages,39
2026-11-14,P007,Sweets,Confectionery,22
2026-11-14,P008,Snacks,Packaged Foods,38
2026-11-15,P001,Rice,Staples,49
2026-11-15,P002,Milk,Dairy,34
2026-11-15,P003,Biscuits,Packaged Foods,37
2026-11-15,P004,Cooking Oil,Cooking Essentials,21
2026-11-15,P005,Bread,Bakery,27
2026-11-15,P006,Soft Drinks,Beverages,38
2026-11-15,P007,Sweets,Confectionery,21
2026-11-15,P008,Snacks,Packaged Foods,42
2026-11-16,P001,Rice,Staples,43
2026-11-16,P002,Milk,Dairy,38
2026-11-16,P003,Biscuits,Packaged Foods,29
2026-11-16,P004,Cooking Oil,Cooking Essentials,21
2026-11-16,P005,Bread,Bakery,25
2026-11-16,P006,Soft Drinks,Beverages,30
2026-11-16,P007,Sweets,Confectionery,18
2026-11-16,P008,Snacks,Packaged Foods,28
2026-11-17,P001,Rice,Staples,49
2026-11-17,P002,Milk,Dairy,35
2026-11-17,P003,Biscuits,Packaged Foods,32
2026-11-17,P004,Cooking Oil,Cooking Essentials,21
2026-11-17,P005,Bread,Bakery,23
2026-11-17,P006,Soft Drinks,Beverages,26
2026-11-17,P007,Sweets,Confectionery,19
2026-11-17,P008,Snacks,Packaged Foods,31
2026-11-18,P001,Rice,Staples,48
2026-11-18,P002,Milk,Dairy,35
2026-11-18,P003,Biscuits,Packaged Foods,32
2026-11-18,P004,Cooking Oil,Cooking Essentials,21
2026-11-18,P005,Bread,Bakery,26
2026-11-18,P006,Soft Drinks,Beverages,27
2026-11-18,P007,Sweets,Confectionery,18
2026-11-18,P008,Snacks,Packaged Foods,35
2026-11-19,P001,Rice,Staples,45
2026-11-19,P002,Milk,Dairy,36
2026-11-19,P003,Biscuits,Packaged Foods,30
2026-11-19,P004,Cooking Oil,Cooking Essentials,20
2026-11-19,P005,Bread,Bakery,28
2026-11-19,P006,Soft Drinks,Beverages,31
2026-11-19,P007,Sweets,Confectionery,18
2026-11-19,P008,Snacks,Packaged Foods,33
2026-11-20,P001,Rice,Staples,42
2026-11-20,P002,Milk,Dairy,35
2026-11-20,P003,Biscuits,Packaged Foods,31
2026-11-20,P004,Cooking Oil,Cooking Essentials,21
2026-11-20,P005,Bread,Bakery,26
2026-11-20,P006,Soft Drinks,Beverages,26
2026-11-20,P007,Sweets,Confectionery,19
2026-11-20,P008,Snacks,Packaged Foods,32
2026-11-21,P001,Rice,Staples,46
2026-11-21,P002,Milk,Dairy,40
2026-11-21,P003,Biscuits,Packaged Foods,40
2026-11-21,P004,Cooking Oil,Cooking Essentials,22
2026-11-21,P005,Bread,Bakery,30
2026-11-21,P006,Soft Drinks,Beverages,38
2026-11-21,P007,Sweets,Confectionery,25
2026-11-21,P008,Snacks,Packaged Foods,42
2026-11-22,P001,Rice,Staples,45
2026-11-22,P002,Milk,Dairy,42
2026-11-22,P003,Biscuits,Packaged Foods,39
2026-11-22,P004,Cooking Oil,Cooking Essentials,21
2026-11-22,P005,Bread,Bakery,27
2026-11-22,P006,Soft Drinks,Beverages,38
2026-11-22,P007,Sweets,Confectionery,22
2026-11-22,P008,Snacks,Packaged Foods,41
2026-11-23,P001,Rice,Staples,48
2026-11-23,P002,Milk,Dairy,33
2026-11-23,P003,Biscuits,Packaged Foods,27
2026-11-23,P004,Cooking Oil,Cooking Essentials,21
2026-11-23,P005,Bread,Bakery,24
2026-11-23,P006,Soft Drinks,Beverages,28
2026-11-23,P007,Sweets,Confectionery,16
2026-11-23,P008,Snacks,Packaged Foods,31
2026-11-24,P001,Rice,Staples,48
2026-11-24,P002,Milk,Dairy,37
2026-11-24,P003,Biscuits,Packaged Foods,28
2026-11-24,P004,Cooking Oil,Cooking Essentials,18
2026-11-24,P005,Bread,Bakery,25
2026-11-24,P006,Soft Drinks,Beverages,29
2026-11-24,P007,Sweets,Confectionery,19
2026-11-24,P008,Snacks,Packaged Foods,31
2026-11-25,P001,Rice,Staples,46
2026-11-25,P002,Milk,Dairy,39
2026-11-25,P003,Biscuits,Packaged Foods,30
2026-11-25,P004,Cooking Oil,Cooking Essentials,17
2026-11-25,P005,Bread,Bakery,25
2026-11-25,P006,Soft Drinks,Beverages,33
2026-11-25,P007,Sweets,Confectionery,16
2026-11-25,P008,Snacks,Packaged Foods,32
2026-11-26,P001,Rice,Staples,44
2026-11-26,P002,Milk,Dairy,35
2026-11-26,P003,Biscuits,Packaged Foods,30
2026-11-26,P004,Cooking Oil,Cooking Essentials,22
2026-11-26,P005,Bread,Bakery,25
2026-11-26,P006,Soft Drinks,Beverages,31
2026-11-26,P007,Sweets,Confectionery,18
2026-11-26,P008,Snacks,Packaged Foods,31
2026-11-27,P001,Rice,Staples,43
2026-11-27,P002,Milk,Dairy,30
2026-11-27,P003,Biscuits,Packaged Foods,31
2026-11-27,P004,Cooking Oil,Cooking Essentials,23
2026-11-27,P005,Bread,Bakery,26
2026-11-27,P006,Soft Drinks,Beverages,30
2026-11-27,P007,Sweets,Confectionery,17
2026-11-27,P008,Snacks,Packaged Foods,31
2026-11-28,P001,Rice,Staples,53
2026-11-28,P002,Milk,Dairy,42
2026-11-28,P003,Biscuits,Packaged Foods,40
2026-11-28,P004,Cooking Oil,Cooking Essentials,23
2026-11-28,P005,Bread,Bakery,29
2026-11-28,P006,Soft Drinks,Beverages,37
2026-11-28,P007,Sweets,Confectionery,21
2026-11-28,P008,Snacks,Packaged Foods,36
2026-11-29,P001,Rice,Staples,45
2026-11-29,P002,Milk,Dairy,37
2026-11-29,P003,Biscuits,Packaged Foods,35
2026-11-29,P004,Cooking Oil,Cooking Essentials,19
2026-11-29,P005,Bread,Bakery,29
2026-11-29,P006,Soft Drinks,Beverages,36
2026-11-29,P007,Sweets,Confectionery,21
2026-11-29,P008,Snacks,Packaged Foods,39
2026-11-30,P001,Rice,Staples,44
2026-11-30,P002,Milk,Dairy,33
2026-11-30,P003,Biscuits,Packaged Foods,32
2026-11-30,P004,Cooking Oil,Cooking Essentials,17
2026-11-30,P005,Bread,Bakery,21
2026-11-30,P006,Soft Drinks,Beverages,28
2026-11-30,P007,Sweets,Confectionery,18
2026-11-30,P008,Snacks,Packaged Foods,33
2026-12-01,P001,Rice,Staples,43
2026-12-01,P002,Milk,Dairy,32
2026-12-01,P003,Biscuits,Packaged Foods,30
2026-12-01,P004,Cooking Oil,Cooking Essentials,19
2026-12-01,P005,Bread,Bakery,28
2026-12-01,P006,Soft Drinks,Beverages,27
2026-12-01,P007,Sweets,Confectionery,18
2026-12-01,P008,Snacks,Packaged Foods,38
2026-12-02,P001,Rice,Staples,44
2026-12-02,P002,Milk,Dairy,37
2026-12-02,P003,Biscuits,Packaged Foods,32
2026-12-02,P004,Cooking Oil,Cooking Essentials,21
2026-12-02,P005,Bread,Bakery,26
2026-12-02,P006,Soft Drinks,Beverages,28
2026-12-02,P007,Sweets,Confectionery,18
2026-12-02,P008,Snacks,Packaged Foods,31
2026-12-03,P001,Rice,Staples,46
2026-12-03,P002,Milk,Dairy,41
2026-12-03,P003,Biscuits,Packaged Foods,33
2026-12-03,P004,Cooking Oil,Cooking Essentials,20
2026-12-03,P005,Bread,Bakery,27
2026-12-03,P006,Soft Drinks,Beverages,26
2026-12-03,P007,Sweets,Confectionery,18
2026-12-03,P008,Snacks,Packaged Foods,34
2026-12-04,P001,Rice,Staples,50
2026-12-04,P002,Milk,Dairy,33
2026-12-04,P003,Biscuits,Packaged Foods,29
2026-12-04,P004,Cooking Oil,Cooking Essentials,23
2026-12-04,P005,Bread,Bakery,25
2026-12-04,P006,Soft Drinks,Beverages,32
2026-12-04,P007,Sweets,Confectionery,18
2026-12-04,P008,Snacks,Packaged Foods,33
2026-12-05,P001,Rice,Staples,48
2026-12-05,P002,Milk,Dairy,39
2026-12-05,P003,Biscuits,Packaged Foods,39
2026-12-05,P004,Cooking Oil,Cooking Essentials,20
2026-12-05,P005,Bread,Bakery,28
2026-12-05,P006,Soft Drinks,Beverages,38
2026-12-05,P007,Sweets,Confectionery,22
2026-12-05,P008,Snacks,Packaged Foods,39
2026-12-06,P001,Rice,Staples,53
2026-12-06,P002,Milk,Dairy,40
2026-12-06,P003,Biscuits,Packaged Foods,35
2026-12-06,P004,Cooking Oil,Cooking Essentials,22
2026-12-06,P005,Bread,Bakery,26
2026-12-06,P006,Soft Drinks,Beverages,34
2026-12-06,P007,Sweets,Confectionery,23
2026-12-06,P008,Snacks,Packaged Foods,40
2026-12-07,P001,Rice,Staples,42
2026-12-07,P002,Milk,Dairy,33
2026-12-07,P003,Biscuits,Packaged Foods,27
2026-12-07,P004,Cooking Oil,Cooking Essentials,21
2026-12-07,P005,Bread,Bakery,21
2026-12-07,P006,Soft Drinks,Beverages,26
2026-12-07,P007,Sweets,Confectionery,15
2026-12-07,P008,Snacks,Packaged Foods,33
2026-12-08,P001,Rice,Staples,39
2026-12-08,P002,Milk,Dairy,35
2026-12-08,P003,Biscuits,Packaged Foods,34
2026-12-08,P004,Cooking Oil,Cooking Essentials,23
2026-12-08,P005,Bread,Bakery,21
2026-12-08,P006,Soft Drinks,Beverages,29
2026-12-08,P007,Sweets,Confectionery,17
2026-12-08,P008,Snacks,Packaged Foods,29
2026-12-09,P001,Rice,Staples,45
2026-12-09,P002,Milk,Dairy,38
2026-12-09,P003,Biscuits,Packaged Foods,31
2026-12-09,P004,Cooking Oil,Cooking Essentials,19
2026-12-09,P005,Bread,Bakery,26
2026-12-09,P006,Soft Drinks,Beverages,23
2026-12-09,P007,Sweets,Confectionery,17
2026-12-09,P008,Snacks,Packaged Foods,30
2026-12-10,P001,Rice,Staples,45
2026-12-10,P002,Milk,Dairy,34
2026-12-10,P003,Biscuits,Packaged Foods,30
2026-12-10,P004,Cooking Oil,Cooking Essentials,20
2026-12-10,P005,Bread,Bakery,25
2026-12-10,P006,Soft Drinks,Beverages,29
2026-12-10,P007,Sweets,Confectionery,18
2026-12-10,P008,Snacks,Packaged Foods,31
2026-12-11,P001,Rice,Staples,46
2026-12-11,P002,Milk,Dairy,37
2026-12-11,P003,Biscuits,Packaged Foods,29
2026-12-11,P004,Cooking Oil,Cooking Essentials,20
2026-12-11,P005,Bread,Bakery,27
2026-12-11,P006,Soft Drinks,Beverages,26
2026-12-11,P007,Sweets,Confectionery,21
2026-12-11,P008,Snacks,Packaged Foods,29
2026-12-12,P001,Rice,Staples,48
2026-12-12,P002,Milk,Dairy,34
2026-12-12,P003,Biscuits,Packaged Foods,41
2026-12-12,P004,Cooking Oil,Cooking Essentials,21
2026-12-12,P005,Bread,Bakery,28
2026-12-12,P006,Soft Drinks,Beverages,36
2026-12-12,P007,Sweets,Confectionery,23
2026-12-12,P008,Snacks,Packaged Foods,39
2026-12-13,P001,Rice,Staples,49
2026-12-13,P002,Milk,Dairy,27
2026-12-13,P003,Biscuits,Packaged Foods,36
2026-12-13,P004,Cooking Oil,Cooking Essentials,22
2026-12-13,P005,Bread,Bakery,31
2026-12-13,P006,Soft Drinks,Beverages,39
2026-12-13,P007,Sweets,Confectionery,22
2026-12-13,P008,Snacks,Packaged Foods,42
2026-12-14,P001,Rice,Staples,41
2026-12-14,P002,Milk,Dairy,37
2026-12-14,P003,Biscuits,Packaged Foods,29
2026-12-14,P004,Cooking Oil,Cooking Essentials,18
2026-12-14,P005,Bread,Bakery,25
2026-12-14,P006,Soft Drinks,Beverages,31
2026-12-14,P007,Sweets,Confectionery,18
2026-12-14,P008,Snacks,Packaged Foods,36
2026-12-15,P001,Rice,Staples,42
2026-12-15,P002,Milk,Dairy,38
2026-12-15,P003,Biscuits,Packaged Foods,28
2026-12-15,P004,Cooking Oil,Cooking Essentials,20
2026-12-15,P005,Bread,Bakery,25
2026-12-15,P006,Soft Drinks,Beverages,29
2026-12-15,P007,Sweets,Confectionery,18
2026-12-15,P008,Snacks,Packaged Foods,30
2026-12-16,P001,Rice,Staples,48
2026-12-16,P002,Milk,Dairy,40
2026-12-16,P003,Biscuits,Packaged Foods,29
2026-12-16,P004,Cooking Oil,Cooking Essentials,17
2026-12-16,P005,Bread,Bakery,26
2026-12-16,P006,Soft Drinks,Beverages,27
2026-12-16,P007,Sweets,Confectionery,18
2026-12-16,P008,Snacks,Packaged Foods,33
2026-12-17,P001,Rice,Staples,43
2026-12-17,P002,Milk,Dairy,34
2026-12-17,P003,Biscuits,Packaged Foods,30
2026-12-17,P004,Cooking Oil,Cooking Essentials,22
2026-12-17,P005,Bread,Bakery,25
2026-12-17,P006,Soft Drinks,Beverages,25
2026-12-17,P007,Sweets,Confectionery,16
2026-12-17,P008,Snacks,Packaged Foods,32
2026-12-18,P001,Rice,Staples,41
2026-12-18,P002,Milk,Dairy,31
2026-12-18,P003,Biscuits,Packaged Foods,32
2026-12-18,P004,Cooking Oil,Cooking Essentials,21
2026-12-18,P005,Bread,Bakery,24
2026-12-18,P006,Soft Drinks,Beverages,29
2026-12-18,P007,Sweets,Confectionery,18
2026-12-18,P008,Snacks,Packaged Foods,34
2026-12-19,P001,Rice,Staples,52
2026-12-19,P002,Milk,Dairy,29
2026-12-19,P003,Biscuits,Packaged Foods,35
2026-12-19,P004,Cooking Oil,Cooking Essentials,22
2026-12-19,P005,Bread,Bakery,28
2026-12-19,P006,Soft Drinks,Beverages,36
2026-12-19,P007,Sweets,Confectionery,24
2026-12-19,P008,Snacks,Packaged Foods,40
2026-12-20,P001,Rice,Staples,55
2026-12-20,P002,Milk,Dairy,40
2026-12-20,P003,Biscuits,Packaged Foods,36
2026-12-20,P004,Cooking Oil,Cooking Essentials,21
2026-12-20,P005,Bread,Bakery,23
2026-12-20,P006,Soft Drinks,Beverages,36
2026-12-20,P007,Sweets,Confectionery,21
2026-12-20,P008,Snacks,Packaged Foods,41
2026-12-21,P001,Rice,Staples,46
2026-12-21,P002,Milk,Dairy,38
2026-12-21,P003,Biscuits,Packaged Foods,34
2026-12-21,P004,Cooking Oil,Cooking Essentials,20
2026-12-21,P005,Bread,Bakery,30
2026-12-21,P006,Soft Drinks,Beverages,30
2026-12-21,P007,Sweets,Confectionery,17
2026-12-21,P008,Snacks,Packaged Foods,32
2026-12-22,P001,Rice,Staples,45
2026-12-22,P002,Milk,Dairy,38
2026-12-22,P003,Biscuits,Packaged Foods,29
2026-12-22,P004,Cooking Oil,Cooking Essentials,20
2026-12-22,P005,Bread,Bakery,26
2026-12-22,P006,Soft Drinks,Beverages,30
2026-12-22,P007,Sweets,Confectionery,21
2026-12-22,P008,Snacks,Packaged Foods,37
2026-12-23,P001,Rice,Staples,52
2026-12-23,P002,Milk,Dairy,36
2026-12-23,P003,Biscuits,Packaged Foods,35
2026-12-23,P004,Cooking Oil,Cooking Essentials,19
2026-12-23,P005,Bread,Bakery,24
2026-12-23,P006,Soft Drinks,Beverages,29
2026-12-23,P007,Sweets,Confectionery,21
2026-12-23,P008,Snacks,Packaged Foods,40
2026-12-24,P001,Rice,Staples,46
2026-12-24,P002,Milk,Dairy,36
2026-12-24,P003,Biscuits,Packaged Foods,32
2026-12-24,P004,Cooking Oil,Cooking Essentials,23
2026-12-24,P005,Bread,Bakery,26
2026-12-24,P006,Soft Drinks,Beverages,32
2026-12-24,P007,Sweets,Confectionery,20
2026-12-24,P008,Snacks,Packaged Foods,37
2026-12-25,P001,Rice,Staples,63
2026-12-25,P002,Milk,Dairy,46
2026-12-25,P003,Biscuits,Packaged Foods,37
2026-12-25,P004,Cooking Oil,Cooking Essentials,28
2026-12-25,P005,Bread,Bakery,31
2026-12-25,P006,Soft Drinks,Beverages,45
2026-12-25,P007,Sweets,Confectionery,29
2026-12-25,P008,Snacks,Packaged Foods,48
2026-12-26,P001,Rice,Staples,44
2026-12-26,P002,Milk,Dairy,43
2026-12-26,P003,Biscuits,Packaged Foods,37
2026-12-26,P004,Cooking Oil,Cooking Essentials,21
2026-12-26,P005,Bread,Bakery,31
2026-12-26,P006,Soft Drinks,Beverages,38
2026-12-26,P007,Sweets,Confectionery,24
2026-12-26,P008,Snacks,Packaged Foods,38
2026-12-27,P001,Rice,Staples,51
2026-12-27,P002,Milk,Dairy,33
2026-12-27,P003,Biscuits,Packaged Foods,38
2026-12-27,P004,Cooking Oil,Cooking Essentials,22
2026-12-27,P005,Bread,Bakery,29
2026-12-27,P006,Soft Drinks,Beverages,36
2026-12-27,P007,Sweets,Confectionery,22
2026-12-27,P008,Snacks,Packaged Foods,38
2026-12-28,P001,Rice,Staples,48
2026-12-28,P002,Milk,Dairy,39
2026-12-28,P003,Biscuits,Packaged Foods,29
2026-12-28,P004,Cooking Oil,Cooking Essentials,21
2026-12-28,P005,Bread,Bakery,26
2026-12-28,P006,Soft Drinks,Beverages,28
2026-12-28,P007,Sweets,Confectionery,16
2026-12-28,P008,Snacks,Packaged Foods,29
2026-12-29,P001,Rice,Staples,42
2026-12-29,P002,Milk,Dairy,29
2026-12-29,P003,Biscuits,Packaged Foods,33
2026-12-29,P004,Cooking Oil,Cooking Essentials,21
2026-12-29,P005,Bread,Bakery,25
2026-12-29,P006,Soft Drinks,Beverages,23
2026-12-29,P007,Sweets,Confectionery,15
2026-12-29,P008,Snacks,Packaged Foods,32
2026-12-30,P001,Rice,Staples,52
2026-12-30,P002,Milk,Dairy,33
2026-12-30,P003,Biscuits,Packaged Foods,32
2026-12-30,P004,Cooking Oil,Cooking Essentials,19
2026-12-30,P005,Bread,Bakery,25
2026-12-30,P006,Soft Drinks,Beverages,31
2026-12-30,P007,Sweets,Confectionery,18
2026-12-30,P008,Snacks,Packaged Foods,30
2026-12-31,P001,Rice,Staples,50
2026-12-31,P002,Milk,Dairy,35
2026-12-31,P003,Biscuits,Packaged Foods,33
2026-12-31,P004,Cooking Oil,Cooking Essentials,19
2026-12-31,P005,Bread,Bakery,28
2026-12-31,P006,Soft Drinks,Beverages,29
2026-12-31,P007,Sweets,Confectionery,19
2026-12-31,P008,Snacks,Packaged Foods,32
